accent,text,old_id,new_id,status,corr,recheck
uk,*hungry,ra-g8u24e1797,t96844fd2220246a0,same,1.0,
uk,*ill,ra-g8u23e1725,t8c58fb0d50da1258,same,1.0,
uk,*internet,ra-g8u19e1457,tff7ed20eaeb34d71,same,1.0,
uk,*lion,ra-g8u23e1727,ta9ed80ed9f172995,same,1.0,
uk,*mouse,ra-g8u24e1784,t6150d702fcd3d63b,same,1.0,
uk,*mouth,ra-g8u21e1665,te6a4cb0987900a30,same,1.0,
uk,*ms,ra-g8u23e1748,t8318b6f101c46c8d,MISMATCH,0.1884,0.084
uk,*nose,ra-g8u21e1664,tde197fecb21042ba,same,1.0,
uk,*november,ra-g8u21e1647,t9f26a58d8347505f,same,1.0,
uk,*pen,ra-g8u19e1472,t42a8e489933dd5ea,same,1.0,
uk,*sheep,ra-g8u20e1555,t1229f2516001dffa,same,1.0,
uk,*soup,ra-g8u24e1805,t439ca535d7a91d9a,same,1.0,
uk,*umbrella,ra-g8u21e1623,t50f65899332275b7,same,1.0,
uk,3-d,,td9d2f9985a562aee,old_missing,0.0,
uk,a,kb0001,t40f89e395b66422f,same,0.9974,
uk,a bit,n00001,t0a251fe813e21973,MISMATCH,0.1478,0.103
uk,a bottle of,wy-g8u10e1043,ta8247c3d93af3491,same,1.0,
uk,a box of,n00002,tcc044d71d1d0d45f,MISMATCH,0.0732,0.1024
uk,a box of crayons,g5u4e4084,t260ef103ab83d9ae,same,1.0,
uk,a dream of red mansions,n00003,t23d1635fffc3e2b2,MISMATCH,0.1641,0.0297
uk,a few,ra-g7u14e0184,tc364b010554653dd,same,0.9967,
uk,a good read,n00004,taea49a5b0ca850c6,same,1.0,
uk,a great deal,wy-g8u5e1975,t36e541248cca4a9e,same,1.0,
uk,a great number of,ra-g9u31e2098,t991df78470a0572f,same,1.0,
uk,a lot,ra-g7u7e0091,t9e67fe2ee69342d3,MISMATCH,0.8824,0.137
uk,a lot of,n00005,t7cb3358268cabbe5,MISMATCH,0.0331,0.093
uk,a lot of / lots of,n00006,t1750f3448987eee5,MISMATCH,0.1167,0.0595
uk,a number of,wy-g7u10e1646,t24517f2a8639dbef,same,1.0,
uk,a pair of scissors,g5u4e4082,td47bebf4760335a9,same,1.0,
uk,a piece of cake,wy-g8u6e2033,t49f73c1c1f41960f,same,1.0,
uk,a.d.,ra-g9u33e2247,t7f7333e4f14cf003,MISMATCH,0.1486,0.0928
uk,a.m.,kb0002,tc5fbfe7294b50d23,MISMATCH,0.8255,0.1136
uk,abc,g3u5e4929,td8bb14d833d59559,MISMATCH,0.076,0.0976
uk,ability,g9u1e0582,t7b2fe2c4bc33a583,same,0.9975,
uk,able,kb0003,tf5de616aebd5c31d,same,0.9989,
uk,about,g3u13e4084,t7d0f151729e424b7,same,1.0,
uk,above,kb0005,t3d903b966bed09ad,MISMATCH,0.1476,0.0983
uk,abroad,ox-g5u8e0474,t95edd542358f0f54,same,0.9114,
uk,absent,kb0006,t574c269caef4c1cd,same,0.9568,
uk,absent from,n00007,t78c4dc09e051de02,MISMATCH,0.1584,0.0735
uk,accent,ra-g9u28e1990,tb42eafc87879fad8,same,1.0,
uk,accept,g8u9e0546,t788d994a389856b8,same,0.9013,
uk,accident,wy-g8u7e0781,t06e76ab275ab92df,same,0.9868,
uk,accidental,n00008,t997d81b1e02b8281,MISMATCH,0.0763,0.0874
uk,according,n00009,t49d405afba1a5acf,MISMATCH,0.4665,0.1402
uk,according to,kb0007,tdf0588d8e6afaf28,MISMATCH,0.1239,0.0578
uk,accordion,n00010,tfd28359c321e7c71,MISMATCH,0.3868,0.1052
uk,account,kb0008,tedb8d29502e33c45,same,0.9909,
uk,ache,kb0009,te2cb541cbbc7406b,same,0.973,
uk,achieve,kb0010,tdce1d5dd7000d87a,same,0.9863,
uk,achievement,ox-g9u10e0934,t9e3869994794f918,MISMATCH,0.8752,0.0175
uk,across,kb0011,t677ce0a2cef96ee2,MISMATCH,0.6284,0.0718
uk,across from,n00011,t20042312d487bfa0,MISMATCH,0.1127,0.0779
uk,act,kb0012,te0d981355efba4ba,MISMATCH,0.8682,0.0596
uk,act out,n00012,t6316360138a95890,MISMATCH,0.1944,0.0719
uk,action,kb0013,t2ff47132df521d5a,MISMATCH,0.788,0.0622
uk,active,g6u10e0333,tcf4a65c2cca3cd62,same,0.9892,
uk,activity,ox-g7u11e0701,t383147afb344d22d,same,0.9653,
uk,actor,g8u6e0512,t04bda63702e8c424,same,0.9902,
uk,actress,kb0014,t3e2aded21f2280b8,same,0.971,
uk,actual,ra-g8u23e1751,tb8daf64a9e619d94,same,1.0,
uk,actually,kb0015,t222fe605d86af22d,same,0.9901,
uk,ad,kb0016,te683bbc28186cb9c,same,0.9584,
uk,adam,n00013,t1fb528f858210ffd,MISMATCH,0.0875,0.1745
uk,add,n00014,t3e2a0a887a17047d,MISMATCH,0.3312,0.0935
uk,add sth to sth,n00015,t8c55a071663b0175,MISMATCH,0.067,0.0688
uk,address,g9u3e0604,te2a5f953b067bb45,same,0.9797,
uk,admire,kb0017,t821f79605bd140a4,same,0.9468,
uk,adult,kb0018,tb8ffe365fd87fc74,MISMATCH,0.1837,0.0716
uk,advance,ra-g9u35e2295,td0262489621613de,same,1.0,
uk,advantage,kb0019,t19b72f7e8b0ece59,same,0.9971,
uk,adventure,ox-g9u1e0841,tc68f7defd4b56bbd,same,0.9176,
uk,advertisement,kb0020,t64e04316cb5071cb,MISMATCH,0.8566,0.1136
uk,advice,g8u10e0554,t7a36f9590c560328,MISMATCH,0.6407,0.0766
uk,advise,kb0021,tdf65f517fde8ff54,same,0.9068,
uk,aerospace,ra-g9u32e2172,tc49bb6d0f01d19c9,same,1.0,
uk,affect,ra-g8u15e0510,td98bdd68b5287dca,MISMATCH,0.8787,0.077
uk,afford,kb0022,tb5c7f111e619858d,same,0.9983,
uk,afraid,g6u6e0294,tab9dda23375ae352,same,0.9967,
uk,africa,n00016,t77d87db9e5b123d2,MISMATCH,0.125,0.1406
uk,african,n00017,t0dca9d32ca0cd186,MISMATCH,0.0939,0.2306
uk,after,kb0023,t24042d77010047f3,same,0.9986,
uk,after all,n00018,t50972b0fac2731c2,MISMATCH,0.0523,0.0687
uk,after you!,n00019,tccca404b31e7742e,MISMATCH,0.2718,0.1335
uk,afternoon,g3u2e3921,td5fa5028f8c25d5a,same,1.0,
uk,afternoon tea,wy-g3u10e0514,t35ba9856fbf32b54,same,1.0,
uk,afterschool,g3u9e4015,tafaae536842cc300,same,1.0,
uk,aftershock,ra-g8u21e1639,tdb607fb8d0ca4daf,same,1.0,
uk,again,g3u13e4085,t8e448ecbd62781c3,same,1.0,
uk,against,kb0025,t53d0b4241161fa8b,same,0.9882,
uk,against the law,wy-g7u4e1354,t8180081d193d7b32,same,1.0,
uk,age,g3u1e3904,tdbe7195fbcf8af7e,same,1.0,
uk,ago,g6u10e0331,tade2145ceac74915,same,0.9788,
uk,agree,kb0026,t01158c53d3b8976b,same,0.9267,
uk,agree with,n00020,tc264d6192a89d428,MISMATCH,0.1899,0.042
uk,agreement,n00021,t65a92bfb7d22dafe,MISMATCH,0.36,0.0395
uk,agricultural,ra-g9u30e2061,t23225392ee2ccd67,same,1.0,
uk,ah,n00022,tba0da74b41647ca2,MISMATCH,0.1498,0.1236
uk,aha,wy-g5u11e1091,t34b446d5d40e4b73,same,1.0,
uk,ahead,kb0027,t252931e4d9cb1a4f,same,0.9496,
uk,ahead of,n00023,t213ab4bb221991c4,MISMATCH,0.1786,0.0937
uk,ai,kb0028,t5f3f897c76800a23,MISMATCH,0.3303,0.1225
uk,aid,kb0029,tebb6537ce864d5bb,MISMATCH,0.7823,0.1931
uk,aim,ox-g9u12e0954,tb46b8500aa48ad19,same,0.9839,
uk,air,g3u13e4086,t4485b705aa997013,same,1.0,
uk,air conditioner,n00024,t4d5387dd49058f62,MISMATCH,0.178,0.0637
uk,airline,ox-g8u12e0832,t52ff9ebf67edc253,same,0.9793,
uk,airplane,ra-g9u27e1935,t6a0e82e07db57d5d,same,1.0,
uk,airport,ox-g5u2e0411,tdfb679aa02ab5976,same,0.9214,
uk,alarm,kb0030,t7043271417b9d38d,same,0.9796,
uk,alarm clock,n00025,t1048263d5914ddb1,MISMATCH,0.2922,0.0698
uk,album,wy-g9u9e0928,t73350440eea2eb52,same,0.9982,
uk,alexander garden,n00026,t3b7c9b800bfb667c,MISMATCH,0.088,0.0446
uk,alice,n00027,t4deaec0cce54da89,MISMATCH,0.2866,0.1356
uk,alice's adventures in wonderland,n00028,t941f5046f4063255,MISMATCH,0.0996,0.0808
uk,alien,n00029,t136cce50541be72e,MISMATCH,0.2167,0.0949
uk,alike,n00030,t1e17dad79164f184,MISMATCH,0.1615,0.1049
uk,alive,n00031,t78bc8eb49297edbe,MISMATCH,0.2167,0.0821
uk,all,kb0031,t4719f2ee485b365b,same,0.9923,
uk,all around,wy-g3u4e0334,td6f44312728d8259,same,1.0,
uk,all of a sudden,n00032,t3981b0dc9578b0d0,MISMATCH,0.0346,0.0811
uk,all over,n00033,t7896e4f30a96277f,MISMATCH,0.2468,0.065
uk,all right,g7u4e5323,tb35a9ff3ce403407,MISMATCH,0.1572,0.0985
uk,all smiles,n00034,t2a16ee82855b1fff,MISMATCH,0.1082,0.1238
uk,all work and no play makes jack a dull boy.,n00035,tf8d07dc2f4ffe7b6,same,1.0,
uk,all year round,wy-g4u4e0723,t5e420e78ce4f3bcb,same,1.0,
uk,all's well that ends well.,n00036,t56ddc85aa8b39f47,MISMATCH,0.079,0.081
uk,allen,n00037,t3fc8f6fbc81a68ec,MISMATCH,0.129,0.2035
uk,allergic,n00038,te82e6291de0b8201,MISMATCH,0.1197,0.0848
uk,allow,g9u7e0642,tee784cdaf3992ce0,same,0.9973,
uk,almost,kb0032,td6001158a61a2bfd,MISMATCH,0.8363,0.0826
uk,alone,wy-g9u4e0871,t0be9b284d92f7203,same,0.999,
uk,along,kb0033,tb12cbe5975722242,same,0.9986,
uk,along with,n00039,t69ff62b22a5ef87c,MISMATCH,0.037,0.055
uk,along with sb / sth,n00040,tb699878c7562031e,MISMATCH,0.0674,0.0605
uk,aloud,kb0034,t1858d98bc1dd8b22,MISMATCH,0.4003,0.0708
uk,already,kb0035,t9e6c52fbb8a08df3,same,0.999,
uk,also,kb0036,tda13024d69bd7a20,same,0.9765,
uk,although,kb0037,tececdebdc07d54c7,same,0.9991,
uk,always,kb0038,t7e119961d1e64a1c,same,0.9948,
uk,am,wy-g1u1e0005,t4e009b6edfa49c0a,MISMATCH,0.2844,0.0907
uk,am i supposed to wear jeans?,n00042,tcab289fd2484e834,same,1.0,
uk,amaze,wy-g9u1e2324,t8590a1c24bf4fcea,same,1.0,
uk,amazed,ra-g8u22e1706,t527d3cd4e54fb84f,same,1.0,
uk,amazing,ox-g7u6e0659,tb69b5e039f6a4271,same,0.9573,
uk,amber,wy-g8u11e2246,t4d3726efe1a84385,same,1.0,
uk,ambition,ox-g7u5e0649,t94dce437dce46b25,MISMATCH,0.8883,0.0709
uk,america,wy-g6u3e0528,t865237b14baf030f,same,0.9846,
uk,american,n00043,tc4dc9daa7808ffce,MISMATCH,0.1059,0.0578
uk,among,kb0039,td704c4d200a9d2bf,same,0.9861,
uk,amount,ra-g8u20e1590,t4d7dd47091a33e83,same,1.0,
uk,amusement,ra-g9u25e1845,tf949d6b1bce926c5,same,1.0,
uk,an,kb0040,t3ee35cc7a52a8ae2,same,0.9975,
uk,ancestor,ox-g9u9e0923,t9c1a66e98489ead2,MISMATCH,0.4713,0.0416
uk,ancient,ox-g9u9e0930,tc6e213fd0b20a12a,same,0.9887,
uk,and,wy-g1u6e0074,t2f5d587a55864323,same,1.0,
uk,and enjoy mooncakes.,n00044,t3cf0cb1e87c7d5e5,same,1.0,
uk,and we have to finish our project by monday.,n00045,t7d56834b23ef9780,same,1.0,
uk,angel,n00046,t001c98a9385133d2,MISMATCH,0.329,0.0434
uk,anger,n00047,ta5d0bc7a2cb42a26,MISMATCH,0.0528,0.0992
uk,angry,g6u6e0293,tf5a5b0da04596286,same,0.9793,
uk,animal,g3u13e4087,t5a7d578b3debc00c,same,1.0,
uk,animation,g16u5e6243,tf3eb51a4a309fc83,MISMATCH,0.1293,0.0375
uk,anna,n00048,td04474cc4b844a8c,MISMATCH,0.133,0.1162
uk,anne,n00049,t5910a4102293bda2,MISMATCH,0.4024,0.1424
uk,announce,n00050,t1c00887e2899f7ef,MISMATCH,0.3613,0.0751
uk,another,kb0041,t7f0ccfdaf44f4079,same,0.9842,
uk,answer,kb0042,tc32a7b38f9515682,same,0.9769,
uk,ant,kb0043,t76b7fd5c41281d8a,MISMATCH,0.3007,0.0872
uk,antarctica,n00051,t762f7fb2738095c6,MISMATCH,0.0558,0.0462
uk,any,kb0044,t9eab7e136447f8df,same,0.9396,
uk,anybody,g9u8e0656,t2d19d3d0fc9a9bda,same,0.9798,
uk,anymore,ra-g8u16e1300,t18e897e8d3fbd6f3,same,1.0,
uk,anyone,g8u1e0467,t3a9b823151fd41da,same,0.9813,
uk,anything,g8u1e0466,t0061511f4d1f05f4,same,0.9722,
uk,anytime,ra-g8u14e1122,td2773544ca739842,same,1.0,
uk,anyway,kb0045,tf831f4340e75903d,same,0.9786,
uk,anywhere,kb0046,tfc974780f9da24b1,same,0.9832,
uk,apartment,ox-g6u1e0510,t24042ecedbaff961,same,0.9615,
uk,apologize,n00052,tb883328f1ac569d3,same,1.0,
uk,app,kb0047,tcf78df9a35bd0126,same,0.9935,
uk,appear,kb0048,t04cd3ae9b7c61a61,same,0.9966,
uk,appearance,n00053,t2f768ff6d144f905,MISMATCH,0.2877,0.0757
uk,apple,ox-g1u8e0055,t960eb5a047f5aedf,same,1.0,
uk,appointment,ra-g9u29e2033,t921fccb5b9ba4367,same,1.0,
uk,april,g3u6e3978,t7d3a06078d183298,same,1.0,
uk,arab,ra-g9u32e2194,t9584a8d98ad56ea8,MISMATCH,0.0564,0.1648
uk,arabic,ra-g9u28e1979,tf6d57fb2f2257aa8,same,1.0,
uk,archaeologist,wy-g9u3e2398,t867a10c14ee1dbb4,same,1.0,
uk,are,wy-g1u9e0102,tc383a9a8a5b52f5e,same,1.0,
uk,are there any aliens?,n00054,t4981a3feb16409e8,same,1.0,
uk,are there any famous mountains in the nature park?,n00055,t2888c4679e90c681,same,1.0,
uk,are these all ours?,n00056,t3127737b6cb7593f,MISMATCH,0.1008,0.0466
uk,are you all right?,n00057,t802004f653407a15,MISMATCH,0.1092,0.0578
uk,are your shirts made of cotton?,n00058,t30949509446acbcb,same,1.0,
uk,area,wy-g8u2e0740,t850230d76719ce67,same,0.9744,
uk,argentina,n00059,t2f192810bfa0b0f8,MISMATCH,0.017,0.0598
uk,argue,wy-g9u4e0874,tc5e38620635d74d1,same,0.999,
uk,argue with sb,n00060,tc661f06b94f43fcc,MISMATCH,0.1496,0.0838
uk,argument,ra-g9u38e2381,t6b63ba30826d9ae9,same,1.0,
uk,arm,g3u2e3909,t00a688dbb65035a8,same,1.0,
uk,army,kb0049,t3cb5647919db7806,same,0.9839,
uk,around,kb0050,t374b6073088e21ca,same,0.9973,
uk,around the world in eighty days,n00061,t3206e6a49030d250,MISMATCH,0.099,0.0301
uk,arrival,ox-g8u12e0837,t8f23ba65992e946e,same,0.9812,
uk,arrive,kb0051,t57cfc508d6a3a135,same,0.9993,
uk,art,g3u7e3997,tb97d1af957de28e2,same,1.0,
uk,art gallery,g6u8e4317,t6e1f0d0cc295e131,same,1.0,
uk,art room,g4u7e0068,tc4dd420f6cf517ba,MISMATCH,0.0332,0.1256
uk,article,g8u6e0516,t03345bf399dc498f,same,0.9964,
uk,artist,g8u6e0513,t2ad756ab905615f5,MISMATCH,0.7954,0.0679
uk,artwork,n00062,t0ee70b0e8a007072,MISMATCH,0.2859,0.0999
uk,as,kb0052,t983c48dca5e42ebb,same,0.9877,
uk,as ... as ...,n00063,t806acae1d66aafa8,MISMATCH,0.0582,0.0786
uk,as a result,ra-g9u5e0711,tc2610e3b38b5bcf8,same,0.9815,
uk,as dead as a dodo,wy-g7u6e1466,t7cc4cee26ee2065b,same,1.0,
uk,as happy as a clam,wy-g7u6e1481,t369f7f399188d7c2,same,1.0,
uk,"as i was waiting in line with the other office workers, i heard a loud sound.",n00064,t396141960ae6acfe,same,1.0,
uk,as is known to all,ra-g9u35e2296,tf93bfc0980309d51,same,1.0,
uk,as long as,n00065,tdeb171ed294a4047,MISMATCH,0.0419,0.0545
uk,as soon as,n00066,t893cdee3e74b8a66,MISMATCH,0.0765,0.0457
uk,as well,n00067,t40494a4e1fba730c,MISMATCH,0.1487,0.082
uk,ash,wy-g8u6e2072,ta022a22c1a1a6a37,same,1.0,
uk,ashamed,wy-g8u3e1882,t2eb43fdb312d8362,same,1.0,
uk,asian,n00068,t0bb90330d88eb31c,MISMATCH,0.393,0.0632
uk,asimov,n00069,tbd73b36c5dda6a42,MISMATCH,0.1628,0.0685
uk,ask,kb0053,t74de030776885fae,same,0.9894,
uk,asleep,kb0054,t9439ba6fffb8b341,MISMATCH,0.6391,0.0444
uk,assistant,g11u4e7172,t86f406172abe09d7,same,1.0,
uk,asteroid,ra-g8u18e1403,tc46f477ecbb830c9,same,1.0,
uk,astronaut,ox-g8u6e0772,t5970d84cc67f9bed,MISMATCH,0.7854,0.0662
uk,at,g3u13e4088,tb10a7e0aefeb48db,same,1.0,
uk,at all costs,n00070,t66347cb6fab9be71,MISMATCH,0.0617,0.0835
uk,at first,n00071,te52989122d5ddded,MISMATCH,0.1777,0.0833
uk,at home,n00072,tb569691c2bcef680,MISMATCH,0.1631,0.1142
uk,at least,g8u2e0478,tefa1f9af3c1e4a9a,MISMATCH,0.1083,0.096
uk,at night,n00073,te6a6911c91293cb0,same,1.0,
uk,"at night, we can see the moon and the stars.",n00074,t72ede8c5d221d67c,same,1.0,
uk,at present,ra-g9u36e2338,t2d12c0f5f7e30a62,same,1.0,
uk,at school,n00075,t8a0eb026f1fbabda,MISMATCH,0.3716,0.0911
uk,at the back,g7u2e4408,te192b6f2d9773ea6,same,1.0,
uk,at the back (of),n00076,t80504bce03b0a413,MISMATCH,0.0954,0.0925
uk,at the end,n00077,t3f2c69c5e2409a74,MISMATCH,0.1358,0.0508
uk,at the moment,n00078,te56989386c1f314b,MISMATCH,0.0424,0.0614
uk,at the same time,n00079,t42f38aa23b8f8e36,MISMATCH,0.0658,0.0639
uk,at the start,n00080,tcee95444795bdb86,MISMATCH,0.1586,0.1144
uk,at the top,n00081,t517b9d526fbc3588,MISMATCH,0.1613,0.0859
uk,at the top of,n00082,t3ab6ec576ddcfede,MISMATCH,0.1936,0.1106
uk,at weekends,n00083,te0a1975b38c95e55,MISMATCH,0.0759,0.0524
uk,ate,n00084,tc9bb60ce9691b76a,MISMATCH,0.12,0.1763
uk,athlete,ox-g6u7e0566,ta551fa9305a4d301,same,0.9518,
uk,attack,kb0056,t112f0a08a04f6a1a,same,0.9785,
uk,attend,g9u8e0654,ta1584bde6daacb70,same,0.9179,
uk,attention,kb0057,t95189426c5133f9c,MISMATCH,-0.0708,0.0522
uk,attitude,ox-g8u8e0797,t130dd9ad11a31cf6,same,0.9065,
uk,attract,ox-g7u12e0713,t664a5e4e17d9b26a,same,0.9804,
uk,attraction,ra-g9u31e2130,t6099a6e93baa14a2,same,1.0,
uk,au revoir,n00085,t3c012e60d638acd8,MISMATCH,0.0875,0.0414
uk,audience,ra-g8u24e0634,t3236d890024acb5a,MISMATCH,0.8038,0.0482
uk,august,g3u6e3982,tddb5c6f133be8ddb,MISMATCH,0.0403,0.0776
uk,auld lang syne,n00087,te851856265a58adc,MISMATCH,0.0977,0.0614
uk,aunt,g3u10e4034,t6bbea3a373daf65d,same,1.0,
uk,australia,wy-g9u8e0911,td25806f686d2df39,same,0.9899,
uk,australian,n00088,t1f86e9012090d0f1,MISMATCH,0.0921,0.0525
uk,author,g9u8e0652,t6bd392b67707e55d,same,0.9891,
uk,autopilot,wy-g8u7e2138,tcf78c501d9a5de77,same,1.0,
uk,autumn,ox-g2u7e0110,tf9e7c5df4dbbda8b,same,1.0,
uk,average,ox-g8u4e0758,t309fd44bd4b6b4b7,MISMATCH,-0.2743,0.1036
uk,avoid,kb0058,t03d3608ee251d523,same,0.9985,
uk,awake,kb0059,t1f894f419be7bcf5,same,0.9979,
uk,award,kb0060,t56809b51f43b6661,same,0.9923,
uk,aware,kb0061,t6d1c9f6ad4291bc3,same,0.9786,
uk,awareness,ra-g9u25e1865,te67f8e60401c50be,same,1.0,
uk,away,kb0062,tde4205f5e4b14773,same,0.998,
uk,awful,kb0063,t8390ffcdc0ff6323,same,0.9993,
uk,b.c.,ra-g9u32e2144,t7d122ee8b37a42d2,MISMATCH,0.1676,0.0382
uk,baby,wy-g2u5e0179,tacc6aa20744bf478,same,1.0,
uk,back,g3u13e4089,t55e581b44d1568a2,same,1.0,
uk,backache,n00089,t4f6b93af1bcc9c07,MISMATCH,0.2424,0.0977
uk,background,kb0065,t65c0f1c35426c8cd,same,0.9795,
uk,backpack,g9u12e0692,tfeef618023f30bb7,same,0.9957,
uk,backwards,ra-g9u33e2237,t193c13e663d7dab5,same,1.0,
uk,bacon,g12u4e7240,tc61e5869af541df4,same,1.0,
uk,bad,g3u2e3916,ta7e04811f6f31c53,MISMATCH,0.2243,0.1108
uk,badal,n00090,t27a8eb4593f126dd,MISMATCH,0.2544,0.0953
uk,badly,n00091,tf418da99d7c79b29,MISMATCH,0.1163,0.1256
uk,badminton,g6u10e0334,t3bcd67a447c26da3,same,0.9968,
uk,bag,g3u13e4090,t1fe7d6fdc60bd837,same,1.0,
uk,bake,ra-g8u20e0578,t6fea997f620d8b5e,MISMATCH,-0.2775,0.143
uk,baker,n00092,tcb0b6dd78465b104,MISMATCH,0.2202,0.0903
uk,balance,ox-g8u2e0731,tcf268225c5a63548,MISMATCH,0.7507,0.1014
uk,balanced,ox-g6u2e0512,taa915a1658ba4b1d,same,0.9844,
uk,balcony,ox-g7u2e0613,td3cfc4a16a04e862,same,0.9814,
uk,ball,ox-g2u4e0091,t4ed02490d1a2c2c4,same,1.0,
uk,ballet,ra-g7u20e0265,tff31130518093684,same,0.9723,
uk,balloon,wy-g1u10e0120,t9756c9732d6680b5,same,1.0,
uk,bamboo,wy-g6u3e0522,t7c2bed380aa85ce3,same,0.9863,
uk,banana,ox-g1u8e0059,t606b5f37a909e73b,same,1.0,
uk,band,kb0068,t9660ea725fd15b2e,same,0.9962,
uk,bank,ox-g3u3e0224,t2865e77312c163a1,same,0.9949,
uk,banker,n00093,t5f575993110f91ca,MISMATCH,0.2414,0.0481
uk,banking,ra-g8u22e1677,t53f175a88c41c297,same,1.0,
uk,bar,wy-g5u1e0913,t5602a89595755b9e,same,1.0,
uk,barbecue,g11u3e7139,tf9576328cd85028d,MISMATCH,0.1339,0.0631
uk,barber,wy-g7u7e1520,tf640100f863e946a,same,1.0,
uk,bark,n00094,t6b2237be97554565,MISMATCH,0.2999,0.1212
uk,base,n00095,tec28e577c89bb42d,MISMATCH,0.2894,0.1125
uk,base camp,wy-g8u8e2196,tc0a149a51ad932eb,same,1.0,
uk,base sth on sth,n00096,t569d678cf71f9046,MISMATCH,0.0884,0.0369
uk,baseball,g7u5e0385,tb67154787f73c24d,MISMATCH,0.8245,0.1247
uk,basic,kb0069,t7640d388b1ddda7e,MISMATCH,0.6079,0.0506
uk,basket,kb0070,t50a519c312d3d6fa,same,0.9906,
uk,basketball,wy-g1u4e0054,t7735a4f9987f23c8,same,1.0,
uk,bat,g7u5e0387,t6ec2239fc4723398,same,0.9919,
uk,bath,kb0071,tdec72a15f3545e08,same,0.9977,
uk,bathroom,g3u12e4074,tce444b51a6e375b6,same,1.0,
uk,battle,ra-g9u34e2260,t30773b40af94e8f9,same,1.0,
uk,battlefield,ra-g9u34e2261,t38646897bcca2db9,same,1.0,
uk,bay,g11u3e7140,t42fb1f0fb6a21436,same,1.0,
uk,be,g3u13e4091,tab5e695f912c9728,same,1.0,
uk,be able to,g8u7e4538,tff415aa532fd0f13,same,1.0,
uk,be about to,n00097,tb6203ca47159e69e,MISMATCH,0.0927,0.0879
uk,be afraid of,g9u4e0618,t0489471d53731892,MISMATCH,0.0355,0.1127
uk,be back,g3u9e4025,t82d5bb8b65c863d5,same,1.0,
uk,be born,g5u12e4186,tde616ef703a86e5c,MISMATCH,0.0709,0.0787
uk,be born with,g9u13e4712,t588243e325bbbdc0,MISMATCH,0.0171,0.1103
uk,be careful,wy-g4u6e0770,t34758d0304ee6f7f,same,1.0,
uk,be careful with,n00098,t5d88329e55013bbb,MISMATCH,0.0792,0.1028
uk,be careful!,n00099,td31bf6be68edf421,MISMATCH,0.1575,0.2485
uk,"be careful, jack. don't touch hot things.",n00100,t4b0e4ec3ef255ffc,same,1.0,
uk,be connected with / to,n00101,ta78dc4c399c7abe1,same,1.0,
uk,be deaf to sth,wy-g7u10e0486,t22191cf03a920d90,same,0.9955,
uk,be drawn to,wy-g8u4e1932,t5bdaacdceba4a7bf,same,1.0,
uk,be flooded with,wy-g9u1e2326,t67087009bd5982db,same,1.0,
uk,be friends with sb.,n00102,tc714e58a88f7ed60,MISMATCH,0.1294,0.0588
uk,be glued to sth,wy-g8u5e1986,ta0b9fb56c98e7152,same,1.0,
uk,be good at,g3u11e4065,t829ceff260f8f371,same,1.0,
uk,be hard on,n00104,te62845e9cf1d41a5,MISMATCH,0.2851,0.0859
uk,be hard on sb.,n00105,tbe97096a9d93051f,MISMATCH,0.1019,0.1265
uk,be harmful to,n00106,t707c766a2cc4c247,MISMATCH,0.1921,0.0875
uk,be home to sb / sth,n00107,te84b16cef5bd0e64,same,1.0,
uk,be interested in,n00108,td8c0b66d6ff4c657,MISMATCH,0.0208,0.0403
uk,be known as,n00109,t58cd71b824d47387,MISMATCH,0.1285,0.0683
uk,be known for,n00110,t0d36e94308ad2802,same,1.0,
uk,be late for school,wy-g5u4e0964,t048ea890831a5a95,same,1.0,
uk,be proud of,ra-g9u12e0804,te80fac8ff268aa74,same,0.9984,
uk,be responsible for,n00111,t068b1a87af8e3a0b,MISMATCH,0.1355,0.069
uk,be similar to,n00112,tf97c7f881a95c2cf,MISMATCH,0.0409,0.0491
uk,be thankful to sb.,n00113,t689be06287ba8b9d,MISMATCH,0.0898,0.0679
uk,be thirsty for,n00114,t3dae9c5a60bb5bd7,MISMATCH,0.091,0.1402
uk,be tired of,n00115,t1b91afcf39af7ff1,MISMATCH,0.067,0.0627
uk,be used to,n00116,ta1f0fdcd40577e07,same,1.0,
uk,be yourself,n00117,t3012ccd7dde95854,MISMATCH,0.0939,0.0448
uk,beach,g6u9e0321,t0f8ea5d964ccde85,same,0.907,
uk,beach volleyball,n00118,tbddb8dec5b900ae5,MISMATCH,0.1295,0.0939
uk,beak,ra-g8u24e1806,tc4671305fda9f2f1,same,1.0,
uk,bean,kb0073,tf1f4371d341e4561,same,1.0,
uk,bear,ox-g1u10e0071,t85314a7c6f29fb23,same,1.0,
uk,beat,wy-g8u3e0747,t718edd2492fdabc0,MISMATCH,0.4179,0.0394
uk,beautiful,g3u10e4037,tf7ce6c3f756c838e,same,1.0,
uk,beauty,ra-g8u24e0640,td8b6114012bfea3c,same,0.9286,
uk,beaver,wy-g7u6e1457,t6c8edc3275cc2298,same,1.0,
uk,because,kb0074,t6a7c95922f6e1cf5,MISMATCH,0.1518,0.0969
uk,because i like summer vacation!,n00119,tc0596123e04f1449,same,1.0,
uk,because of,g9u8e0658,tce3210559a31423e,MISMATCH,0.1054,0.0754
uk,become,kb0075,t10063f0e99ea547e,same,0.9624,
uk,bed,wy-g1u10e0119,t2bf3d3595de3e285,same,1.0,
uk,bedroom,g3u12e4072,te3de147ba6fb36b2,same,1.0,
uk,bedside,g9u18e4870,t406f7fe01b63bf91,same,1.0,
uk,bee,ox-g2u1e0078,t194bb01620ff73fb,same,1.0,
uk,beef,g4u5e0041,tca3cd186e5ab036c,same,0.9378,
uk,beekeeping,wy-g8u12e2292,t5679d8d26f71ed4f,same,1.0,
uk,beep,wy-g4u5e0747,teb1afd6cd34d71a0,same,1.0,
uk,before,g6u10e0332,t9028648dabf94a8c,same,0.985,
uk,"before i got to the bus stop, the bus had already left.",n00120,t5375f365517579c9,same,1.0,
uk,"before, i was quiet. now, i'm very active in class.",n00121,t5a9f0e131db6e89d,same,1.0,
uk,begin,kb0077,tc79b18a932d588e9,same,0.9978,
uk,beginning,ra-g7u7e0675,te0c640d7484c4df5,same,1.0,
uk,behave,kb0078,t40ed0d1428cdb172,same,0.9674,
uk,behavior,ra-g7u11e0891,ta34fc969e0d20c41,same,1.0,
uk,behaviour,wy-g8u5e2018,tca27be82a1123c4e,same,1.0,
uk,behind,g5u5e0168,tdb952c154b80eccd,same,0.9963,
uk,beijing,g10u7e5657,t3eee8a71ddb23635,MISMATCH,0.064,0.0867
uk,beijing roast duck,n00122,te5699bd1c2dd744b,MISMATCH,0.0753,0.052
uk,being,ra-g8u18e1452,tfa4194c50a35c097,same,1.0,
uk,belgium,n00123,t37edb86e8d041a60,MISMATCH,0.0456,0.0615
uk,belief,wy-g8u11e2252,t5aeab16daa2bf980,same,1.0,
uk,believable,n00124,t9d9ed015b095057e,MISMATCH,0.0507,0.0598
uk,believe,kb0079,t003c99638f564795,same,0.9992,
uk,believe in,n00125,t1af9d56617333dfa,MISMATCH,0.0013,0.0551
uk,bell,kb0080,t4ba63d613a8ecf8a,same,0.9963,
uk,belong,g9u8e0651,t27922f74721f4d50,MISMATCH,0.8899,0.098
uk,belong to,g9u8e0657,tb24d46ac8e5f5c9e,MISMATCH,0.0861,0.0679
uk,below,kb0081,te2fd763398cfe62c,same,0.9988,
uk,belt,kb0082,tc397de637531243b,same,0.9969,
uk,ben,n00126,t997cfcf23d0fe1b0,MISMATCH,0.2023,0.1294
uk,benefit,kb0083,ta4c7d871497973ce,same,0.9968,
uk,benefit from ...,n00127,tc16c2839506e4676,MISMATCH,0.1148,0.0931
uk,beside,g5u5e0167,tf6c8040934184092,same,0.9785,
uk,besides,n00128,t5c82eab369d6a934,MISMATCH,0.1376,0.067
uk,best,wy-g9u12e0958,ta1f02abfffffaa65,MISMATCH,0.3482,0.0813
uk,best friend,g16u9e6282,t238120368cc5b35e,same,1.0,
uk,beth,n00129,t6c7052b1f50872f3,MISMATCH,0.1214,0.3328
uk,better,g8u3e0482,te6fc4244196384fc,same,0.942,
uk,between,g3u13e4092,tb7adfa6975b1479c,same,1.0,
uk,beyond,wy-g8u7e2143,t16f66bfc52cc7e77,same,1.0,
uk,bicycle,ox-g2u4e0093,t7fcbcb5e0b6af501,same,1.0,
uk,big,wy-g2u5e0181,tfb8d64fb32015689,same,1.0,
uk,big ben,g4u12e4035,tec565caa5277c915,MISMATCH,0.0569,0.0787
uk,bigger,n00130,t1700607dbf8b28d0,MISMATCH,0.5017,0.1351
uk,bike,g3u13e4093,tac8c806c38bf7d55,same,1.0,
uk,bill,ox-g6u3e0524,t7e4749232e5fc475,same,0.9829,
uk,billion,ox-g8u4e0753,t2318a76d4f7e07bd,same,0.9994,
uk,billy,n00131,t7a0331c74206cf7a,MISMATCH,0.3854,0.0667
uk,bin,kb0084,t5ab5acf682b4c71d,same,0.998,
uk,biography,ra-g8u24e1782,tef9d544eeea17c0c,same,1.0,
uk,biology,g7u9e0426,t820d328e159f0dae,same,0.9963,
uk,bird,ox-g2u1e0079,tbeddf4d1e63d9637,same,1.0,
uk,bird feeder,wy-g6u4e1154,t6ad82abf4e13bf52,same,1.0,
uk,birth,kb0085,tcf331b2e97a7de51,same,0.9978,
uk,birthday,g3u6e3987,t49210a432a7bbac4,same,1.0,
uk,birthmark,wy-g8u1e1773,t3f2d896827a1a982,same,1.0,
uk,biscuit,ox-g2u5e0099,tcde137a1867089ff,same,1.0,
uk,bit,kb0086,t8b1686d6ccc06975,same,0.942,
uk,bit by bit,n00132,tca77384807187aec,MISMATCH,0.0885,0.1304
uk,bite,g3u2e3917,tcc95fb507b902a8e,same,1.0,
uk,bite through,n00134,t727d015bca9bb349,MISMATCH,0.2823,0.1224
uk,black,wy-g1u4e0051,t870638fb5843cb43,same,1.0,
uk,blackboard,g4u1e0003,tf09ab95749c6834c,same,0.9992,
uk,blank,ra-g9u32e2177,t8571a3127a03a890,same,1.0,
uk,bleed,kb0087,t2bf7960b6f986f51,same,0.9877,
uk,blind,kb0088,t28bb0398123ceb81,same,0.999,
uk,block,g9u12e0694,t049a3c8654f8ca03,same,0.9983,
uk,blood,kb0089,tf6fbc71b4b8d5f31,same,0.9991,
uk,blouse,kb0090,t9beef65a01bd381e,same,0.9933,
uk,blow,kb0091,t6dcab3702823bb7f,same,0.9988,
uk,blow out,n00135,t80b79b79636cec4a,MISMATCH,0.0718,0.083
uk,blow sb away,wy-g8u3e1892,t6152f30c3671035c,same,1.0,
uk,blue,wy-g1u4e0048,t927dcf91fcf287db,same,1.0,
uk,blue sky rescue,n00136,t78c79eb456298548,same,1.0,
uk,board,wy-g4u3e0324,t49370582118f97d2,same,0.9937,
uk,boarding school,n00137,t6d62218a0813ef8c,MISMATCH,0.1487,0.0463
uk,boat,g2u5e0864,t557a82a0ca54de4b,same,0.9979,
uk,body,g1u2e0720,tec2edbeabbed4a40,same,0.9969,
uk,boil,kb0092,td83b43137d254512,same,0.9993,
uk,boiling,wy-g8u11e2269,tdf0ada789ea8f4c8,same,1.0,
uk,bone,ox-g8u5e0765,t3b9c1c8cd8426792,MISMATCH,0.0455,0.1484
uk,book,ox-g1u2e0010,t6513959f38ac1335,same,1.0,
uk,book fair,n00138,td645c2bc155a4c3d,MISMATCH,0.2581,0.1161
uk,bookcase,g7u4e0373,t31be368a8b825c32,MISMATCH,0.7545,0.1544
uk,bookmark,wy-g3u13e0599,ta1a658ccc9eeee6c,same,1.0,
uk,bookshop,g2u4e0851,tc23d0757b99388ef,MISMATCH,0.8181,0.1156
uk,bookstore,g6u1e0244,tc4c065a7b8ec6f68,MISMATCH,0.7314,0.1418
uk,boot,g6u3e6645,t4f9c0a27bd8c674f,MISMATCH,0.2794,0.0396
uk,border,wy-g7u9e1613,t32a642a9477bf895,same,1.0,
uk,bored,ox-g4u9e0388,t77bf7167dca6d2a1,same,0.9937,
uk,boring,g8u1e0463,te58fef7987de56ec,same,0.9883,
uk,born,ox-g7u1e0606,t729e7b4161c87feb,same,0.9998,
uk,borrow,ox-g7u2e0620,te7a5e4afbd41a945,same,0.985,
uk,boss,kb0093,t6aa76c87fe95c6d2,MISMATCH,0.2949,0.0574
uk,both,kb0094,t7f8120fe2df2d811,same,0.9978,
uk,bottle,g5u5e0163,t055bdf1ce6e639fc,same,0.9927,
uk,bottom,n00139,teccf223ecaa78e54,MISMATCH,0.1622,0.1445
uk,bought,n00140,t60c172116412ba7d,MISMATCH,0.0766,0.1326
uk,bow,g9u10e0673,tb360de7c0f256fca,MISMATCH,0.106,0.152
uk,bowl,g4u5e0047,td7a75a7e9f6a8860,same,0.999,
uk,box,wy-g1u8e0096,t83bfa848670f0651,same,1.0,
uk,boy,wy-g1u2e0027,t3a1e58a9e1a51f35,same,1.0,
uk,brain,ox-g8u11e0828,t21239765f8fbddaa,MISMATCH,0.0513,0.1318
uk,branch,n00141,tb6fa2d8a4c3ec503,MISMATCH,0.2151,0.0945
uk,brand,n00142,t50c9527581933f94,MISMATCH,0.1812,0.0812
uk,brave,ox-g7u10e0697,t488c942ccd8d38c7,same,0.9974,
uk,bravely,ra-g8u23e1729,tf0624d4aff2dffa9,same,1.0,
uk,brazil,n00143,tfa479cfb20adf5ab,MISMATCH,0.0293,0.0428
uk,bread,g3u3e3927,t67582bc9a3df7629,same,1.0,
uk,break,ox-g6u7e0569,t4c58fc177d47eb85,same,0.9971,
uk,break down,wy-g9u6e2525,t6b71521f996029d1,same,1.0,
uk,break out,ra-g9u33e2228,t6536c755e689d51b,same,1.0,
uk,break up,ra-g9u33e2234,t4c78648248101009,same,1.0,
uk,breakfast,g3u13e4094,t7aae6791bc0b7b1f,same,1.0,
uk,breath,kb0095,t97be679ae1eebd8b,same,0.9543,
uk,breathe,wy-g7u5e1405,t85e6173e9e5e9e13,same,1.0,
uk,breeze,n00144,tff22d47ad321c43e,MISMATCH,0.3319,0.0627
uk,brick,ra-g9u31e2123,t4f1d69806c0b33bd,same,1.0,
uk,bridge,g5u6e0177,tee0f8ca517bcc426,same,0.9972,
uk,brief,ra-g9u33e2241,tc99ecf6ed3465d54,same,1.0,
uk,bright,kb0096,t6df345cf0390662f,same,0.997,
uk,bright peak,n00145,tbb772ded65185dba,MISMATCH,0.1829,0.1011
uk,brightly,wy-g7u11e1680,t54ba9b6b0703063f,same,1.0,
uk,brightness,n00146,t74a090ea162bfd61,MISMATCH,0.04,0.1583
uk,bring,kb0097,tdf58b53906186abb,same,0.9791,
uk,bring back,n00147,t983fa95c8b0e581c,MISMATCH,0.0531,0.1392
uk,bring out,wy-g9u3e2407,t4136f7ee3cfb9ec0,same,1.0,
uk,bring to life,g9u17e4859,t411697eea84bf881,same,1.0,
uk,britain,n00148,tf69b248d6d6788f4,MISMATCH,0.2052,0.068
uk,british,n00149,t84ddecce86fff0e6,MISMATCH,0.1979,0.0643
uk,broaden,ra-g9u27e1930,te0129c05ee02bb5a,same,1.0,
uk,broken,n00150,t96b1b4e5038868de,MISMATCH,0.4741,0.0896
uk,brother,wy-g2u2e0143,ta33f0297c23087bb,same,1.0,
uk,brown,g1u5e0748,t84d081fb845abab5,same,0.998,
uk,bruised,n00151,tc392afaae88f4de1,MISMATCH,0.4447,0.0855
uk,bruno,n00152,t2a48e1ee5b8ca5b8,MISMATCH,0.0054,0.0605
uk,brush,g7u11e0444,t76d7ea5d13d7fde2,MISMATCH,0.5694,0.0669
uk,budget,ox-g8u12e0839,t10fa1fdea834dae0,same,0.9288,
uk,build,kb0098,t6cccb6195f456521,same,0.999,
uk,build-up,n00153,t5ee91216ccb2e17b,MISMATCH,0.3834,0.0945
uk,builder,ra-g8u13e0948,tb912b1773509a467,same,1.0,
uk,building,g5u6e0178,t113a0876544c8ee0,same,0.9829,
uk,bulb,ra-g9u10e0769,tff12e602f53b16d4,same,0.9994,
uk,bully,kb0099,t06f63ba1268d5c5e,same,0.987,
uk,bump,n00154,tc47e81857d607f79,MISMATCH,0.2026,0.1145
uk,burial,n00155,tbc8a22e6450cedaa,MISMATCH,0.2027,0.132
uk,burn,kb0100,t4901aaf64cd2aa78,same,1.0,
uk,burning,n00156,t37bfa07a723fbe75,MISMATCH,0.3034,0.0933
uk,bus,g3u13e4095,t326cc663a57ba65c,same,1.0,
uk,bus driver,g4u6e3940,t8232f6cbd72a79bb,same,1.0,
uk,bus stop,n00157,tf522a3a99e95e62e,MISMATCH,0.093,0.0726
uk,business,kb0101,t52db82796776f7ec,same,0.9982,
uk,businessman,ox-g5u3e0428,t4021e364a437dd3e,same,0.9726,
uk,busy,ox-g4u5e0349,t40b826186c262693,MISMATCH,0.8361,0.0442
uk,but,g3u13e4096,t5324da02281eea2e,same,1.0,
uk,but many resources are running out.,n00158,t2a3e29a8392810ba,MISMATCH,0.1068,0.024
uk,butter,ox-g5u4e0432,tf4b25bf0cc40fdee,same,0.94,
uk,butterfly,kb0103,ta7a1de2eda8d0240,same,0.9523,
uk,buy,g3u3e3937,t885f19a31ba32066,same,1.0,
uk,buy some gifts,g5u11e4177,tc2117606b43c49bb,MISMATCH,0.0377,0.0804
uk,buy toys,g4u8e3983,t9b1501e090b980e7,MISMATCH,0.085,0.0778
uk,by,ox-g2u9e0179,t61eda9ae9a036cf3,same,1.0,
uk,by accident,g9u6e0638,ta74e88ed8a93f138,MISMATCH,0.0545,0.0767
uk,by bike,ox-g2u9e0182,ta1a9e78afbae83db,MISMATCH,0.0506,0.0662
uk,by boat,g4u3e3882,t7ebee9324ffcec6c,same,1.0,
uk,by bus,ox-g2u9e0181,t4131151af2e4cef4,MISMATCH,0.1207,0.0778
uk,by car,g4u3e3884,t0a1105fb7c3c3b5f,same,1.0,
uk,by mistake,g9u6e0639,t8bf66f9491ff0033,MISMATCH,0.0962,0.0558
uk,by no means,wy-g8u10e2240,te617b786bbc66487,same,1.0,
uk,by plane,g6u2e0253,t01c3e4cf87c02e76,MISMATCH,0.0343,0.0939
uk,by school bus,g4u3e3888,t2aed8886d5b0147d,same,1.0,
uk,by ship,g6u2e0255,tf47424a635953a42,MISMATCH,0.1326,0.0859
uk,by subway,g6u2e0256,t383939a942b76bea,MISMATCH,0.0504,0.0772
uk,by taxi,g6u2e0254,t5af49375a5eb4ad2,MISMATCH,0.1683,0.0997
uk,by the end of,n00159,t1a4f51df21846190,MISMATCH,0.05,0.0727
uk,by the time,g9u12e0698,t9d5849098056c57d,MISMATCH,0.0742,0.0553
uk,by the time ...,n00160,tf69a27cdfdab0448,MISMATCH,0.0367,0.0741
uk,"by the time i got back to school, the bell had rung.",n00161,t77cf336f54b81930,same,1.0,
uk,by train,g6u2e0257,t07aba61c6e0bb64a,MISMATCH,0.0345,0.117
uk,bye,g1u1e0708,t416d90fdfef12f9f,same,0.9732,
uk,bye for now,n00162,tf76298fdbf9489f4,MISMATCH,0.1033,0.0659
uk,bye.,wy-g1u1e0007,t9220b8bc16d1b828,same,1.0,
uk,cabbage,kb0104,tf4e1503aaa2fb7b9,same,0.9214,
uk,cactus,ra-g7u5e0465,t930facb1f48b17ab,same,1.0,
uk,cage,n00163,t643df5ff4ea43d4a,MISMATCH,0.2514,0.1511
uk,cake,g3u3e3928,t5ef4f80e8c03b84c,same,1.0,
uk,calendar,kb0105,t49d904bac4994fd0,same,0.9976,
uk,cali,n00164,t9588c7a290f61a31,MISMATCH,0.1006,0.1038
uk,call,kb0106,tda2ad283ad3e175f,same,0.9991,
uk,call back,ra-g7u11e0144,t27246aa3855bc349,same,0.9992,
uk,call in,n00165,td55d79cc3832e784,MISMATCH,0.177,0.1468
uk,call sb up,g8u8e4559,te2dfaa8fee58e0d2,same,1.0,
uk,calligrapher,ra-g8u14e1060,t26d1b39a9556e87a,same,1.0,
uk,calligraphy,ox-g9u9e0928,t6ee319fa15476fa0,same,0.9979,
uk,calm,ox-g5u9e0489,t271d66deb354c541,MISMATCH,0.3087,0.0925
uk,camel,wy-g7u6e0660,t9eaedd78c50d4bd5,MISMATCH,0.8912,0.0705
uk,camera,ox-g5u8e0477,t34d0dd53602671df,MISMATCH,0.8852,0.0612
uk,camp,wy-g6u9e0581,te700232457fa3757,same,0.9756,
uk,campfire,g4u12e4037,t8635883eeb42a0d8,same,1.0,
uk,can,g1u9e0787,td6da40db8e4a3228,same,0.9566,
uk,can i buy a new pair?,n00166,t957e5aa5142d7453,same,1.0,
uk,can i help you?,n00167,t9c9ba649e20f17c8,MISMATCH,0.0403,0.0796
uk,can i play on mum's phone?,n00168,t40a9409ebb7eb2ae,same,1.0,
uk,"can i use your eraser, please?",n00169,t25ef1e4254814ea9,same,1.0,
uk,can i wear this new shirt today?,n00170,tbdadb354c7e20420,MISMATCH,0.1341,0.1133
uk,"can you make robots, sarah?",n00171,t5b02dd590af2b1a8,MISMATCH,0.1669,0.0523
uk,can you please pass me the vegetables?,n00172,t5f21564b0044a2a8,same,1.0,
uk,can't,g8u3e5417,t8d51ddd17fea849c,same,1.0,
uk,canada,g3u7e1002,t8ebe4853f2580be3,MISMATCH,0.8601,0.059
uk,canadian,n00173,t84a4fdc7fced05fb,MISMATCH,0.5023,0.0763
uk,canal,ra-g8u23e1747,t7e1e6e2af29a740f,same,1.0,
uk,cancel,kb0107,t9c611cb3dd5bec0b,same,0.9696,
uk,cancer,kb0108,tb7a26183469bc902,same,0.9722,
uk,candle,g3u13e4097,t784efd26a085ebea,same,1.0,
uk,candy,g3u13e4098,t69668188f210fd29,same,1.0,
uk,cap,g3u5e3961,ta1dd4cc02fbafccb,same,1.0,
uk,capital,ox-g7u3e0626,t3885185f55bee6a8,same,0.995,
uk,captain,ra-g9u32e2158,t74a570b04268e485,same,1.0,
uk,car,wy-g2u10e0225,td83e1a4558aa7c56,MISMATCH,0.1959,0.0653
uk,carbon,ox-g6u6e0553,t1b69906ddc1f25b6,MISMATCH,0.483,0.0942
uk,card,ox-g2u8e0165,te8210778bc1d7860,MISMATCH,0.1753,0.0742
uk,care,ox-g6u10e0596,t08a7c2a9cb35a39a,same,0.9551,
uk,care about,g8u3e0487,td43cf80d4ab2399b,MISMATCH,0.0459,0.1036
uk,care home,wy-g5u8e1019,tdbba31927b2a5f16,same,1.0,
uk,career,ox-g5u3e0430,t7af99023e59e6063,same,0.9984,
uk,careful,g3u14e4099,t178f27f14c51a01f,same,1.0,
uk,carefully,n00174,t24592d5f573ee080,MISMATCH,0.0781,0.1091
uk,careless,kb0109,t3fa3904c30db0e28,MISMATCH,0.7227,0.0831
uk,caring,n00175,t8ddb00f6d488a861,MISMATCH,0.2347,0.092
uk,carrot,g7u6e0397,tb3a453ee71f7cb75,same,0.9168,
uk,carry,kb0110,t76a594636a67c2ce,same,0.9953,
uk,cartoon,g8u5e0504,te2724736a3b305b0,same,0.9966,
uk,cartoons,g5u5e4097,t0d3973f35c265807,same,1.0,
uk,carve,ra-g9u31e2110,ta3b32ff7cafec5b4,same,1.0,
uk,case,kb0111,t1dc3f6ca7f18f9f5,same,0.9685,
uk,cash,n00176,t969f9beed1a4b438,MISMATCH,0.1861,0.0956
uk,cashier,wy-g8u7e2134,t144097242c1f2d1e,same,1.0,
uk,castle,ra-g9u15e0839,t2d9264a64f89ccee,MISMATCH,0.1133,0.0759
uk,casually,g8u7e4540,t4eb1cded9dd14376,same,1.0,
uk,cat,ox-g2u2e0084,t3327dd2c7b9d982f,same,1.0,
uk,catch,g3u14e4100,t194eca66b38717d7,same,1.0,
uk,catch fire,n00177,t438625976e5fd1cf,MISMATCH,0.0385,0.0859
uk,cause,kb0112,tde06c76666ef5e7b,same,0.9907,
uk,cave,n00178,t2ff068dadefaa1c9,MISMATCH,0.2486,0.1336
uk,celebrate,g9u2e0596,tdf5544107915e844,same,0.9759,
uk,celebration,n00179,t3e9c43e49d3f7de7,MISMATCH,0.1178,0.0816
uk,celsius,ra-g8u18e1394,td0ab487754e4a7e4,same,1.0,
uk,cent,kb0113,tab90ff872c344c86,MISMATCH,0.2681,0.0826
uk,centimeter,g6u3e4254,tfe0e4e0121230421,same,1.0,
uk,centimetre,ra-g8u14e1100,tfc6afbc79584801c,same,1.0,
uk,central,kb0114,t7a18303c35ab13b5,same,0.965,
uk,centre,kb0115,tf060ea1dd83723df,MISMATCH,0.6086,0.078
uk,century,kb0116,tbad395858ef6183e,same,0.9785,
uk,ceremony,ox-g9u9e0922,tb002e33c53f6a087,MISMATCH,-0.1372,0.1126
uk,certain,kb0117,td5b4967e716dbadd,same,0.9696,
uk,certainly,n00180,t04936a0222051b5b,MISMATCH,0.0665,0.1009
uk,chain,n00181,tfdb09d1eff4b8e2f,MISMATCH,0.1999,0.142
uk,chair,g7u4e0372,t3bb79e621b21be87,same,0.988,
uk,chalk,kb0118,t85a09966062b0e00,MISMATCH,0.8919,0.0856
uk,challenge,ox-g9u10e0935,t85ba4219131714b5,same,0.9105,
uk,challenging,n00182,tc114be2b7ede675b,MISMATCH,0.1033,0.0759
uk,chameleon,wy-g3u8e0426,t4e1c79ded77103ff,same,1.0,
uk,champion,ox-g5u5e0449,t69ac478ffc448956,MISMATCH,0.8869,0.0738
uk,chance,kb0119,t06db3179d161c7ec,same,0.978,
uk,change,kb0120,t5ec99a75d508ed18,same,0.9237,
uk,changeable,n00183,t3bf62474443a7348,MISMATCH,0.1815,0.0692
uk,channel,ra-g9u16e0846,t148e9ca61adc47c9,same,0.9906,
uk,chapter,g17u2e7821,tc3c91e4120e334ac,same,1.0,
uk,character,ox-g8u10e0813,t14f8bd32fa3cc138,same,0.9954,
uk,characteristic,kb0121,t973e78321b6f9bd9,MISMATCH,0.0484,0.0633
uk,charge,ra-g9u32e2179,t4f117578c64ffd26,same,1.0,
uk,charity,ox-g6u10e0592,t9812c37fb9767115,MISMATCH,0.6822,0.1173
uk,charles dickens,n00184,ta46f0c20affd5f52,MISMATCH,0.0354,0.1009
uk,charming,ra-g9u35e2270,t09f97d4699fc6a13,same,1.0,
uk,chase,g12u3e7220,t6ab21c3b39a57afe,MISMATCH,-0.0021,0.0871
uk,chat,kb0122,tf4b9072f0eaeb42c,MISMATCH,0.237,0.0743
uk,cheap,ox-g2u7e0157,t087458a2b4462405,same,1.0,
uk,cheat,kb0123,t426e0b8b019d5d36,same,0.9813,
uk,check,kb0124,t0337d7900d1c9626,MISMATCH,0.8608,0.0865
uk,cheek,n00185,t835142205785dc07,MISMATCH,0.2884,0.027
uk,cheer,kb0125,t89b1e11ea86cbce6,MISMATCH,0.2261,0.0603
uk,cheers,n00186,t63ca2eedb7228d20,MISMATCH,0.1904,0.0768
uk,cheese,ox-g5u4e0433,t502c9df285720307,same,0.985,
uk,cheetah,n00187,t148cee5cbe79da4b,MISMATCH,0.13,0.0828
uk,chemical,ra-g9u4e0695,t500507029e230958,same,0.9989,
uk,chemistry,kb0126,tb1d8a2d62e0f8228,same,1.0,
uk,chen jie is making the bed.,n00188,tf86bdb85bf309241,MISMATCH,0.1372,0.0548
uk,chen jie. she's funny. she often makes me smile.,n00189,t6dc4192f71a49b57,same,1.0,
uk,chess,g7u10e0435,tdbdb3795eb277ec7,same,0.9548,
uk,chi,g14u1e7402,t45fb55dc11eb76d4,MISMATCH,0.1958,0.0814
uk,chick,ox-g1u10e0067,t5ff3738b85af06d5,same,1.0,
uk,chicken,wy-g2u5e0175,t11a6211964c6ce52,same,1.0,
uk,chief,n00190,tddfbc52b363624e3,MISMATCH,0.3111,0.0474
uk,child,kb0127,t3de3b8e72fac8e94,same,0.9893,
uk,childhood,ra-g9u25e1849,teb5ac7a33ae81cf2,same,1.0,
uk,children,g3u11e4060,t251fcf7997d49f79,same,1.0,
uk,children's day,g4u7e5042,tfb494d4baf228224,MISMATCH,0.157,0.168
uk,china,g3u14e4101,t42f1b29a0579127d,same,1.0,
uk,china put a rover on mars.,n00191,t430baf6c12dac9e3,same,1.0,
uk,chinese,g3u7e3991,t3c65db872054440d,same,1.0,
uk,chinese chess,n00192,t62b56c264044436e,MISMATCH,0.0905,0.0479
uk,chinese knot,wy-g3u6e0358,td5f4b92e71aa4280,MISMATCH,0.0567,0.0536
uk,chinese new year,g9u10e5586,tdcd92a73847a71b7,MISMATCH,0.1736,0.1351
uk,chip,kb0128,tc6a6b20f8071c84e,same,0.976,
uk,chips,wy-g5u7e0467,te6b064644cbe2e7c,same,0.9526,
uk,chocolate,ox-g5u4e0436,tc613fdd26584cf38,same,0.982,
uk,choice,g9u7e0646,tc35103ed28cb58b4,same,0.9716,
uk,choir,g12u1e7179,tc6688c080bad593f,MISMATCH,0.1175,0.1221
uk,choose,g9u7e0643,tf4366a8a608cc7af,MISMATCH,0.8144,0.0504
uk,chopstick,n00193,t2b70b364f7ca4e17,MISMATCH,0.1315,0.107
uk,chopsticks,g4u5e0046,t1c0bafc53d8e701a,MISMATCH,0.3602,0.0992
uk,chore,kb0129,te4f3849c97efbd32,MISMATCH,0.6125,0.1231
uk,christmas,ox-g2u8e0164,t6c49b278e426bb91,same,1.0,
uk,christmas day,g5u8e4133,tc346b90ca2cf7b5e,same,1.0,
uk,christmas eve,wy-g9u2e2389,tcf0a89ab9aa2af57,same,1.0,
uk,christmas tree,g2u6e0879,t90127313010c9591,MISMATCH,0.075,0.0415
uk,chug,wy-g4u5e0751,tb776a8c2a60e91e0,same,1.0,
uk,cinema,g3u14e4102,t1ea4a5a7199db915,same,1.0,
uk,cinnamon,n00194,t6169016eb1ae2cf5,MISMATCH,0.3319,0.0587
uk,circle,kb0130,tbd832d631b79e180,MISMATCH,-0.1172,0.0856
uk,citizen,kb0131,t18ecd2347618f4c8,MISMATCH,0.5913,0.0633
uk,city,g3u14e4103,t35cd87f39178f512,same,1.0,
uk,civil war,ra-g9u33e2227,tf7a5b792e972d6c7,MISMATCH,0.2349,0.0862
uk,civilization,n00195,t13084ea3ea6a0f31,MISMATCH,0.0451,0.0734
uk,clang,wy-g6u1e1113,t7cd6a8c740febc89,same,1.0,
uk,clap,g4u5e5027,t6d7e7e602bf0c2db,same,1.0,
uk,clarify,ra-g8u23e1731,tf17f1b56f9d6a5db,same,1.0,
uk,clark,n00196,td9ac83bc3f47acf4,MISMATCH,0.1713,0.1022
uk,class,g3u1e3902,t5e68685e786106ac,same,1.0,
uk,class teacher,n00197,tcf614424a6d0de7b,MISMATCH,0.2417,0.1524
uk,classic,wy-g9u2e0855,t9b20d32d127ae949,MISMATCH,0.654,0.0865
uk,classical,ra-g8u8e0423,tf7caf3a781f2e228,MISMATCH,-0.1274,0.1194
uk,classmate,g2u2e0831,tec1d1cdfc12e0e27,MISMATCH,0.8653,0.0869
uk,classroom,g3u8e4001,t69df7794c89c48c6,same,1.0,
uk,clause,n00198,t1cad75aa5dd97b43,MISMATCH,0.3591,0.1208
uk,clay,n00199,t0289db098eb4b2aa,MISMATCH,0.2621,0.2027
uk,clean,ox-g4u6e0359,t35c005639a247fb9,same,0.9978,
uk,clean ... off,n00200,te9ab6fce0f1ecb69,MISMATCH,0.1615,0.0349
uk,clean my room,g5u7e0186,t2f58360ef04341d3,MISMATCH,0.058,0.0472
uk,clean the room,g5u6e4101,t61d585ad17045df9,same,1.0,
uk,clean the window,g5u10e4156,tbdc21f2fc904e1c1,same,1.0,
uk,clean up,g8u12e0577,tf20f37ecbb5eed0c,MISMATCH,0.243,0.0975
uk,cleaned,n00201,t4a2da4a5c3d6692b,MISMATCH,0.3208,0.0774
uk,cleaner,n00202,t63ba5fcd5dad70d9,MISMATCH,0.4396,0.0648
uk,cleaning the room,g3u11e4053,t361bc4612eb3f43c,same,1.0,
uk,clear,kb0132,t1ee762d845480fbc,same,0.9623,
uk,clear sb's throat,wy-g8u5e2016,ta84b5e0b45d6b301,same,1.0,
uk,clear the air,n00203,tee682c2c2486d0e8,MISMATCH,0.1426,0.0713
uk,clear the table,n00204,t6b9b2333e198f59c,MISMATCH,0.0433,0.0695
uk,clearly,n00205,tcd170af65fc2491c,same,1.0,
uk,clerk,n00206,td0b46d8d7da75cac,MISMATCH,0.1746,0.1356
uk,clever,g5u1e0127,t1f6566d9c0e9e11c,same,0.9726,
uk,click,kb0133,t0cfe286a73616f2c,same,0.9949,
uk,cliff,n00207,t5da97bcdb82345ed,MISMATCH,0.2397,0.0985
uk,climate,ox-g6u6e0552,tf82621f763ecbdd6,same,0.9973,
uk,climax,n00208,t8ab671ca32f5d5cf,MISMATCH,0.4661,0.0898
uk,climb,ox-g4u4e0335,tfb8610fb79197cd8,same,0.964,
uk,climb a hill,g4u2e3860,t534d00d13692d8c6,same,1.0,
uk,climb on the window ledge,g4u5e3923,ta35a73d6be931bc5,same,1.0,
uk,climber,n00209,t4b4218bddf8f2150,MISMATCH,0.3955,0.0999
uk,climbing,g5u11e0227,t1a9277132cb9839d,same,0.9982,
uk,clock,ox-g2u10e0184,tc6a03c78a344ea66,MISMATCH,0.1485,0.073
uk,close,g1u7e0770,t3654ada0606cdab8,same,0.9888,
uk,close the ...,wy-g1u5e0069,t2f603bc835a094ca,MISMATCH,0.1104,0.0575
uk,closed,n00210,t4e42c526fec580ec,MISMATCH,0.1939,0.1346
uk,closely,ra-g9u29e2019,t3707afd6afbd529b,same,1.0,
uk,closing,n00211,tcf1bfe8b86909230,MISMATCH,0.2949,0.0715
uk,cloth,ra-g9u6e0717,tb68495e6657628fc,same,0.9954,
uk,clothes,g4u11e0101,tdae6f09aeef1a6da,same,0.925,
uk,clothing,ra-g8u21e1652,t90fdb72b50a52c08,same,1.0,
uk,cloud,ox-g3u6e0256,t594e9fcae7aca345,same,0.9618,
uk,cloudy,ox-g2u8e0113,t4b8fc4e11eb3e924,same,1.0,
uk,club,g7u10e0436,tedf5d6997b68e20e,MISMATCH,0.8953,0.1102
uk,clue,ox-g8u3e0748,t710796ad7c1221fb,same,0.9771,
uk,co-pilot,,t328e99d6fbfe9844,old_missing,0.0,
uk,coach,g6u5e0285,t9ccccb8680c06602,MISMATCH,0.8829,0.1021
uk,coal,n00212,t8542924464c78580,MISMATCH,0.276,0.156
uk,coast,wy-g9u8e0914,t7e96339173167e82,same,0.9654,
uk,coastal,ra-g8u21e1614,tff852196d8596cfe,same,1.0,
uk,coastline,ra-g7u8e0709,t5dda65c85fa674de,same,1.0,
uk,coat,wy-g2u3e0154,t3cb9ec6188195953,same,1.0,
uk,coco,n00213,t46a08973bb8f5682,MISMATCH,0.2267,0.0879
uk,cocoa,ra-g9u31e2132,td913589907b8e0a5,same,1.0,
uk,coconut,n00214,t082d6102a10a2796,MISMATCH,0.2652,0.0883
uk,coffee,ox-g3u5e0244,t79378458e90b15fc,same,0.9578,
uk,coin,ox-g7u11e0705,t14de03ba83993d90,same,0.9845,
uk,coins,g16u6e6255,t7c262d2e80667666,same,1.0,
uk,coke,ra-g8u15e1174,taeb0ba126e741a79,same,1.0,
uk,cola,g3u3e3936,td9019f4688c2f9cd,same,1.0,
uk,cold,g2u8e0899,t75b46160e07614ea,same,0.9978,
uk,colin,n00215,t866292e8caac94d4,MISMATCH,0.3153,0.1176
uk,collect,ox-g7u11e0703,t4d37bed6fbee9a02,same,0.9958,
uk,collecting,g14u10e6091,tf23aaf022895f602,same,1.0,
uk,collecting erasers,g4u10e4013,ta340b3954c1d42ce,same,1.0,
uk,collection,ra-g8u22e1704,t93f92905a0d76d35,same,1.0,
uk,college,kb0134,t35e928c62e9d5ee9,same,0.9968,
uk,colombia,n00216,taa3461fa4e3f8880,MISMATCH,0.0616,0.0628
uk,colored,ra-g7u7e0663,t8278404bc0a43f8a,same,1.0,
uk,colour,wy-g1u4e0053,t5fb77f064e15d15d,MISMATCH,0.0606,0.0906
uk,colourful,n00217,t30c47670b3edcfc1,same,1.0,
uk,comb,ra-g9u36e2333,tc725e45685ab339f,same,1.0,
uk,come,g3u14e4104,t9d2d69e0ca20ab42,same,1.0,
uk,come along,n00218,tf52a89a6abc2cd9c,MISMATCH,0.0343,0.1306
uk,come back,wy-g3u3e0296,tdf1974baaec0ef77,same,1.0,
uk,come in,g6u1e5190,t9d19e3b0d9b78135,MISMATCH,0.2268,0.0835
uk,come off,n00219,taa8c8d25394490a1,MISMATCH,0.0539,0.1869
uk,come on,wy-g3u6e0373,t74bd70d97c5fc894,same,1.0,
uk,come out,n00220,td091f68636fc1cdc,MISMATCH,0.2918,0.1259
uk,come over,n00221,tb00724776233b965,MISMATCH,0.0246,0.0958
uk,come to an end,ra-g9u32e2157,tf07bf731e06fdd6a,same,1.0,
uk,come to life,wy-g9u3e2420,ta767e0525439abc1,same,1.0,
uk,come true,n00222,tfa95123782372ba9,MISMATCH,0.141,0.0946
uk,comedy,g8u5e0505,t73e0e8ee911d57bb,same,0.9735,
uk,comet,ra-g8u18e1448,td895f1e546ae5fdb,same,1.0,
uk,comfort,ra-g9u25e1854,ta94ab9aa6eec5764,same,1.0,
uk,comfortable,g8u4e0493,tf6ea8323d2f8a6f6,same,0.9369,
uk,comic,ox-g8u10e0812,t5bdae3aba12e2b69,same,0.9797,
uk,coming,n00223,t0ea44234e4a29c61,MISMATCH,0.386,0.0822
uk,comment,ra-g9u31e2114,taee8752f3d720aaa,same,1.0,
uk,common,kb0136,t109b078e7af85ed3,same,0.9985,
uk,communicate,ox-g9u5e0881,tb8bd0f1e59641b8e,MISMATCH,0.1619,0.0336
uk,communication,ra-g9u1e0652,t6d94fc3b4e3848c1,same,0.9941,
uk,community,ox-g7u7e0662,tb86a650b53dfa7ef,same,0.9988,
uk,company,kb0137,t2664d90b903cf964,same,0.9684,
uk,compare,kb0138,te393a0e550f45938,MISMATCH,0.1146,0.0888
uk,compass,ox-g9u1e0849,t7a3eb3c69db45c74,MISMATCH,0.4559,0.0471
uk,compete,kb0139,t781f63b39147428b,MISMATCH,0.2662,0.041
uk,competition,ox-g6u8e0580,t47a214d6c45058ff,MISMATCH,0.8775,0.0561
uk,competitor,n00224,tcadcfa31159fe7e5,same,1.0,
uk,complete,n00225,tfa73d8c41ea504f1,same,1.0,
uk,completely,n00226,t88b0254f5eefde9a,MISMATCH,0.2219,0.0437
uk,completion,ra-g9u33e2253,tf9bba11969704b33,same,1.0,
uk,comprehend,ra-g9u28e1972,t740f0d095d48dff0,same,1.0,
uk,computer,g3u14e4105,td10217c921b8aee4,same,1.0,
uk,computer class,g3u7e3998,t6f4063f5e27d6f48,same,1.0,
uk,computer room,g4u7e0067,t1b98d6d351dafbf8,MISMATCH,0.1123,0.0809
uk,concern,ra-g9u33e2238,t05c49d537161bdec,same,1.0,
uk,concert,kb0140,tf696960bc768808b,same,0.9543,
uk,conclude,ra-g9u37e2363,t0464e4b6baeb80b7,same,1.0,
uk,conclusion,ra-g9u25e1844,t806d14ed565965eb,same,1.0,
uk,condition,kb0141,t74838b740e2b95ac,MISMATCH,0.897,0.0331
uk,confidence,ox-g9u10e0937,tecf37721c4a584a5,same,0.9769,
uk,confident,ox-g5u9e0487,t08c07b5750a08061,MISMATCH,0.1225,0.1237
uk,confucius,ra-g7u6e0564,t5f98c9079510364f,MISMATCH,0.0738,0.0185
uk,confused,n00227,t92b30c6f32502a00,same,1.0,
uk,confusing,n00228,tba61656d799c8203,MISMATCH,0.2403,0.0166
uk,congratulate,n00229,te628221a426b4081,MISMATCH,0.0764,0.1188
uk,congratulation,kb0142,te5050f2a6a32f198,same,0.9274,
uk,congratulations,wy-g8u3e1913,t1fd35d679eb6bb41,same,1.0,
uk,congratulations (on ...)!,n00230,t19f16a50bddc2863,MISMATCH,0.1516,0.0452
uk,connect,kb0143,t8bdbdc729c620f9c,same,0.965,
uk,connect ... with,n00231,t0896ccd1682b1279,MISMATCH,0.228,0.0987
uk,connected,n00232,t7cdd418538f37083,MISMATCH,0.4956,0.0923
uk,connection,n00233,t159e88e85ea1c80b,MISMATCH,0.5913,0.1122
uk,consider,kb0144,t175a9d1fa82dc1b0,MISMATCH,0.1687,0.0637
uk,construction,ra-g9u31e2120,tfafd5f98b29c8616,same,1.0,
uk,contact,n00234,tc4098456012de398,MISMATCH,0.0963,0.127
uk,content,ra-g9u33e2239,tb14a99127497aba3,same,1.0,
uk,contest,n00235,t0cfb56934a7a2f37,same,1.0,
uk,context,wy-g8u7e0941,te747951710ebd146,same,0.9994,
uk,continent,ox-g7u3e0625,t6080c949432ad70c,MISMATCH,0.1978,0.0674
uk,continue,kb0145,t06804870d16ce131,MISMATCH,0.0122,0.0455
uk,control,kb0146,tf5748fd888be8c46,same,0.9954,
uk,convenient,ox-g6u1e0508,t06536f2e2927b080,MISMATCH,0.1423,0.0329
uk,conversation,g9u1e0584,t5299c67a4629bc40,MISMATCH,0.6656,0.0512
uk,cook,g4u6e0057,tb5e3ad14594d5f2f,same,0.9859,
uk,cookie,kb0147,tc86bf8c717b0470a,same,0.9969,
uk,cooking,ra-g8u19e1464,t7cf6fb13e3b2d94f,same,1.0,
uk,cooking dinner,g3u11e4050,tef35f155f00332cc,same,1.0,
uk,cool,g4u9e0088,t03c0b9fbe2920e48,same,0.9982,
uk,cooper,n00236,tf4bdbe43663c245b,MISMATCH,0.1564,0.1244
uk,cooperate,kb0148,t4e7dce596fa1c46b,same,0.9794,
uk,cooperation,ox-g9u5e0882,t485391992acff8ef,same,0.9553,
uk,copy,kb0149,t7b6e9e72277b6022,same,0.9741,
uk,coral,n00237,t0d94a577d40aee33,MISMATCH,0.2237,0.1261
uk,corn,g8u8e0536,t9e7978f811c8fa9b,same,0.9991,
uk,corn silk,wy-g7u5e1415,te9edbe8fa0405155,same,1.0,
uk,corner,kb0150,tbf02993ac7c3b271,same,0.9988,
uk,correct,kb0151,t57632c923a72c9e8,MISMATCH,0.2537,0.1018
uk,correctly,n00238,tf8c34105286de194,MISMATCH,0.2787,0.0997
uk,cost,kb0152,tfd1e9bb48b0770a7,MISMATCH,0.201,0.1004
uk,costume,ox-g6u5e0547,td94f85857e8d5884,MISMATCH,0.135,0.0673
uk,costume party,n00239,te25488904dbc4b13,MISMATCH,0.2326,0.052
uk,cotton,g9u5e0621,t78f5cac1b699ecde,MISMATCH,0.1247,0.1431
uk,couch,wy-g7u10e1664,t22fa215ec0c35030,same,1.0,
uk,couch potato,wy-g7u10e1665,t998ba0fe587961db,same,1.0,
uk,cough,g8u11e0565,t83604b8e970a5cad,same,0.9251,
uk,could,kb0153,t7f8af92e6ff17439,same,0.9715,
uk,could you please tell me how to get to the post office?,n00240,t4015cb6da5494160,same,1.0,
uk,count,wy-g3u10e0300,t0f3d0ca4b315014c,MISMATCH,0.8925,0.0952
uk,count down,n00241,tf8222af0afc099d4,MISMATCH,0.0395,0.109
uk,countless,wy-g9u4e2461,t15ef4a539ebecd1b,same,1.0,
uk,country,ox-g7u1e0607,t8dc78978de44fa59,same,0.9518,
uk,countryside,kb0154,t56f295bb018410dd,MISMATCH,0.6725,0.0498
uk,couple,kb0155,t0a07f024c41fe265,same,0.913,
uk,couplet,n00242,tefe2b0ec8aaf1c56,MISMATCH,0.1725,0.1475
uk,courage,ox-g9u1e0844,t723f3a32b9052bd8,same,0.9213,
uk,course,kb0156,t4d66c39bd44134a2,MISMATCH,0.8552,0.1484
uk,court,ra-g7u11e0867,tb32f031c9ec94251,same,1.0,
uk,cousin,g3u10e4035,te5ed63ad81a61a90,same,1.0,
uk,cover,kb0157,t043c63c3ce44d3e8,MISMATCH,0.8689,0.0898
uk,covering,ra-g8u20e1571,t79fdcf545ab0d3cf,same,1.0,
uk,cow,ox-g1u10e0069,tf3fda97b76b3e9e5,MISMATCH,0.0567,0.0707
uk,cpc founding day,n00243,t48dd17af990619bd,MISMATCH,0.1389,0.0409
uk,craft,g10u3e7058,t871e25323d397b11,same,1.0,
uk,craven,n00244,tdc94c0b5b2d2d0e7,MISMATCH,0.2329,0.0651
uk,crayon,wy-g1u7e0089,t8dfdb63843739ca3,same,1.0,
uk,crazy,kb0158,tc73bac820dff4e3f,same,0.9943,
uk,cream,n00245,tdf372172d72f247f,MISMATCH,0.117,0.0697
uk,create,kb0159,tdab8093badfd90f1,same,0.996,
uk,creative,ox-g8u9e0809,t29610f219f55706f,same,0.996,
uk,creativity,n00246,tabd4b28a8e9eb868,MISMATCH,0.0314,0.0588
uk,credit,ra-g8u20e1526,t94ffbb9c46d6e162,same,1.0,
uk,crew,ra-g9u35e2281,ta79ed8a98d8653d9,same,1.0,
uk,crispy,n00247,t1ef9ef6ed1befefd,MISMATCH,0.1517,0.0591
uk,crocodile,g6u3e4244,t79d253d55cf1aa42,same,1.0,
uk,cross,ox-g7u7e0670,t5aa858fa25c7073f,same,0.9635,
uk,crossroads,g4u7e3964,tc31930c4c3844eff,same,1.0,
uk,crowd,ox-g6u1e0503,tcd75e0ec76207789,same,0.9548,
uk,crowded,kb0160,t849e868644bd0000,same,0.9981,
uk,cruel,n00248,t135e181b8e61df06,MISMATCH,0.2823,0.1234
uk,crust,n00249,t689948bfa4048358,MISMATCH,0.0517,0.1235
uk,cry,g9u11e0681,tfd30a89278d0cd33,same,0.9535,
uk,cubic,n00250,t23918f9bda81a137,MISMATCH,0.1726,0.0665
uk,cubic metre,n00251,td6e1f5f8717a82aa,MISMATCH,0.1537,0.0204
uk,cucumber,kb0161,tfc345c3402eca4e4,MISMATCH,0.7069,0.0382
uk,cultural,n00252,t425b88478f4909f4,MISMATCH,0.1761,0.107
uk,culture,ox-g6u4e0535,t6b63bc0c38ebbf29,MISMATCH,0.8838,0.0768
uk,cup,g3u14e4106,tac5870030e165aa9,same,1.0,
uk,cupboard,g10u3e7065,t2c1f32c6aa082bcd,same,1.0,
uk,cupcake,wy-g3u10e0519,t097e6f10ba957bfb,same,1.0,
uk,cure,n00253,t5c837411ddaabea1,MISMATCH,0.1819,0.1073
uk,curiosity,n00254,t173c5adb9f2eecda,MISMATCH,0.0437,0.0461
uk,curious,kb0162,tc46b1bdc20d3524d,MISMATCH,0.837,0.0787
uk,curly,g5u2e4060,tc364476c3d41dd1d,same,1.0,
uk,curry,n00255,tb66dec2f4c639156,MISMATCH,0.1898,0.1154
uk,custom,g9u10e0672,t0dcd0937c1c3b1b1,MISMATCH,0.6217,0.1107
uk,customer,kb0163,td315f3ab1c1ba36a,same,0.9797,
uk,cut,kb0164,te9b8f2061dd3322e,MISMATCH,0.891,0.0809
uk,cut ... in half,n00256,tc56abd18d1955644,MISMATCH,0.25,0.0537
uk,cut down,n00257,tf04941dfe5b53483,MISMATCH,0.2007,0.0886
uk,cut off,ra-g9u36e2330,t44d1216cbe71d082,same,1.0,
uk,cut sth in / into sth,n00258,t007408286b74b129,MISMATCH,0.0785,0.0482
uk,cut up,g8u8e0538,t42518b3bf0fb0f9d,MISMATCH,0.1229,0.0924
uk,cute,g3u14e4107,t253d53b12334a95c,same,1.0,
uk,cyberbullying,wy-g8u6e2057,t7c2122bb66a3dee6,same,1.0,
uk,cycle,ox-g7u8e0673,t4a30c2a9d684361e,MISMATCH,0.0993,0.0883
uk,cycling,ox-g4u4e0332,t5ef057491682e843,MISMATCH,0.4597,0.0691
uk,dad,g3u8e1011,t2d3006e2f3d42836,same,0.9949,
uk,daddy,wy-g3u6e0376,t35682143d38d30f4,same,1.0,
uk,daily,kb0165,tbc01f928bb3b1ee7,same,0.9704,
uk,daily life,wy-g7u10e1649,t425dfe0df8634f8c,same,1.0,
uk,daily routine,n00259,t97f012a23cfd1fbd,MISMATCH,0.129,0.0262
uk,dam,ra-g9u29e2037,t4c151680fe11ef52,same,1.0,
uk,dance,g3u4e3953,t73ef276f984d9c53,same,1.0,
uk,dancer,ra-g8u13e0965,t0cd830da60c0ccf3,same,1.0,
uk,dancing,n00260,t8ebfcbe58d733132,MISMATCH,0.3242,0.1049
uk,danger,ox-g9u1e0845,t695d63f4793a0c94,MISMATCH,0.1841,0.037
uk,dangerous,kb0166,t8f36ede45a1f4be8,same,0.9888,
uk,danish,g6u5e4285,t725315b2e6b8bb48,MISMATCH,0.1905,0.0428
uk,dare,n00261,t45cefad8c5905788,MISMATCH,0.4624,0.1376
uk,dark,g9u4e0611,t0d95dc1b52ac1f1c,same,0.9677,
uk,darling,n00262,t96344a9b479e739c,MISMATCH,0.0617,0.0918
uk,date,g7u8e0415,t793a7a7f641c38ee,same,0.9034,
uk,daughter,g7u2e0356,t50c79883799e8f3f,same,0.9987,
uk,david,n00263,t43ad378cab667705,MISMATCH,0.2165,0.0775
uk,davis,n00264,t3f3c330e2e5ca449,MISMATCH,0.05,0.0457
uk,day,g2u12e0940,t24d40f22980b7da2,MISMATCH,0.8096,0.2003
uk,day by day,n00265,tda7543afd921d856,MISMATCH,0.0656,0.0709
uk,daydream,ra-g9u27e1943,t7de6b8e9dcec1e9f,same,1.0,
uk,daylight,wy-g8u6e2075,tac2b522eeb61b710,same,1.0,
uk,days,g10u1e7028,t36787abd4521820a,same,1.0,
uk,daytime,n00266,ta0a3a174326c70f8,MISMATCH,0.2607,0.059
uk,dead,kb0167,tcdcaab6871dacb34,same,0.9967,
uk,dead sea,n00267,t88a458656412d4f6,same,1.0,
uk,deadly,ra-g8u21e1626,t772e6391d60377a8,same,1.0,
uk,deaf,kb0168,tcad6765514c1250d,same,0.9729,
uk,deal,ox-g8u8e0795,t37b9b751e4c644fc,same,0.9725,
uk,deal with,ra-g8u14e0507,t53cb5e4a1d61aa2f,same,0.9969,
uk,dear,g3u1e3905,taf88813352cfa2c4,same,1.0,
uk,death,kb0169,tf5f7da00a2f48bfc,MISMATCH,0.1595,0.1012
uk,debate,wy-g6u2e1125,t90ce54ca50faa1ba,same,1.0,
uk,december,g3u6e3986,t0f90cb4c45f5cd5c,same,1.0,
uk,decide,ox-g7u5e0643,t62c4d7a57a413af6,same,0.9778,
uk,decision,wy-g9u4e0878,tecb2383b5f7382a1,MISMATCH,0.2695,0.0651
uk,decorate,ox-g4u7e0366,td6e1b6c2b1b8ed02,same,0.9625,
uk,deep,wy-g9u1e0847,ta16d5960a3d49a55,same,0.9468,
uk,deeply,wy-g9u4e2453,t505416a73210df5c,same,1.0,
uk,deer,wy-g2u9e0184,tf0ba4ca54b1bb5a2,MISMATCH,-0.0001,0.1253
uk,defeat,n00268,tba4a5e1ffaf5a2d7,MISMATCH,0.5355,0.0219
uk,defend,g17u3e7832,t8856981dc22bae7b,MISMATCH,0.0487,0.0894
uk,degree,ox-g7u4e0634,t9ce22b47854f0aea,same,0.9859,
uk,delicious,g3u6e3990,t8adbfe25ce2ea2d6,same,1.0,
uk,delivery,ra-g7u11e0859,td94fcbbde2eee712,same,1.0,
uk,delivery worker,n00269,ta590b657c8140592,MISMATCH,0.189,0.0321
uk,dentist,kb0170,t2a4a77f458209d32,MISMATCH,0.7756,0.0704
uk,department,g12u2e7197,t7f013e2c593aa8e2,MISMATCH,0.2243,0.1096
uk,depend,kb0171,t876b722c16002b70,same,0.9727,
uk,depend on / upon,n00270,te449eb302cd84e6d,same,1.0,
uk,depth,n00271,t511721a20ec772d9,MISMATCH,0.3455,0.2101
uk,describe,kb0172,t7db11cc4ea2728c6,MISMATCH,0.6245,0.1283
uk,description,n00272,t4e0f19582ca7e626,MISMATCH,0.0408,0.0678
uk,desert,ox-g7u3e0624,tb8989d4457b6078e,same,0.9829,
uk,design,kb0173,tdd38fa41e9522123,same,0.9364,
uk,designer,n00273,td7865d8936d78731,MISMATCH,0.2961,0.098
uk,desk,wy-g1u6e0073,t8e3e065c593dddfc,same,1.0,
uk,desktop,ra-g8u22e1691,t51517459d899906c,same,1.0,
uk,dessert,n00274,t52a77ed89dfbf6a5,same,1.0,
uk,destination,ox-g7u6e0657,t44504a067be189f1,same,0.9821,
uk,destroy,ra-g9u5e0709,t75bd3f04168f974c,MISMATCH,0.7652,0.1362
uk,detail,n00275,te563d91f13465a60,MISMATCH,0.1567,0.1114
uk,detective,ox-g8u3e0747,t86d930b3f41dde01,MISMATCH,0.8722,0.0829
uk,detector,wy-g8u4e1928,t35d64011156062d8,same,1.0,
uk,determined,n00276,t3c61569f879c6df0,MISMATCH,0.1438,0.0753
uk,develop,kb0174,tb7dde9a410fbd94a,same,0.9613,
uk,developer,ra-g9u30e2068,t06b39513c3155212,same,1.0,
uk,development,ra-g9u1e0645,t4d0e6638329583f2,same,0.9671,
uk,devoted,ra-g9u30e2069,t6e8e16e9069e50c4,same,1.0,
uk,devotion,ra-g9u32e2184,tcb9399b2fb3d9e32,same,1.0,
uk,dialog,n00277,t3040bc1fc33f651a,MISMATCH,0.0443,0.1474
uk,dialogue,kb0175,t37decc1c6472852c,same,0.9782,
uk,diameter,ra-g8u18e1402,t2d76080e5bd55754,same,1.0,
uk,diana,n00278,t8e8b9ed81d4ebccf,MISMATCH,0.1604,0.0773
uk,diary,kb0176,t1d3bd3b588df1dd9,same,0.9819,
uk,dickon,n00279,td18ad6bb04d77cd9,MISMATCH,0.3484,0.045
uk,dictionary,g7u3e0362,tacd1fada59e4525b,MISMATCH,0.8926,0.1126
uk,did he use to wear glasses?,n00280,tedcf2c83a44f7b97,same,1.0,
uk,did you buy anything?,n00281,te3193b85919691d0,same,1.0,
uk,did you do anything else?,n00282,tc7646b9ab6e39905,MISMATCH,0.1488,0.0206
uk,did you eat mooncakes?,n00283,tabe1b686ff9b2dd3,MISMATCH,0.0697,0.0138
uk,did you go to turpan?,n00284,t24f821f1ba45f861,MISMATCH,0.1596,0.0761
uk,did you have a nice school trip?,n00285,t5f2c77085ebdee66,same,1.0,
uk,did you take a trip?,n00286,tf0ca311e92bf6991,MISMATCH,0.1006,0.0557
uk,didn't,g9u4e5525,t2a7d86fc9d7d2916,same,1.0,
uk,die,wy-g7u12e0718,tc1a047d0cf81b702,same,0.9315,
uk,die out,wy-g7u6e1478,tcf106820faa0e089,same,1.0,
uk,diet,ox-g5u10e0494,tb9ff36b2579f4a4c,same,0.9703,
uk,difference,kb0177,t6571b14bd5c397d1,MISMATCH,-0.0515,0.0616
uk,different,g6u4e0276,tb7760934c5318b0d,same,0.969,
uk,different from,n00287,tc915aa256c249aa4,MISMATCH,0.1104,0.0718
uk,differently,n00288,t69949d04344e7578,MISMATCH,0.2375,0.1077
uk,difficult,g3u14e4108,t87f92a6890fbc3c3,same,1.0,
uk,difficulty,n00289,t8ad2e5a320910d37,MISMATCH,0.1412,0.1269
uk,dig,kb0179,te2addc638e8ef102,MISMATCH,0.1624,0.1711
uk,digital,kb0180,tadb193bc9acacdb9,MISMATCH,0.7977,0.1521
uk,dining,kb0181,t480e0553a7e31e6c,same,0.9961,
uk,dining hall,g6u10e0338,t867d0c6d8c472ef1,MISMATCH,0.1353,0.0772
uk,dining room,g3u12e4075,t3cad393a8adc9dc3,same,1.0,
uk,dinner,g4u8e0075,t574d0765e748ba62,same,0.9519,
uk,dinosaur,ox-g8u5e0761,t1e611c3300c06d3a,MISMATCH,0.7601,0.0814
uk,diploma,ra-g9u37e2355,tf70fa12b6d728cb9,same,1.0,
uk,direct,kb0182,t2e86dcfd04426801,same,0.9923,
uk,direction,g9u3e0605,t841669ae96289065,same,0.93,
uk,directly,ra-g8u20e1558,t373804fa59ed33a2,same,1.0,
uk,director,g9u9e0665,t7318ba67af1e114c,same,0.9773,
uk,dirty,kb0183,tf5815d8d1b759ce7,same,0.9175,
uk,disadvantage,ra-g8u22e1686,t4a4624cb0cb99c92,same,1.0,
uk,disagreement,wy-g8u8e2153,tb4ad7313d11213f3,same,1.0,
uk,disappear,ox-g8u5e0769,tfee23ab212054411,MISMATCH,-0.1849,0.1039
uk,disappoint,kb0184,t0ea52d91e79ff43e,MISMATCH,0.7686,0.1102
uk,disappointed,ra-g8u13e0491,te01c7255dbc6593d,same,0.987,
uk,disappointment,ra-g8u20e1608,t46e47dbaaf89555e,same,1.0,
uk,disaster,kb0185,tdd8bb01887503343,same,0.9793,
uk,disbelief,n00290,tfb762aaa06b5c66b,MISMATCH,0.1357,0.093
uk,discover,kb0186,tc4e710edae50b9b4,MISMATCH,0.5496,0.0882
uk,discovery,ox-g9u4e0875,t7700a2dd931a8b3d,MISMATCH,0.6772,0.067
uk,discuss,kb0187,t248583f921c73621,MISMATCH,0.478,0.0426
uk,discussion,ra-g8u19e1504,tf6d7472111b4e7f3,same,1.0,
uk,disease,kb0188,t6f087aa1eb6b95ec,MISMATCH,0.7795,0.065
uk,dish,ox-g4u10e0395,t4694ff08abca37ab,MISMATCH,0.8361,0.0924
uk,disk,ra-g9u27e1924,tfa82e3e7b65a260f,same,1.0,
uk,disneyland,g4u12e4036,t526177b67ccdb979,same,1.0,
uk,distance,ox-g7u8e0672,t5da7ac9c3bd68b3f,same,0.9568,
uk,district,ox-g7u7e0663,tcbdfe7328ef51d38,MISMATCH,0.4898,0.0735
uk,dive,n00291,t7dbac980531068f5,MISMATCH,0.2653,0.0824
uk,diversion,ra-g9u29e2009,t757b1e5e844bb410,same,1.0,
uk,divide,kb0189,t57bd29071bcc6f56,same,0.9734,
uk,divide ... into,n00292,tebc2adceb2fcc0c3,MISMATCH,0.1071,0.0594
uk,dividing line,wy-g8u3e1873,t8e923f9c363f1084,same,1.0,
uk,do,g1u6e0755,t654bc5d604841f54,same,0.9498,
uk,do chores,n00293,tdcc28869808d1ed3,MISMATCH,0.1721,0.0811
uk,do exercises,n00294,tf8c907075bea6692,MISMATCH,0.1399,0.0789
uk,do homework,g7u11e0449,tfbbc98ae9ab93145,MISMATCH,0.0736,0.0435
uk,do morning exercises,g5u7e0181,tcaf11fa98d88c7fe,MISMATCH,0.1516,0.0934
uk,do the housework,g4u11e4022,t46c683d39b9316cd,same,1.0,
uk,do with,n00295,ta3337541c973bc6d,MISMATCH,0.115,0.0693
uk,do you have a pet?,n00296,t30b6034d1eab150e,MISMATCH,0.0416,0.0629
uk,do you have old things?,n00297,t49671cf5ba0d4565,MISMATCH,0.1145,0.0773
uk,do you learn english by reading aloud?,n00298,t1041fffb5648b0d3,MISMATCH,0.1529,0.0372
uk,do you like the farm?,n00299,t07ee8b4f649ad1d8,MISMATCH,0.1226,0.0483
uk,do you often say that to your mum?,n00300,t89c57d347cfd9446,same,1.0,
uk,doctor,wy-g2u2e0145,t363aa629dca6e633,same,1.0,
uk,documentary,ra-g9u16e0849,taede2ec5d1be3168,same,0.9677,
uk,dodo,wy-g7u6e1465,t4aac5639cddae5ba,same,1.0,
uk,does,g2u3e0848,t68466619aae8314b,MISMATCH,0.7063,0.0779
uk,does your mother work on both saturdays and sundays?,n00301,t7f5a9858d8178bf4,same,1.0,
uk,doesn't,g10u1e7023,tffd77e4344594def,MISMATCH,0.0774,0.1513
uk,dog,ox-g2u2e0083,t3984c7c1d25e9c9f,same,1.0,
uk,dogs are friendly.,n00302,ta925a937e6a07974,MISMATCH,0.0902,0.0714
uk,doing jigsaw puzzles,g4u10e4011,t62c5c685509826da,same,1.0,
uk,doing morning exercises,n00303,tdcfffff50f0f8db4,same,1.0,
uk,doll,ox-g2u4e0092,t2a9ee71d15756f90,same,1.0,
uk,dollar,kb0190,t698698456af85565,same,0.9437,
uk,dolphin,ox-g5u6e0458,tc6c331a4bac39ecd,same,0.998,
uk,don't,g3u2e4897,t4c0dfc9e8028c7ca,MISMATCH,0.2102,0.0819
uk,don't stay up late.,n00304,tb6eb8db191e535d1,MISMATCH,0.048,0.0775
uk,"don't waste food, please.",n00305,t109803037a2613d8,same,1.0,
uk,donate,kb0191,ta1b638e0cc676cea,same,0.9977,
uk,donation,ox-g6u10e0593,t45df6c25bff2cbc7,same,0.9911,
uk,dongpo pork,n00306,ta1de9383e24893b6,MISMATCH,0.2017,0.0742
uk,door,wy-g1u5e0059,t0cc40f55e5211891,same,1.0,
uk,dot,wy-g4u11e0855,tfa088efbf59e8d30,same,1.0,
uk,double,kb0192,t6e9d9a1a06d9fecd,MISMATCH,0.8468,0.1488
uk,doubt,kb0193,t05eb718185ae85a1,same,0.9361,
uk,down,wy-g1u5e0062,t61ed498d675b2f67,same,1.0,
uk,download,ox-g9u2e0857,t20cd3f749f7f256f,MISMATCH,0.3779,0.0679
uk,downtown,ox-g7u7e0664,t431b341e8571accd,same,0.9921,
uk,dozen,ra-g9u37e2343,tb6bfd7578c1145a9,same,1.0,
uk,dozens of,ra-g9u37e2344,t3192a75264819cf2,same,1.0,
uk,dr,n00307,t4a0e284917ba025c,MISMATCH,0.0928,0.1412
uk,dr.,ra-g7u9e0817,t0e63e8e905c0baa7,MISMATCH,0.034,0.0917
uk,dragon,ox-g4u7e0361,tc4812281f3011704,same,0.9978,
uk,dragon boat,ox-g6u5e0549,t44c5bf098e521cc8,MISMATCH,0.297,0.0657
uk,dragon boat festival,n00308,t70c3e11380c69740,MISMATCH,0.0965,0.0873
uk,dragon dance,g6u10e5279,tb8b89af44157fd74,MISMATCH,0.1447,0.0824
uk,drama,kb0194,t3564c53a747d80b7,same,0.9988,
uk,drank,n00309,tb0c44e3d16c2bfb4,MISMATCH,0.1938,0.0718
uk,draw,ox-g1u4e0028,t6986c45a8cb7e16d,same,1.0,
uk,draw pictures,g3u9e4017,t56a310d53d827725,same,1.0,
uk,draw to a close,n00310,ta9d594d17f967d8e,MISMATCH,0.1576,0.0991
uk,drawer,g7u4e0375,t1e8056b32e02fd03,same,0.9649,
uk,drawing,ra-g9u35e2277,ta3fa9832774c276e,same,1.0,
uk,dream,ox-g9u12e0958,t53271d2c70dd4e20,same,0.9405,
uk,dream of,n00311,t8a88ba83df2641db,MISMATCH,0.02,0.1045
uk,dreamer,wy-g9u4e2459,ta4c51baa09410bfe,same,1.0,
uk,dreamland,wy-g9u2e2360,tbdff270844cdeda6,same,1.0,
uk,dress,ox-g2u9e0119,t3a7397c2adbb36ad,same,1.0,
uk,dressmaker,wy-g4u12e0878,te6e380dd127ae9e7,same,1.0,
uk,drift,wy-g8u3e1881,t19999a4799c788fb,same,1.0,
uk,drink,g1u11e0807,tce702b590d4ca192,same,0.9971,
uk,drink cold drinks,g5u11e4173,ta5515178cf892ea5,same,1.0,
uk,drink more water.,n00312,t84599a9427eeee98,MISMATCH,0.1028,0.0674
uk,drinking,n00313,t61cfaa1277b89181,MISMATCH,0.1149,0.0737
uk,drive,g7u12e0452,te2c53ec3cdefa49d,same,0.9979,
uk,drive sb. crazy/mad,n00314,t9ac469f1c24213e6,same,1.0,
uk,driver,wy-g2u3e0158,t8f8dda5f79e6b88d,same,1.0,
uk,drop,kb0195,tff4a3770670a3568,MISMATCH,0.0333,0.1769
uk,drop by,n00315,te821ea7c44591373,MISMATCH,0.0549,0.1233
uk,drop sb a line,n00316,t5152002ee6dd2aab,MISMATCH,0.1465,0.0491
uk,droppings,wy-g7u6e1439,t0e3f06071166c1ae,same,1.0,
uk,drought,ox-g7u4e0640,t7acf2c2c68084e7f,same,0.9966,
uk,drug,ra-g9u27e1929,t3f0902348d2d1b91,same,1.0,
uk,drum,g7u10e0434,t78305286e0949321,same,0.9796,
uk,dry,ox-g4u3e0325,t2999549448df3465,same,0.9986,
uk,duck,ox-g1u10e0068,tc2f3dede0fd896ac,same,1.0,
uk,duckling,n00317,t1e055926e35c0ec8,MISMATCH,0.332,0.1249
uk,due,ra-g8u18e1434,t94f3ece15c33f0d6,same,1.0,
uk,dull,wy-g7u10e0443,t30b589115713a2a2,same,0.9997,
uk,dumpling,ox-g4u7e0364,t85caece0f43e9dc6,same,0.9724,
uk,during,kb0196,t34318efb99379185,same,0.9713,
uk,dust,n00318,t48b3cb52fcd987ac,MISMATCH,0.0906,0.0946
uk,duty,ox-g7u10e0699,t95d1e51c7d855455,same,0.9265,
uk,dynasty,ra-g9u14e0821,ta26f9dd17775fcf0,MISMATCH,0.1071,0.0939
uk,déjà vu,n00319,t087d698a0a0c0d2c,MISMATCH,0.1539,0.0559
uk,each,kb0197,t2ced69d602801c92,same,0.9923,
uk,each other,g9u2e0598,tc8eb5823df846119,MISMATCH,0.0586,0.0709
uk,eager,ra-g9u28e1988,tf814cf9e42e4d6c8,same,1.0,
uk,eagle,kb0198,t1e5e65a02efe24af,same,0.9824,
uk,ear,ox-g1u3e0022,t0ca11cddd7503f6e,same,1.0,
uk,early,ox-g2u10e0188,t89a1e240fe99dcbc,same,1.0,
uk,earn,ra-g9u30e2082,t1a3a8cc1d283971a,same,1.0,
uk,earring,n00320,t87d736b69221cbfd,same,1.0,
uk,earth,ox-g9u7e0901,taaf8f3fcdfab3642,same,0.9956,
uk,earthquake,kb0199,t72b4118ce6f5aa8d,same,0.9463,
uk,easily,n00321,tf50fcc9055a6fdb1,same,1.0,
uk,east,kb0200,t50324ee683e239a9,MISMATCH,0.8057,0.0237
uk,east african rift valley,n00322,t9c0ffddc478c7934,same,1.0,
uk,eastern,n00323,t3276a39ccaaef1e7,MISMATCH,0.3719,0.0661
uk,easy,wy-g5u8e0475,td02c83e1f278e7db,MISMATCH,0.628,0.0369
uk,eat,g1u10e0800,ta10ffc6c9eae9fc7,MISMATCH,0.6686,0.0274
uk,eat breakfast,g5u7e0182,t90b1d64afd808962,MISMATCH,0.0777,0.0844
uk,eat dinner,g5u7e0185,ta2324c31f047b83d,MISMATCH,0.0375,0.116
uk,eat ice-cream,g5u11e4175,t88ec3af4fbb2d02a,MISMATCH,0.0413,0.0628
uk,eat out,n00324,t3606eca76ac1099f,MISMATCH,0.1076,0.0768
uk,eat seafood,g4u9e3999,tef63d8ed15bc0db5,same,1.0,
uk,eat some every day!,n00325,t259f0dd7a495cc53,same,1.0,
uk,eating,g5u11e0228,t49d35f22db9ab169,MISMATCH,0.8919,0.0919
uk,eating lunch,g5u12e0232,t7957a609aa3284a7,MISMATCH,0.1636,0.0411
uk,economy,ra-g8u20e1581,t51448d386c61d540,same,1.0,
uk,ecosystem,n00326,t0dd7318c5efaa3e0,MISMATCH,0.0511,0.0484
uk,editor,ox-g8u7e0785,t7e2b429b731e3868,same,0.9286,
uk,educate,n00327,t057bfd076982785a,MISMATCH,0.2383,0.0643
uk,education,kb0201,tebb91467baadff20,MISMATCH,0.5738,0.0988
uk,educational,ox-g9u4e0871,t8566ec7beeeae81b,same,0.9854,
uk,educator,ra-g9u14e0829,taf159ab4c45cc5af,same,0.9505,
uk,edward,n00328,t2a6db50c631bb7bb,MISMATCH,0.1843,0.1268
uk,effect,kb0202,td486f15e7cf599fe,same,0.9453,
uk,efficient,ox-g8u2e0740,t5aff61cfcb8d91aa,same,0.9886,
uk,effort,ox-g9u12e0956,td943f2928fbc6db5,MISMATCH,0.8285,0.1581
uk,egg,ox-g2u3e0088,t830faa9edfef1705,same,1.0,
uk,egypt,n00329,t29c0022ad1226018,MISMATCH,0.0673,0.0545
uk,egyptian,ra-g9u33e2243,t3d36ecba8327a079,MISMATCH,0.1075,0.0774
uk,eiffel tower,n00330,tadb0b5b239820bcc,MISMATCH,0.0446,0.1097
uk,eight,wy-g1u3e0042,t684afb3627970899,same,1.0,
uk,eighteen,g3u12e1058,tdb0ad270bb76b2b9,same,0.9264,
uk,eighth,g10u2e7036,te34d9ef1aa3faa40,MISMATCH,0.2362,0.1378
uk,eighty,n00331,t9095d2adeb3789f9,MISMATCH,0.2163,0.0946
uk,either,kb0203,t87adec873875aeba,same,0.9805,
uk,elbow,n00332,tbc094eb698116bd1,MISMATCH,0.1834,0.1073
uk,elder,kb0204,ta94f09232924b9f1,same,0.9976,
uk,elderly,ox-g6u10e0597,tda0ab2646bb99904,same,0.9776,
uk,elect,ra-g9u33e2226,t3ef86bb69e5aa84d,same,1.0,
uk,electric,kb0205,tc8fc146029d18521,same,0.9942,
uk,electricity,ra-g9u6e0719,tbb352acf1ab067d5,MISMATCH,0.8583,0.0675
uk,electronic,g9u9e0663,t9a9d79efc6933b1f,same,0.9946,
uk,elephant,ox-g1u10e0075,t38bcd80d8031ff3d,same,1.0,
uk,eleven,wy-g2u1e0126,tdc655ba7ec610e78,same,1.0,
uk,eleventh,g10u2e7037,tf442b38b9b872c20,MISMATCH,0.1032,0.1137
uk,ella,n00333,t637ede8cdf324038,MISMATCH,0.4468,0.1332
uk,else,kb0206,t1fdff0711e291acb,same,0.9691,
uk,email,g6u4e0272,t6edf2d8b3f54fe8d,same,0.9856,
uk,embarrassed,n00334,t71430f413d57bb89,same,1.0,
uk,embarrassing,n00335,t836730d1823d9e41,MISMATCH,0.1891,0.0496
uk,embroidery,ox-g9u9e0927,tcf3ffd8cb544f194,same,0.9979,
uk,emergency,ox-g7u10e0696,tbf95ab6865897394,same,0.991,
uk,emission,ox-g9u7e0903,td874a359027bfad1,same,0.92,
uk,emma,n00336,t58d3dfa3a5f7b71f,MISMATCH,0.0246,0.0965
uk,emotion,n00337,t8a5ae23901201b83,MISMATCH,0.4161,0.0616
uk,emotional,n00338,t05cb789113c323ce,MISMATCH,0.0602,0.0464
uk,emotional intelligence,n00339,tce1c5a8fb3d57430,MISMATCH,0.1268,0.0366
uk,emperor,kb0207,t9f963034b185adf4,MISMATCH,0.0425,0.0822
uk,empire,ra-g9u32e2155,t25ea2b80f5c40cd9,same,1.0,
uk,empress,kb0208,t7de6d237db23b5fa,MISMATCH,0.7432,0.0773
uk,empty,n00340,t7c98853141ee9261,MISMATCH,0.4626,0.1038
uk,encourage,kb0209,t16636000529de85c,MISMATCH,0.0455,0.0759
uk,encouraging,wy-g8u6e2102,t9dc8e9bf1dbff29a,same,1.0,
uk,end,kb0210,t66756a365323072b,same,0.9982,
uk,end up,n00341,t8c9b595a4685a33a,MISMATCH,0.0587,0.1311
uk,endangered,wy-g9u5e2503,t0c3f45770f3acefe,same,1.0,
uk,ending,n00342,t496eb6d107fe2a8f,MISMATCH,0.4526,0.0502
uk,endless,wy-g8u11e2271,t28e2b3cb3cdc9f40,same,1.0,
uk,enemy,kb0211,tbf30a7da607c8a88,same,0.9783,
uk,energetic,kb0212,t6b51537443a6c480,same,0.9394,
uk,energy,ox-g5u7e0463,t014e017eb39655ba,same,0.9955,
uk,engine,wy-g9u4e1274,t1b5ee450c56ca11a,same,0.9994,
uk,engineer,g8u6e0511,td87ed462722562ce,MISMATCH,0.5444,0.0469
uk,engineering,ra-g9u29e2018,t09dbe661b887c518,same,1.0,
uk,england,wy-g4u10e0393,t6135a20546436412,same,0.9921,
uk,english,g3u7e3992,t24893087e709e466,same,1.0,
uk,enjoy,ox-g3u9e0290,t04d00359cf2dbc06,MISMATCH,0.0566,0.0934
uk,enough,ox-g6u2e0520,t57d45934577c09df,same,0.998,
uk,enter,kb0213,t5eab92091dadf7f5,same,0.9239,
uk,entertain,ra-g8u20e1546,tb2d65fe7a14e8993,same,1.0,
uk,entertainment,ox-g8u2e0737,tda5d368d6ced14bb,same,0.9948,
uk,entire,ra-g9u31e2118,ted412e120ff8c8a7,same,1.0,
uk,entrance,ox-g7u9e0686,te7f2f221fcfe401d,MISMATCH,0.7313,0.0514
uk,entry,n00343,t6a9fe39c80477f94,MISMATCH,0.2562,0.0513
uk,envelope,g6u10e5280,t5ec179988ab510ba,same,1.0,
uk,environment,g8u7e0524,tf89f5eb8f6630016,MISMATCH,0.1386,0.0953
uk,environmental,ra-g9u25e1873,tcb6d4ce07881aa53,same,1.0,
uk,equator,wy-g4u4e0721,t81fa84ab9a0e2687,same,1.0,
uk,er,wy-g5u3e0943,tf4b517984ba6b91d,same,1.0,
uk,era,kb0214,t5c34be9f9dbe56d3,same,0.9747,
uk,erase,ra-g9u38e2387,tec48474ad4b9211a,same,1.0,
uk,eraser,wy-g1u7e0088,t9084575a531a8f27,same,1.0,
uk,eric,n00344,t15cc1206feec3508,MISMATCH,0.0607,0.1251
uk,ernest hemingway,n00345,te96463152f161e63,MISMATCH,0.1036,0.0617
uk,erupt,wy-g8u6e2076,tda834eec351b7b9f,same,1.0,
uk,eruption,wy-g8u6e2079,t9e6ea299dc511363,same,1.0,
uk,escalator,ox-g7u9e0688,tf7836479f37c5b2e,MISMATCH,0.0891,0.1129
uk,especially,kb0215,t5418806e182152a1,same,0.9785,
uk,essay,n00346,ta67f96597da3ba02,MISMATCH,0.2038,0.1315
uk,estate,g12u2e7203,t3d70301913d55d24,MISMATCH,0.1578,0.0826
uk,etc,g10u3e7063,t0770a8a58a42f5a7,MISMATCH,0.1913,0.1091
uk,etc.,n00347,tde0ca57359fab81c,MISMATCH,0.0702,0.1849
uk,euro,ra-g8u20e1523,t63bfe6435e01a2a9,same,1.0,
uk,european,n00348,t677bae7153c8234f,MISMATCH,0.017,0.0832
uk,eve,n00349,t337a98c32ab47282,MISMATCH,0.1933,0.0446
uk,even,kb0216,td5fe12c001b5341c,MISMATCH,0.3151,0.0994
uk,even though,n00350,t9870a9d82b8e1849,MISMATCH,0.0552,0.0943
uk,evening,g7u1e0343,td267cab41787fc8b,MISMATCH,0.8264,0.041
uk,event,g8u10e0556,t7b6cb64f09f2bf0e,MISMATCH,0.205,0.0767
uk,eventually,ra-g9u36e2319,tcfc89748bd856a7a,same,1.0,
uk,ever,g8u2e0472,t7f2ec45dbf851102,same,0.9963,
uk,ever since,n00351,t82963fae1c38ba6b,MISMATCH,0.2275,0.0906
uk,every,kb0217,te9a00b4f1d9c66fc,same,0.9981,
uk,every day,n00352,t396bd8a40abf7450,MISMATCH,0.1818,0.1029
uk,every season brings its joy.,n00353,te2874d7d0a92b05c,MISMATCH,0.2099,0.0301
uk,everybody,kb0218,tf2f51abd9c763715,same,0.9973,
uk,everyday,kb0219,te36ee64f888187bd,same,0.9609,
uk,everyone,g3u11e4059,t3b8c334a64b266af,same,1.0,
uk,everything,kb0221,t26110b342b6f3fa9,same,0.9483,
uk,everywhere,kb0222,tefb010312527ba39,same,0.9961,
uk,exactly,kb0223,t0bf5c84b9eb34c99,MISMATCH,0.7778,0.1007
uk,exam,g8u9e0542,t6d27cae49ec28686,same,0.9532,
uk,examination,kb0224,t61ec70fcf223e7a3,MISMATCH,0.8642,0.0532
uk,examine,n00354,t8f03915cbb76c921,MISMATCH,0.3565,0.1082
uk,example,kb0225,t1126d0be664ddb55,same,0.9928,
uk,excellence,ra-g9u37e2345,t440fa7878073d7eb,same,1.0,
uk,excellent,kb0226,t0611f79e702870c8,MISMATCH,0.6778,0.0479
uk,except,kb0227,t7897f001bd44f79f,same,0.9182,
uk,excerpt,wy-g9u1e2352,tf7953bdd8a40a93b,same,1.0,
uk,exchange,ox-g9u6e0897,t54c7ea8df8ef890c,MISMATCH,0.7877,0.0725
uk,excite,ra-g9u25e1851,t5ef1ee2992a50df0,same,1.0,
uk,excited,ox-g4u9e0387,ta49d8f1b28482a6a,MISMATCH,0.1169,0.0529
uk,exciting,g8u1e0464,tb7d1117aceb1027c,same,0.9834,
uk,excuse,kb0228,tc3addafdc087fcbe,MISMATCH,0.0302,0.0427
uk,excuse me,g7u3e0368,t0a649597fc261827,MISMATCH,0.0323,0.0354
uk,"excuse me, do you know where i can buy some medicine?",n00355,t754be93523736930,same,1.0,
uk,excuse me.,n00356,tbe578b133c98d451,MISMATCH,0.1917,0.0163
uk,excuse me?,n00357,tab1739e3763d44ec,MISMATCH,0.2028,0.0175
uk,exercise,g7u11e0446,t26d1118f5846cf55,same,0.969,
uk,exercise book,g5u4e4080,t67281eda7c220f7f,same,1.0,
uk,exhibition,ox-g9u4e0872,tfef27965d917d364,MISMATCH,0.6223,0.1375
uk,exist,ra-g8u20e1570,ta607d1fc0434ec43,same,1.0,
uk,exit,ox-g7u9e0687,ta6c129e8e7965925,MISMATCH,0.5386,0.0838
uk,expect,kb0229,t96d5160c1fe5a381,same,0.9575,
uk,expensive,g4u12e0117,tb1691f8a3671c629,MISMATCH,0.0303,0.0437
uk,experience,g9u11e0686,t63c4a2179f31e1ed,same,0.9858,
uk,experiment,ox-g9u4e0876,t9ac5fb075bd1a87c,MISMATCH,0.0905,0.1194
uk,expert,kb0230,tb51d6d9056e4e2ff,same,0.9787,
uk,explain,kb0231,t2f89821e56dd59dd,same,0.9802,
uk,exploration,ra-g8u18e1430,tf1a9658c2d132839,same,1.0,
uk,explore,ox-g8u6e0780,t21d7e1e008a6c824,same,0.9832,
uk,explorer,ox-g9u1e0843,ta481d0ad5badff74,MISMATCH,0.0628,0.1032
uk,export,ra-g9u31e2134,td9fffb48ef257078,same,1.0,
uk,express,kb0232,tffd766beed06718a,same,0.9662,
uk,expression,n00358,t17be8968c2a683c6,MISMATCH,0.1038,0.0871
uk,extinguisher,n00359,t206fcd7148500e11,MISMATCH,0.2027,0.0599
uk,eye,ox-g1u3e0018,td4b101d45bb1d4c9,same,1.0,
uk,fable,ra-g8u24e1781,t61001de2dcd7a2fc,same,1.0,
uk,face,ox-g1u3e0020,tdfe940a0de912b54,same,1.0,
uk,face to face,n00360,tcdcf790784ca442f,MISMATCH,0.0821,0.0818
uk,face-to-face,n00361,t9d8e5f529f3691e9,MISMATCH,0.0792,0.0835
uk,fact,kb0233,tacd1db47f873d8ff,MISMATCH,0.8018,0.0726
uk,factory,ox-g5u2e0417,t8ed31e585e0d5ad8,MISMATCH,0.0798,0.0842
uk,factory worker,g6u5e0286,t874132894760420a,MISMATCH,0.0613,0.0791
uk,fail,kb0234,tc5df17442500115f,same,0.9976,
uk,failure,n00362,td1d60e1967085398,MISMATCH,0.4147,0.1427
uk,fair,kb0235,t7abb6d54dd669ee7,same,0.9952,
uk,fairy,n00363,t67eff469290dd299,MISMATCH,0.3103,0.1108
uk,fairy tale,ra-g9u17e0871,tfcfc7204fdc62968,same,0.993,
uk,fall,kb0236,td5a4a996cf466ac8,same,0.9993,
uk,fall in love with,n00364,t0aa5503189c80e92,MISMATCH,0.2865,0.0648
uk,fall upon,wy-g8u8e2164,tb53716d8fd835b3c,same,1.0,
uk,false,kb0237,t8cb95ad818059778,MISMATCH,0.7261,0.1123
uk,fame,n00365,t774d8d4fab56cd8a,MISMATCH,0.2135,0.1202
uk,familiar,ox-g8u11e0826,t60f5337f8a114658,same,0.9985,
uk,familiar with,n00366,t36a84b8b790c374f,MISMATCH,0.0067,0.0307
uk,family,g4u6e0051,t2f945317c3b0d59e,MISMATCH,0.875,0.0525
uk,famous,ox-g7u3e0627,t7cd315a2e8d56e6f,MISMATCH,0.7769,0.1058
uk,fan,kb0238,t75e76edf9f877c25,same,0.9934,
uk,fantastic,kb0239,t70811c529b5644ef,MISMATCH,0.6151,0.0598
uk,fantasy,n00367,t16c901a183543b4f,MISMATCH,0.0418,0.0628
uk,far,g7u12e0455,t558065359751df64,same,0.9183,
uk,faraway,n00368,tf861fc9604d5ce36,MISMATCH,0.097,0.1918
uk,farm,wy-g2u5e0173,t33191adc94c304ad,same,1.0,
uk,farmer,g4u10e0092,tc06d37680d581643,same,0.9986,
uk,farmland,wy-g9u5e2506,t87cdb0aeb8957ce7,same,1.0,
uk,fascinating,n00369,t0cac9b4cd32777db,MISMATCH,0.055,0.0715
uk,fashion,kb0240,tb87496fce30d37ec,same,0.9834,
uk,fashionable,wy-g8u7e2146,t2e65e8112c2b5c75,same,1.0,
uk,fast,kb0241,t2eca8c90d2291c1d,MISMATCH,0.7375,0.0641
uk,fast food,n00370,tcc33628e39776a18,MISMATCH,0.1454,0.1015
uk,faster,n00371,tfbdb66a9e8702bc8,MISMATCH,0.2215,0.0971
uk,fat,ox-g1u6e0041,te7833a8b0eb65521,same,1.0,
uk,father,ox-g1u5e0035,t7f7695be9f948c7f,same,1.0,
uk,father christmas,g2u6e0878,ta6c82ad11f9723c7,MISMATCH,0.0828,0.0902
uk,father's day,g5u8e4130,t15f7513241392d6a,MISMATCH,0.1371,0.1206
uk,father’s day,n00372,te70a78d1f8eba41a,MISMATCH,0.1561,0.1279
uk,fault,n00373,tb6c453e1f1b91de4,MISMATCH,0.3098,0.1255
uk,favourite,wy-g2u8e0207,t58ea3355ad25f9a5,MISMATCH,0.1494,0.0818
uk,fear,kb0242,tca6236ddb314611b,same,0.9954,
uk,feather,n00374,t909bf582dbdedb77,MISMATCH,0.0727,0.1466
uk,feather-covered,wy-g8u11e2244,taa221bc0d5a236ce,same,1.0,
uk,feature,ra-g8u23e1769,t08833bfaedf00ae8,same,1.0,
uk,february,g3u6e3976,t68652bee6e573fc8,same,1.0,
uk,feed,kb0243,t5993cca40dc64c36,MISMATCH,0.5532,0.0589
uk,feeding the fish,g3u11e4056,t1e4f0396e47e9bd4,same,1.0,
uk,feel,wy-g5u5e0445,tf2ba28c75f6d8f5c,MISMATCH,0.1376,0.0518
uk,feel blue,n00375,tc854aae6c45a420f,MISMATCH,0.1834,0.07
uk,feel free (to do sth),n00376,t0ae2237a888e4eae,MISMATCH,0.0987,0.0301
uk,feel happy,g5u11e4182,t58b19a8aef5aa7d9,same,1.0,
uk,feel like,n00377,t3f12fbadd801dc25,MISMATCH,0.0253,0.0664
uk,feeling,g8u12e0575,t8887f2f997e7ace2,same,0.998,
uk,feet,kb0244,t441c687da9c7c232,same,0.9948,
uk,fell,n00378,tda7e51d7a1076287,MISMATCH,0.2208,0.1076
uk,felt,n00379,ta5376ea9c0a8432a,MISMATCH,0.2756,0.1022
uk,fence,ox-g4u2e0314,tec4dc41a8dcba91f,MISMATCH,0.4924,0.0668
uk,ferry,g12u2e7199,t107d8d835fa7536e,MISMATCH,0.1631,0.0785
uk,festival,ox-g2u8e0163,td808028e1161b870,same,1.0,
uk,fetch,ra-g9u31e2099,t15b18d006e8a6e50,same,1.0,
uk,fever,g8u11e0562,te60e3814af510099,same,0.9972,
uk,few,kb0245,t5a515ce5d6440c38,same,0.9981,
uk,fewer,g8u7e4519,tfe7894fb235f88b0,same,1.0,
uk,fiction,n00380,t946dec05b466e365,MISMATCH,0.0938,0.1257
uk,field,ox-g4u6e0352,t3ebddc9f4c00f672,same,0.9964,
uk,fifteen,g2u10e0917,t03ca9ae60a0ab481,same,0.9144,
uk,fifteenth,g5u12e4193,tbcd89d76b3ba74ac,same,1.0,
uk,fifth,g5u10e0215,t8845e105811647e0,MISMATCH,-0.0494,0.0815
uk,fifty,ra-g7u10e0125,t8f46410cbd07c59c,same,0.9927,
uk,fight,wy-g9u3e0864,t998a3ccd4a51a3d3,same,0.9907,
uk,fight against sb / sth,n00381,t44556282ca466ea9,MISMATCH,0.0325,0.0529
uk,fighter,wy-g9u4e2436,t4a78fbd3c2ab98f7,same,1.0,
uk,file,ra-g8u18e1443,t0c56d32908f127f6,same,1.0,
uk,fill,kb0246,t5ee9a16872478054,same,0.9553,
uk,fill ... with ...,n00382,t9249761107ab901c,MISMATCH,0.4375,0.0408
uk,film,g6u3e0263,t404301d4debe2c5b,same,0.9981,
uk,film-maker,g9u17e4854,te905a45359282b67,same,1.0,
uk,fin,n00383,t6012fcac75d5bd28,MISMATCH,0.2363,0.1455
uk,final,kb0247,te31edd811b2e2e28,same,0.9969,
uk,finally,ra-g8u6e0398,t206c144ee8595329,same,0.9985,
uk,find,kb0248,t6332e5d2fab58815,same,0.9754,
uk,find out,n00384,t6915761755e128d7,MISMATCH,0.0168,0.1819
uk,fine,wy-g1u1e0013,td41bb144c505bdc9,same,1.0,
uk,finger,kb0249,t8d0e9c231c99e67c,same,0.9968,
uk,finish,wy-g7u5e0650,tb1dad8e50f1cc8e9,MISMATCH,0.8594,0.0753
uk,finland,n00385,ta3e37fcc56f2506c,MISMATCH,0.3028,0.0428
uk,finnish,n00386,t81ddd31f0af33e96,MISMATCH,0.3718,0.0412
uk,fire,kb0250,t05f9739e76bd2d6f,same,0.9544,
uk,firefighter,n00387,tc19751de8c3ba4f3,MISMATCH,0.0775,0.0814
uk,fireman,ox-g7u10e0694,t27b47aa36ac5eae7,MISMATCH,0.3411,0.0687
uk,firemen,kb0251,tb199f668be7614f7,same,0.9711,
uk,firewood,ra-g9u31e2140,te1b03ba444450649,same,1.0,
uk,firework,kb0252,teda976cd3ffcfe14,same,0.968,
uk,firm,ra-g8u17e1358,ted1b59947cfb6d15,same,1.0,
uk,first,g3u6e3988,ta2a8c2514ffc1da3,same,1.0,
uk,first aid,n00388,t05318f68600e24c2,MISMATCH,0.187,0.0889
uk,first name,n00389,t02a8c1e107808940,MISMATCH,0.264,0.0708
uk,first of all,n00390,t43b50ed8cf9b4d3e,MISMATCH,0.1033,0.0773
uk,firstly,n00391,t0d257c07f09dffec,MISMATCH,0.0744,0.0953
uk,fish,g1u10e0794,t709c1b7acd3b475e,MISMATCH,0.6152,0.0706
uk,fish and chips,n00392,t78cf46d6c72d6fa9,MISMATCH,0.1704,0.0545
uk,fisherman,g6u5e0282,t29a488f1fdd06729,same,0.9929,
uk,fishing,ra-g8u7e0411,te0b41c019280a34f,same,0.9828,
uk,fist,n00393,ta1478debc3ea4a0d,MISMATCH,0.156,0.0777
uk,fit,kb0253,tca9190936257dd06,same,0.9883,
uk,fitness,ox-g5u5e0448,t0c6dbc029e1e2eff,same,0.9698,
uk,five,ox-g1u7e0052,ta0e65aac6e11ae51,same,1.0,
uk,five-stones,g4u4e5017,tb72095253ad1f857,same,1.0,
uk,fix,kb0254,t927473351e8870c0,MISMATCH,0.4805,0.056
uk,fixed,n00394,td4124bd78aecabd3,MISMATCH,0.3268,0.0726
uk,flag,kb0255,t758061b854b56fcb,same,0.9924,
uk,flame,n00395,t83f0264d45900314,MISMATCH,0.2869,0.192
uk,flash,n00396,t16c6d31f07d3896d,MISMATCH,0.2697,0.0963
uk,flashlight,ra-g8u21e1633,t6031e45bc0122325,same,1.0,
uk,flat,ox-g7u2e0612,t64ffc3a5a546febc,same,0.9893,
uk,flood,ox-g7u4e0639,t4518a3b86f7ee7dc,same,0.9974,
uk,floodwater,n00397,t4d1f028ef68585e1,MISMATCH,0.0839,0.1092
uk,floor,g3u8e4008,ta82374d22a0d41e4,same,1.0,
uk,flora,n00398,t790ba7cb4dca90d1,MISMATCH,0.2261,0.1277
uk,florence nightingale,n00399,t476642ed94f9802f,MISMATCH,0.1157,0.0742
uk,flour,n00400,t2f2d977ac2d55ca1,MISMATCH,0.2194,0.1515
uk,flow,ra-g9u38e2377,t197022cced1f7f35,same,1.0,
uk,flower,ox-g2u10e0131,t634edf846ebe4a7a,MISMATCH,0.1152,0.0801
uk,flower show,g5u9e4155,t983e6ee669a85358,same,1.0,
uk,flowerpot,wy-g8u5e2022,td35e763d10a7ff0b,same,1.0,
uk,flu,g8u9e0543,t2eded6f15f499ced,same,0.9986,
uk,flute,n00401,ta695a6acaf439edc,MISMATCH,0.1364,0.0662
uk,fly,ox-g2u6e0148,t3b2d69cc25801e7d,same,1.0,
uk,fly a kite,ox-g2u6e0151,t41b70f1690ea9675,same,1.0,
uk,focus,kb0256,tb287d0c43055ec5c,MISMATCH,0.3233,0.0923
uk,focus on,n00402,td9e74411edbe9a80,MISMATCH,0.137,0.0849
uk,fog,kb0257,t91ed6088fad8ba83,same,0.9661,
uk,foggy,ox-g4u3e0326,td129f8ffded0a346,same,0.9909,
uk,fold,wy-g6u4e1158,t0df8318c23b16c69,same,1.0,
uk,folding,n00403,t313f38f3386d9cfc,MISMATCH,0.4585,0.1053
uk,folding fan,n00404,t066aa59afda40241,MISMATCH,0.0903,0.0671
uk,folk,kb0258,t687c48a276cf89f5,same,0.9978,
uk,folk arts,wy-g9u1e2336,tbd313ad380d5ca5c,same,1.0,
uk,follow,kb0259,t03746d6a45e28750,same,0.9353,
uk,food,ox-g3u5e0241,tcf4369f2a576d08c,same,0.977,
uk,food chain,n00405,t8d87b96f8f48f913,MISMATCH,0.4267,0.0528
uk,food group,wy-g5u1e0887,t6ddbcfa5277b1e68,same,1.0,
uk,fool,kb0260,t30b6a29009eb8b88,same,0.9886,
uk,foot,g3u2e3912,t9ccbddcdac142406,same,1.0,
uk,football,wy-g2u7e0195,tac819babe721fdc5,same,1.0,
uk,footstep,ra-g9u35e2287,t38d2a92845edb662,same,1.0,
uk,for,g3u3e3934,t20e9d2c36594823d,same,1.0,
uk,for example,n00406,tadfd95a384568253,MISMATCH,0.2121,0.0819
uk,for rent,g3u12e4078,tf634e67ad9feb409,same,1.0,
uk,for this reason,n00407,t9b2d016e50212167,MISMATCH,0.0701,0.0926
uk,force,kb0262,t45b39e1a4854c627,MISMATCH,0.7966,0.0982
uk,forecast,ox-g4u3e0321,tb71f23195266a2ea,same,0.912,
uk,foreign,ox-g6u4e0539,t3270a108e1887b0e,same,0.9257,
uk,foreigner,ra-g9u9e0763,t70e26924122bb02a,same,0.9982,
uk,forest,g5u6e0171,t633249b30d148993,same,0.9848,
uk,forever,ox-g9u11e0946,ta2a985207dd8278a,same,0.9978,
uk,forget,ox-g8u11e0823,td6b9ad5e045a7b0a,same,0.9301,
uk,forgetful,n00408,t19d04f3b404fdb71,MISMATCH,0.0824,0.0975
uk,forgive,ox-g9u8e0920,tac7074bdf4f99027,same,0.9712,
uk,fork,g4u5e0048,t2a2840298d698c17,same,0.9987,
uk,form,kb0263,tdda98925a7b29b00,same,0.9898,
uk,formal,ra-g8u23e0624,tf6434b0be0d95d38,same,0.9992,
uk,formally,ra-g9u35e2291,t1a747b024fdb7d3d,same,1.0,
uk,former,wy-g9u6e2515,tfcfae6015082d163,same,1.0,
uk,fortieth,ra-g7u5e0518,t2ec9e30a61e41f75,same,1.0,
uk,forty,g2u10e0920,t434ca095a3bebb00,same,0.9971,
uk,forty-five,wy-g3u12e0562,t55c5172e08864e68,MISMATCH,0.0877,0.073
uk,forum,n00409,t3fc363871af75f54,MISMATCH,0.4703,0.1744
uk,forward,kb0264,tf3a29fb5a59edea1,same,0.9834,
uk,found,wy-g7u7e0662,tc7ef118fcc031746,same,0.996,
uk,four,ox-g1u7e0051,t4e2225e139356f64,MISMATCH,0.1885,0.1192
uk,fourteen,g2u10e0916,tc0de634ea999e608,same,0.9957,
uk,fourth,g5u10e0214,tda339b1005df0d20,MISMATCH,0.2802,0.1286
uk,fox,ox-g2u10e0127,t12e107141a5273b7,MISMATCH,0.1646,0.0559
uk,france,n00410,t7b79e6ec525fb8d4,MISMATCH,0.1812,0.0891
uk,frances hodgson burnett,n00411,t17e998a0a7fdc6b6,same,1.0,
uk,fred,n00412,te6117004cfd86333,MISMATCH,0.4107,0.1187
uk,free,kb0266,t0d15c3e349c573d3,same,0.9984,
uk,freeze,kb0267,t73529747887efe5e,MISMATCH,0.8412,0.0429
uk,freezing,n00413,t9be11d4ba2e6fdc4,MISMATCH,0.516,0.0364
uk,french,n00414,t33436664f7490422,MISMATCH,0.2218,0.0793
uk,french fries,g5u11e4185,tbc634251fd985732,MISMATCH,0.1954,0.0569
uk,fresh,g5u3e0146,tb600fc51922bbf76,MISMATCH,0.7708,0.0624
uk,freshly,n00415,t9f365ee60bf5c1d7,MISMATCH,0.0896,0.0804
uk,freshwater,n00416,t8d5b9c29b1311d38,MISMATCH,0.1158,0.0822
uk,friday,g5u2e0135,td2f0e4568f9c06b9,same,0.9965,
uk,fridge,g4u4e0038,t854ffcea8b089ce3,same,0.9867,
uk,fridge magnet,wy-g9u4e2432,t0afdcd9cfe49b425,same,1.0,
uk,fried,ra-g8u15e1170,tdc5cf2ae1eaff7a1,same,1.0,
uk,friend,ox-g1u6e0045,tde9c428d283fde66,same,1.0,
uk,friendly,g4u3e0022,t0767f10a8e50e9f4,same,0.9623,
uk,friends,g15u6e7678,t69915175497692e7,same,1.0,
uk,friendship,ox-g9u8e0911,t6678b09713dbbb45,same,0.9917,
uk,fries,wy-g5u5e0985,td2ec402a1f1b30b3,same,1.0,
uk,frog,ox-g2u1e0076,t7cc68e522a35e6a8,same,1.0,
uk,from,kb0268,t415325919a67e87b,same,0.9964,
uk,from ... to ...,n00418,t63fb3a9ec22e8bee,MISMATCH,0.0475,0.0464
uk,from now on,n00419,t58da1e6ec19fd5f1,MISMATCH,0.0253,0.1094
uk,from time to time,n00420,t4cff4ff3942b979b,MISMATCH,0.1107,0.059
uk,front,kb0269,t62c9b4bded75bc77,same,0.9942,
uk,front line,wy-g9u4e2451,tea97883b4b2caebb,same,1.0,
uk,froth,n00421,td43f7191fb43453d,MISMATCH,0.2042,0.1097
uk,frozen,g12u4e7245,t931991629c9d6e7c,MISMATCH,0.0649,0.0863
uk,fruit,g1u6e0760,t6db3be8874c45074,same,0.9932,
uk,fry,ra-g8u20e0577,t2173da8fb11ebd1a,same,0.9959,
uk,full,kb0270,t25e1de53e274b1a9,same,0.9342,
uk,full name,n00422,t71a6e575c4174e29,MISMATCH,0.2448,0.0642
uk,full of,n00423,tb376d4f0b9135391,MISMATCH,0.0804,0.1056
uk,fully,wy-g8u11e2253,tc30ec458a1820b04,same,1.0,
uk,fun,kb0271,t5171ff50ebe5be4a,same,0.9976,
uk,funny,g5u1e0123,t09bbbef184591815,same,0.9973,
uk,fur,ox-g5u6e0453,t86c4e52f4a491455,same,0.9805,
uk,furniture,g13u6e7368,tc4c9676a89f55359,same,1.0,
uk,further,ra-g9u32e2170,teeef11d2b0828d23,same,1.0,
uk,future,g8u7e0522,t89c699d3089ab7a4,same,0.9903,
uk,futurist,n00424,t1a64d653bd16e009,MISMATCH,0.3305,0.0783
uk,gain,ra-g8u16e1294,t9228c557780a47dc,same,1.0,
uk,gala,n00425,t1c61b9631ec286f4,MISMATCH,0.3022,0.1046
uk,galaxy,g15u3e6128,t9e5618833d5285c8,MISMATCH,0.065,0.0942
uk,gallery,ox-g8u9e0808,tc530232dd823fafd,MISMATCH,0.1067,0.0777
uk,game,ox-g3u10e0297,t58fffd7f0e85572b,same,1.0,
uk,garden,g4u7e0063,t2fb650223da4de2f,MISMATCH,0.0698,0.1081
uk,gardening,ox-g8u9e0802,t3347222647fb371e,MISMATCH,0.0783,0.134
uk,garlic,g12u4e7247,tf02325f5666dcecf,same,1.0,
uk,gas,kb0272,t25ae2f75794fdd6d,MISMATCH,0.398,0.0577
uk,gate,kb0273,tc23aecc6df73d0c0,MISMATCH,0.4205,0.1143
uk,gather,n00426,t75cbe3d47ae296e6,MISMATCH,0.1159,0.0789
uk,general,kb0274,taf998bad4a41b95d,same,0.9627,
uk,generally speaking,n00427,tb49a22ba212e71fd,MISMATCH,0.2048,0.0402
uk,generation,ox-g9u9e0924,t8320720f62f4edf6,MISMATCH,0.7616,0.083
uk,genie,n00428,tcf1015ac04bbecca,MISMATCH,0.2885,0.0418
uk,gentle,n00429,t860c75e8fcc032fd,MISMATCH,0.3241,0.0588
uk,gentleman,kb0275,t23000efca8cded56,MISMATCH,0.0272,0.0615
uk,gentlemen,kb0276,tbe78665d9f2980d4,same,0.995,
uk,geographical,wy-g7u12e1763,t0d3c54601f75e6b6,same,1.0,
uk,geography,g7u9e0425,te45a427fb4c39be4,same,0.9953,
uk,george,n00430,tcca9640a298c3894,MISMATCH,0.2416,0.1329
uk,germ,n00431,tcc29ca8ac933d9f8,MISMATCH,0.1876,0.1507
uk,german,n00432,t0bb5fc81ab482983,MISMATCH,0.283,0.0833
uk,germany,ra-g7u23e0303,t927c0c2d9edf1ef9,same,0.9981,
uk,get,g2u11e0929,tdfb42c2b9bb4ff2e,MISMATCH,0.2047,0.25
uk,get across,n00433,t1e5c85fefd96b9f4,MISMATCH,0.1429,0.0623
uk,get along,n00434,t0148ad0cc2a3e68f,MISMATCH,0.1655,0.1028
uk,get along with,wy-g9u5e2484,t0e104c86115e0f1e,same,1.0,
uk,get dressed,n00435,t74426f63bb5958e2,MISMATCH,0.1601,0.1624
uk,get in the way of,n00436,t21a3ff917ca60894,MISMATCH,0.1409,0.0546
uk,get in touch with,wy-g8u6e2036,t2ad0214cde99d908,same,1.0,
uk,get into,n00437,tbc7290070a19558a,MISMATCH,0.0526,0.0462
uk,get lost,n00438,te8319c6682273004,MISMATCH,0.0623,0.0908
uk,get mad,n00439,t4c793afdfffc8a8d,MISMATCH,0.0742,0.0567
uk,get out,n00440,ta20ff1d4df0e47ce,MISMATCH,0.2379,0.0666
uk,get over,n00441,t20c9a31523d0eec9,MISMATCH,0.0328,0.094
uk,get rid of,ra-g9u33e2231,te5e4735341cd16e4,same,1.0,
uk,get to,ra-g7u18e0238,t6f06e57573e64c37,same,0.9159,
uk,get to know,n00442,t24bf88100b8ab079,MISMATCH,0.0723,0.0972
uk,get to one's feet,n00443,t09bcc158ec5171b7,MISMATCH,0.1047,0.068
uk,get together,n00444,tfc2c1ef928b704c2,MISMATCH,0.1436,0.08
uk,get up,g4u8e0076,t0fab6aa1ee3094d1,MISMATCH,0.212,0.0901
uk,get used to,n00445,t5f41f2df6c25ee01,MISMATCH,0.0889,0.0384
uk,ghost,g8u9e4586,t58acddb0b4afd2f1,MISMATCH,0.2578,0.0762
uk,giant,ox-g8u5e0767,tf2b71daa4bacfa2e,MISMATCH,0.7187,0.1064
uk,gift,g7u8e0414,t02f2f0ef7c10c9db,MISMATCH,0.3176,0.1031
uk,gingerbread house,n00446,t4ee494e476319b95,MISMATCH,0.0914,0.0744
uk,ginkgo,n00447,td26d6532b8e18ee4,MISMATCH,0.0668,0.0688
uk,giraffe,g3u9e1028,t69b69f85bf806842,same,0.9915,
uk,girl,wy-g1u2e0028,t761375a155ffe664,same,1.0,
uk,give,kb0277,t315dab405bba3b39,MISMATCH,0.2592,0.1237
uk,give ... a lift,n00448,ta6b1a2c3452dbec3,MISMATCH,0.1794,0.1019
uk,give it a go,n00449,t476b2bdd66e4bce8,MISMATCH,0.3182,0.0993
uk,"give me a rubber, please.",ox-g1u2e0015,t4d9e940f7c2ddb3c,MISMATCH,0.2477,0.046
uk,give sb a lift,n00450,t1c551743b962cefa,MISMATCH,0.1846,0.1085
uk,give up,ra-g8u5e0388,tfaecab451a56c6b9,same,0.9733,
uk,glacier,wy-g7u11e1719,tb698b703c1b8d349,same,1.0,
uk,glad,ox-g4u9e0382,t6a342babf7ac7a94,MISMATCH,0.0866,0.0961
uk,gladly,wy-g6u5e1174,tb8803cb016c8fb99,same,1.0,
uk,glance,ra-g9u29e2034,t15e9ff099ff75c3f,same,1.0,
uk,glass,ox-g5u7e0467,t432b1b45db6bec49,MISMATCH,0.2381,0.0768
uk,global,ox-g6u6e0551,tfa75a46021a1785d,same,0.9839,
uk,global warming,wy-g9u5e2490,tebe947aef5d0b5a1,same,1.0,
uk,glorious,ra-g9u30e2046,t457a8954ddbb110d,same,1.0,
uk,glory,ra-g9u34e2258,t9db7842ed2c7cbdc,same,1.0,
uk,glove,g4u12e0111,t93f7b0d5c1dad81c,same,0.9781,
uk,gloves,g3u5e3966,tad6fb9bc7cee1ebc,same,1.0,
uk,glue,kb0278,t9773483b60e1c68c,same,0.9993,
uk,glue stick,g4u4e3909,t944e3365e6ffa725,same,1.0,
uk,go,g2u4e0857,t34e55ddca78a1c9b,same,0.9784,
uk,go a long way,n00451,tf89660a048ada962,MISMATCH,0.044,0.0879
uk,go away,n00452,teb32e87c7bf64d3d,MISMATCH,0.1359,0.1178
uk,go boating,n00453,te912615518aec144,MISMATCH,0.0489,0.1237
uk,go by,n00454,te75759fec4803703,same,1.0,
uk,go camping,wy-g8u8e2178,t70156e272fe60b6e,same,1.0,
uk,go cycling,n00455,tbeae7011823b4d0a,MISMATCH,0.0299,0.0621
uk,go fishing,g4u2e3863,td794a3f0e514ca52,same,1.0,
uk,go for a picnic,g4u11e4018,t0e96306504389b3f,same,1.0,
uk,go for a walk,g5u7e0187,t9ccea43f4858d460,MISMATCH,0.2143,0.0586
uk,go hiking,n00456,taec0952ebc20150c,MISMATCH,0.0919,0.0803
uk,go home,g4u8e0078,tf956fb371eb7070a,MISMATCH,0.2064,0.0893
uk,go off,n00457,tad6d7e23afe756ce,MISMATCH,0.0893,0.1353
uk,go on a picnic,g5u8e0196,t53f242b6edf526d3,MISMATCH,0.1247,0.0636
uk,go on a trip,n00458,t1d4527d536d6dc40,MISMATCH,0.1159,0.0598
uk,go on an outing,n00459,tf9deb1c380085f6e,MISMATCH,0.162,0.0688
uk,go out,g8u5e5438,t34691c9b17ec9c1a,same,1.0,
uk,go out of one’s way,n00460,te129fbdde0f0dab0,MISMATCH,0.0709,0.2509
uk,go public,wy-g8u10e2221,t01260a96d4184d5a,same,1.0,
uk,go shopping,g5u7e0188,t53d878218d697ee5,MISMATCH,0.0431,0.0712
uk,go skating,g4u11e4020,t110b2288ebdaa69a,MISMATCH,0.0437,0.0689
uk,go straight,g6u1e0249,t0340eef614e03e48,MISMATCH,0.1836,0.0629
uk,go swimming,wy-g2u7e0201,t1c088cc56b7f4a02,same,1.0,
uk,go to,g11u10e5789,t1b4846195c969370,same,1.0,
uk,go to a drawing club,g4u2e3859,tb104b0eac778a932,same,1.0,
uk,go to bed,g4u8e0079,t411d486a86ba2402,MISMATCH,0.0554,0.1646
uk,go to kindergarten,g5u12e4190,t24f1f7d5fc86354a,same,1.0,
uk,go to school,g4u8e0077,t87b5f7ca74a28912,MISMATCH,0.0295,0.0686
uk,go to the beach,g5u11e4172,tcb8f6dca50e2226a,same,1.0,
uk,go to the cinema,g4u2e3864,t53ad48fc48be181f,same,1.0,
uk,go with,n00461,t05295b2917921017,MISMATCH,0.0576,0.0875
uk,go wrong,n00462,t3f7bbad3ef855930,MISMATCH,0.0526,0.1095
uk,goal,ox-g9u12e0955,ta5845833828cbeb4,MISMATCH,0.1559,0.1658
uk,god,kb0279,t6a8529732ff3cdb4,MISMATCH,0.2639,0.1625
uk,goddess,n00463,t7ecc22b42868fbad,MISMATCH,0.0791,0.2574
uk,going to,g10u3e5616,te95795c62d9402e7,same,1.0,
uk,gold,g9u5e0624,t96656c9aef9c4a98,MISMATCH,0.082,0.1424
uk,golden,ra-g9u36e2320,t20ddbe912f686c4b,same,1.0,
uk,golden touch,wy-g6u1e1109,t7dd56aa5942e6786,same,1.0,
uk,gongbao chicken,n00464,t4529131eb5689a02,MISMATCH,0.1246,0.0842
uk,good,wy-g1u2e0022,t07878fd8745bb530,MISMATCH,0.3932,0.0626
uk,good afternoon,g1u1e0710,tc3d2d959349d0c19,MISMATCH,0.142,0.0872
uk,good afternoon.,ox-g1u1e0006,tf382235c310df97b,same,1.0,
uk,good at,n00465,ta4ee6fdaa0e0b8a3,MISMATCH,0.0801,0.104
uk,good job,n00466,td964c46e5414be6f,MISMATCH,0.0341,0.0912
uk,good job!,wy-g4u2e0657,tcfa77a085a633396,MISMATCH,0.0429,0.0992
uk,good luck,g5u10e5177,tfff29e3e9c87ab09,same,1.0,
uk,good morning,g1u1e0709,t9b46cb02a5a3ede7,MISMATCH,0.2505,0.0726
uk,good morning! come in.,n00467,tcafc54a8cac84d42,same,1.0,
uk,"good morning, mike!",n00468,tb8bbb0f539ec5ea6,same,1.0,
uk,good morning.,ox-g1u1e0005,t5cf5e83092420c5e,same,1.0,
uk,good with,n00470,t7944bc455c4014d7,MISMATCH,0.4262,0.1426
uk,goodbye,ox-g1u1e0003,t1e198cac494b5a2b,same,0.9873,
uk,goodbye.,ox-g1u1e0007,te5a4e90ff58624b1,same,1.0,
uk,goodness,n00471,t193c54c126e68867,same,1.0,
uk,goods,n00472,t57c3d98051f104f8,same,1.0,
uk,goodwill,wy-g8u10e1049,t6ae81e578b9c372e,same,0.9997,
uk,goose,n00473,tad174dad6c771170,MISMATCH,0.4186,0.0501
uk,got,g15u4e7593,t264ae12a62da02cb,MISMATCH,0.1785,0.1148
uk,government,wy-g8u6e0780,t7f9e0f90d4b15779,MISMATCH,0.2578,0.1649
uk,gps,ra-g9u29e2021,t9415088769ddba80,MISMATCH,0.1783,0.0871
uk,grade,g3u1e3903,t6cb8aa9733750ec4,MISMATCH,0.0401,0.1097
uk,gradually,n00474,t92033e647ea7f20f,MISMATCH,0.1618,0.0709
uk,graduate,ox-g9u12e0960,t9b6cef929e6e06f0,MISMATCH,0.1815,0.1095
uk,graduation,ra-g9u18e0875,tf2f10a672780cf28,MISMATCH,0.0653,0.0933
uk,grain,n00475,t86af933b3bc442f9,MISMATCH,0.1604,0.1368
uk,gram,wy-g9u6e2523,te35f062cd071dd65,same,1.0,
uk,grammar,g9u1e0585,t868730924be5f078,MISMATCH,0.2567,0.07
uk,grand,ra-g9u31e2108,ta9bd4c074ca6676f,same,1.0,
uk,grandchild,n00476,t2bd5f178bf563f45,MISMATCH,0.0273,0.0553
uk,granddaughter,n00477,tffd723582ce34f2b,MISMATCH,0.2603,0.0751
uk,grandfather,ox-g1u5e0033,t4edc813ca2fae2ae,same,1.0,
uk,grandma,wy-g2u2e0141,tc206fca2d5307fd8,same,1.0,
uk,grandmother,ox-g1u5e0034,t30580a7f3919de9b,same,1.0,
uk,grandpa,wy-g2u2e0140,t065c9113183e053f,MISMATCH,0.0541,0.0816
uk,grandparent,n00478,t33fe59f963699844,MISMATCH,0.0594,0.0536
uk,grandson,g11u1e7100,t1b3af6de1006bcf9,MISMATCH,0.1913,0.0765
uk,grape,g3u11e1046,t4f40ccf0c1bfb975,same,0.9975,
uk,grass,ox-g2u10e0130,t33dcec540a2b7e9c,same,1.0,
uk,grassland,ra-g7u5e0430,te8dd842fc9c9514f,same,1.0,
uk,gray,kb0281,te5e4910a4336d8bf,same,0.9979,
uk,graze,ra-g9u34e2254,t16a24a8e160ae0db,same,1.0,
uk,great,kb0282,t7aa3593abeff63be,MISMATCH,0.1213,0.1215
uk,great barrier,n00479,te8e27e77d3116ecf,MISMATCH,0.1895,0.0976
uk,great wall,g10u7e5656,t0929159ad21c5cb4,MISMATCH,0.0812,0.0725
uk,great!,n00480,t30ee015a66054b80,MISMATCH,0.2957,0.1233
uk,great! let's do some sports.,n00481,t1aa857a527045025,MISMATCH,0.0789,0.0447
uk,great! let's go to the shop!,n00482,tfac5a3de2f4d2b13,MISMATCH,0.1044,0.0559
uk,great-aunt,wy-g9u4e2434,ta4ae1c5223594192,same,1.0,
uk,greatly,ra-g8u20e1580,t55123c4bc1ed3628,same,1.0,
uk,greatness,ra-g9u30e2063,t69e5bf23aab7685f,same,1.0,
uk,green,wy-g1u4e0050,t4cee66ee49ec62e8,same,1.0,
uk,green bean,n00483,t0abfa2197c32e060,MISMATCH,0.1544,0.0299
uk,greenhouse gas,wy-g9u5e2494,t12480159ea137a07,same,1.0,
uk,greening,ra-g9u26e1902,t0b6f2fc05d708d94,same,1.0,
uk,greet,g9u10e0675,t2c6b3560d2f238c8,MISMATCH,0.2157,0.0528
uk,grey,kb0283,td2f9206eec5736c3,MISMATCH,0.083,0.1064
uk,grocery,g4u7e3960,tcba3c45997c0d6e1,same,1.0,
uk,ground,kb0284,t6e1d2fb9ded2672c,MISMATCH,0.1478,0.0866
uk,group,kb0285,tda088de28fe98d04,same,0.9954,
uk,grow,ox-g4u6e0357,tbfbaa07dce78ec98,same,0.9821,
uk,grow up,wy-g3u11e0548,ta1672813f3dc3745,same,1.0,
uk,growth,ra-g8u20e1578,ta91c607790ef0ccf,same,1.0,
uk,guard,kb0286,tfc52800d49a270f0,same,0.9573,
uk,guess,kb0287,tf22916209e4991de,same,0.9846,
uk,guest,kb0288,t49f18aed8f1a66f0,MISMATCH,0.4025,0.0825
uk,guest-greeting pine,n00484,t41c05646624e0518,MISMATCH,0.0976,0.0803
uk,guide,ox-g7u9e0683,tb1645f5cfc9b6c5b,MISMATCH,0.1607,0.0945
uk,guitar,g7u10e0431,t6b3001ed8178214b,same,0.9426,
uk,gun,kb0289,te810297495376a4d,MISMATCH,0.1117,0.2654
uk,gunpowder,ra-g9u32e2189,t96f2fd08935a2c26,same,1.0,
uk,guoqiao rice noodles,n00485,t2cc5bec48ff11961,MISMATCH,0.0346,0.0457
uk,guy,n00486,tbf3897082645b752,same,1.0,
uk,gym,g4u7e0064,t4af9bfb7db339066,MISMATCH,0.7596,0.2461
uk,ha,ra-g8u18e1400,tedb81c3d2bdd95fb,same,1.0,
uk,habit,ox-g6u2e0517,tba2e57123a824910,MISMATCH,0.0615,0.1013
uk,had,n00487,t01dfad53a8a3b916,MISMATCH,0.2639,0.0754
uk,had a cold,n00488,t0f7f7e13bd346a7a,MISMATCH,0.0732,0.0951
uk,hainan!,n00489,tdb724e2255bb9a10,MISMATCH,0.13,0.0553
uk,hair,g3u2e3908,tf588969cb9c2cf8e,same,1.0,
uk,haircut,n00490,t6c38e66a7bad92ec,same,1.0,
uk,half,wy-g5u9e0486,t3afe6064584ea545,MISMATCH,0.1522,0.1077
uk,half past,wy-g3u12e0566,t7fcf840489106170,same,1.0,
uk,hall,kb0290,t4e863a9253f7fa97,same,0.9995,
uk,halla,n00491,tfbd2600e06869ce6,MISMATCH,0.216,0.151
uk,hallway,n00492,t8551ab15cfdff4b7,MISMATCH,0.4218,0.1072
uk,hamburger,ox-g1u9e0061,ta67873d439052661,same,1.0,
uk,hand,g3u2e3910,t77accd9718bd69b4,MISMATCH,0.1962,0.0675
uk,hand out,n00493,tdbbd1aa40cce692c,MISMATCH,0.0202,0.1249
uk,handbag,n00494,tce09cd485fa32faa,MISMATCH,0.1068,0.0791
uk,handsome,g2u3e0846,tc83746b8c758c615,MISMATCH,0.6257,0.0559
uk,handwriting,ra-g9u28e2003,ta80113ec2dc28ec8,same,1.0,
uk,hang,kb0291,t34773caa2756904d,MISMATCH,0.3317,0.1127
uk,hang out,n00495,t0fd930944b0d7819,MISMATCH,0.354,0.0763
uk,hang up,n00496,t256d82e05d56a965,MISMATCH,0.2771,0.0865
uk,hans christian andersen,n00497,t942671f282d2c779,MISMATCH,0.0595,0.0664
uk,happen,wy-g8u7e0782,t8c45d8d24a333dfb,same,0.9702,
uk,happily,n00498,tc0b0cc45b8e38964,same,1.0,
uk,happiness,n00499,t3d99dd543390b0ec,same,1.0,
uk,happy,ox-g2u8e0167,t2bff4226c01dc17c,same,1.0,
uk,happy birthday!,wy-g1u9e0109,te0ca04545eac083b,MISMATCH,0.1761,0.0601
uk,hard,wy-g5u8e0476,t467f5660a8778c78,same,0.9697,
uk,hard-working,n00501,tb5765a0bee264263,MISMATCH,0.1234,0.092
uk,hardly,g8u2e0471,t40dee42c434a4b11,same,0.9982,
uk,hardly ever,n00502,t3110c354d21b13fc,same,1.0,
uk,harm,kb0292,tfd0d18bad84633fd,same,0.9707,
uk,harmful,ra-g9u4e0694,t65af7d80d6f87d69,MISMATCH,0.1334,0.0868
uk,harry,n00503,t79bf91af94312a45,same,1.0,
uk,harry potter and the philosopher's stone,n00504,t018a66b68f0164c2,same,1.0,
uk,has,kb0293,tce6e13d60f8ac696,MISMATCH,0.1942,0.0953
uk,hat,wy-g1u10e0116,t65891603c5d56305,MISMATCH,0.1861,0.0716
uk,hate,kb0294,t34a050b7d7469a35,MISMATCH,0.1996,0.1684
uk,haunted,g8u9e4585,tb03880d4cd958dc9,same,1.0,
uk,have,kb0295,t55e326fcd2f281ae,MISMATCH,0.2349,0.0687
uk,have (...) to do with sb / sth,n00505,t62bc926ac61e7111,MISMATCH,0.1629,0.028
uk,have ... class,n00506,tf9fb5717feac6ebe,MISMATCH,0.0469,0.028
uk,have a healthy diet.,n00507,t65824aa9dfcc2474,MISMATCH,0.0983,0.1416
uk,have a look,n00508,tfe5f9f092f0f35ab,MISMATCH,0.1112,0.0965
uk,have a nice day!,n00509,t92758f1dd7090f4f,MISMATCH,0.1639,0.0671
uk,have a picnic,ox-g2u6e0152,tb5b587b2bae50d9f,MISMATCH,0.0703,0.0557
uk,have a point,n00510,t6aa1128ee4b615fc,MISMATCH,0.1311,0.0892
uk,have breakfast,g7u3e5309,t47f0d43b6377df5f,MISMATCH,0.204,0.1037
uk,have fun,n00511,t42b9c46d2ac70452,MISMATCH,0.1652,0.0893
uk,have got,g5u1e5082,t7cc23f806155d621,same,1.0,
uk,have lunch,wy-g2u7e0165,t1680a10ed9f5dd65,MISMATCH,0.1914,0.0895
uk,have some milk too.,n00512,tf06460c78836b2f2,same,1.0,
uk,have sth in common,n00513,tbae42111c8078e4e,MISMATCH,0.1116,0.0531
uk,have to,n00514,teb7f7b114d015a6d,MISMATCH,0.1571,0.0989
uk,have to do with,g9u18e4873,tf1e0977acfe4a538,same,1.0,
uk,having ... class,n00515,t968cb169dabcf4a2,MISMATCH,0.056,0.053
uk,he,g2u1e0828,t1abce7126a908af2,same,0.9781,
uk,he is my grandfather.,ox-g1u5e0040,tbd46add0c1198e99,same,1.0,
uk,he's = he is,wy-g2u2e0147,t6dfabb093b39f71b,same,1.0,
uk,he's a school bus driver. he takes us to school every day.,n00516,t1057245903ff117b,same,1.0,
uk,he's also kind. he often helps me.,n00517,tdde2d3853cfa5cde,MISMATCH,0.068,0.0274
uk,he's tall and strong.,n00518,tef538bb0ad0c9534,MISMATCH,0.1618,0.0725
uk,he's tall.,ox-g1u6e0046,t1750830e0e8ace94,same,1.0,
uk,he's/she's a pupil.,wy-g2u2e0150,tecb112fcfce14357,MISMATCH,0.1092,0.0467
uk,head,g3u2e3907,td519d28b019078bd,same,1.0,
uk,headache,g8u11e0563,t5b5cdb862853fed0,MISMATCH,0.0644,0.1207
uk,health,g8u2e0476,t688a00b7666d652f,MISMATCH,0.2868,0.0981
uk,healthily,n00519,t68f5f6b7bf68d348,MISMATCH,0.2458,0.0937
uk,healthy,g5u3e0148,t6c884f2ac0711aa5,MISMATCH,0.3476,0.1357
uk,hear,kb0296,tf490d308dd5bf6a9,MISMATCH,0.2071,0.0876
uk,hear from,n00520,t2c11d21f6fb55cc8,MISMATCH,0.1659,0.0765
uk,hear of,n00521,td69d488eb0c12a81,MISMATCH,0.0383,0.1348
uk,hearing,n00522,t2a323b235af46093,MISMATCH,0.3357,0.094
uk,heart,kb0297,tdaef0eae5183fbe2,MISMATCH,0.1716,0.0871
uk,heartbeat,n00523,tcdd011495b6b41c9,MISMATCH,0.2792,0.1054
uk,heartbreaking,wy-g8u8e2160,t5876d4ff2b9985d4,same,1.0,
uk,heat,n00524,t9e6cd5a077390d30,same,1.0,
uk,heatwave,n00525,t3bc774c62c7e77e8,MISMATCH,0.3041,0.0602
uk,heaven,ra-g9u31e2113,t20f7cf581148784b,same,1.0,
uk,heavier,g6u7e0306,teb873907f5c7e1d9,MISMATCH,0.0132,0.1045
uk,heavily,n00526,t8b96d07547ca5c32,MISMATCH,0.0468,0.1282
uk,heavy,wy-g5u2e0414,tf2bf7c56c54b127e,MISMATCH,0.1384,0.1422
uk,heel,n00527,t21629e5226e323d5,same,1.0,
uk,height,kb0298,td2605b5e6fe2b3e9,MISMATCH,0.1674,0.1057
uk,helen,n00528,t8794cf8b174360d9,MISMATCH,0.0631,0.1019
uk,hello,g1u1e0706,ta7b6eda801e5347d,same,0.9972,
uk,hello!,,tcf8a75db82c6d972,old_missing,0.0,
uk,hello! i'm mike black.,n00529,tbf8a301e3fd42576,MISMATCH,0.1993,0.0454
uk,hello! mark speaking.,n00530,te61a2423f655c45b,MISMATCH,0.0701,0.0478
uk,hello.,n00531,te3c5df587aaa95d1,MISMATCH,0.157,0.1135
uk,helmet,ox-g7u8e0674,t2c2fc38b299fb2e7,MISMATCH,0.1142,0.1241
uk,help,g3u2e3915,tabd74c54013c3692,MISMATCH,0.2021,0.114
uk,help out,n00532,t2d7ed451891c8baa,MISMATCH,0.1487,0.0819
uk,help sb with,n00533,t974bf63baab4895a,MISMATCH,0.309,0.0892
uk,helper,wy-g4u2e0674,tc55aa4a2c90364fd,same,1.0,
uk,helpful,ox-g5u1e0404,t61da4dd77fc54f22,MISMATCH,0.2071,0.1496
uk,helpless,ra-g8u21e1673,t37d30007af25dab1,same,1.0,
uk,helsinki,n00534,t0740a05b9dc1f145,MISMATCH,0.0236,0.0433
uk,hen,ox-g2u2e0082,t852831034d910835,same,1.0,
uk,her,wy-g2u3e0151,t9c49e4d771071671,MISMATCH,0.2229,0.1883
uk,herbal,ra-g8u23e1724,td77421fdb993e044,same,1.0,
uk,here,wy-g2u10e0222,t4a1a1abc3a49618f,MISMATCH,0.2607,0.1034
uk,here you are,wy-g3u2e0255,t23376d0eb82a6989,same,1.0,
uk,here you are.,ox-g1u2e0016,t8c6684e4a1aede25,same,1.0,
uk,here's = here is,wy-g2u10e0221,tacc02650759b03a8,MISMATCH,0.0611,0.0817
uk,here's a present for you.,wy-g2u10e0226,t93bb503dd7d03511,same,1.0,
uk,hero,ox-g8u10e0814,t8737b11b474b218b,same,0.9559,
uk,heroine,wy-g8u6e0929,t89933d88c9f99b94,same,0.9997,
uk,hers,g5u11e0224,tcdc78f301d224c1f,MISMATCH,0.1613,0.1259
uk,herself,kb0300,t803208bfa5410271,MISMATCH,0.2205,0.1021
uk,hey,n00536,t489a28c7231bed0c,MISMATCH,0.2338,0.1022
uk,"hey, sarah! we can share.",n00537,t430eaf1bc032da56,MISMATCH,0.1037,0.0423
uk,hi,g1u1e0707,t106bce4401410416,MISMATCH,0.2733,0.1022
uk,hi!,ox-g1u1e0004,tc3b0e59fa8dc96cd,same,1.0,
uk,hi! my name is wu binbin.,n00538,tcf2daa609ccc65d3,MISMATCH,0.088,0.0453
uk,"hi, mark! this is john. what's the weather like in sydney?",n00539,ta506d15af570db8b,same,1.0,
uk,"hi, mike. you look sad. what's the matter?",n00540,t116faed64d4a9a0e,same,1.0,
uk,hi.,n00541,tbb89ba9a3eb768d0,MISMATCH,0.3067,0.0916
uk,hidden,n00542,t733e1a596c20f73d,MISMATCH,0.1646,0.198
uk,hide,kb0301,tfa23be17c3db9706,same,0.9985,
uk,high,wy-g9u1e0846,t75573b071c4203e3,MISMATCH,0.2802,0.1022
uk,high jump,g5u10e5179,t9d851864eeeddcd5,MISMATCH,0.2077,0.0867
uk,high school,wy-g9u1e2314,t98ebb4d307aff963,same,1.0,
uk,high-speed,wy-g5u12e1095,t2432df1efad571ba,MISMATCH,0.2077,0.1062
uk,highland,ra-g7u5e0499,t09c1b94029d36d10,same,1.0,
uk,highlight,wy-g9u6e1345,t9944b52e451b431f,same,0.9856,
uk,highly,ra-g9u33e2224,t60d4ee47442ede67,same,1.0,
uk,hike,wy-g6u9e0586,tbb668e90a8f7ff7c,MISMATCH,0.1893,0.091
uk,hiking,ra-g8u7e0412,t835e6c5f4580c4a4,MISMATCH,0.8289,0.0857
uk,hill,ox-g2u6e0146,td5a9b1a94aca820e,MISMATCH,0.0576,0.265
uk,hillside,ra-g8u21e1649,tffb6ca91070b65e0,same,1.0,
uk,him,kb0302,t2d45c43c3a1cde67,same,0.9768,
uk,himself,kb0303,t2eb0482a8732566f,MISMATCH,0.0617,0.1309
uk,hippo,ox-g2u10e0128,t4792a09f099b4d47,same,1.0,
uk,his,wy-g2u3e0153,tfd2cffd1626d2164,MISMATCH,0.1653,0.2303
uk,his name is zhang peng.,n00543,t42dae170fb9f1df7,MISMATCH,0.0947,0.0375
uk,historian,n00544,tf2b9ec8ecc0b6b02,MISMATCH,0.0963,0.0864
uk,historical,n00545,tb7f5f8458945e7d9,MISMATCH,0.2196,0.0786
uk,history,g7u9e0424,t3925bc58ff834191,MISMATCH,0.3491,0.0922
uk,hit,kb0304,t62dac427255930f6,MISMATCH,0.3468,0.0659
uk,hoax,n00546,t148135378bd16c58,same,1.0,
uk,hobby,g6u4e0271,t0f5e8a942e8b33bc,MISMATCH,0.1212,0.1239
uk,hockey,n00547,te446ef2dfbda6ae8,MISMATCH,0.1532,0.1201
uk,hold,kb0305,tba780db178bd946c,same,0.9606,
uk,hold on,n00548,td6620f07be83697a,MISMATCH,0.1565,0.0673
uk,hold your breath,wy-g7u8e1533,t13c5619b524e38ec,same,1.0,
uk,hole,kb0306,t13079b8b086d451f,same,0.9867,
uk,holiday,ox-g9u6e0891,t9b1a344fb094bef1,same,0.9986,
uk,home,g2u11e0928,ta76316f670584a93,same,1.0,
uk,home and abroad,ra-g9u34e2266,t1b4252b9fc2a0817,same,1.0,
uk,home economics,n00549,td438a51e5bb9fef3,MISMATCH,0.1609,0.0922
uk,home-made,ra-g9u30e2088,t8ce0075b6167522f,MISMATCH,0.1639,0.0655
uk,homeless,ra-g9u3e0672,te7a0f4c0ed63dc28,MISMATCH,0.1654,0.1026
uk,hometown,kb0307,tf206949a37ee24c5,same,0.9967,
uk,homework,ox-g4u1e0308,t45cc8c88c04b33c8,same,0.9883,
uk,honest,ox-g5u1e0402,tf33e2c98f3af21de,MISMATCH,0.718,0.0495
uk,honesty,ox-g9u8e0913,t708ba40e14d04b43,same,0.9857,
uk,honey,g8u8e0533,tfca312ea8f54ab6c,same,0.9698,
uk,honeycomb,n00550,t371771381410c3b8,MISMATCH,0.2756,0.0695
uk,hong kong-zhuhai-macao bridge,n00551,t8178789dd78a836d,MISMATCH,0.0684,0.0711
uk,honor,n00552,tf5881b7eab5de16c,MISMATCH,0.3527,0.0663
uk,honour,ox-g7u10e0700,t645751f37db410d4,same,0.9988,
uk,hook,wy-g8u3e1889,t50ac8ae14c39f9bd,same,1.0,
uk,hooray,wy-g3u4e0325,tdc14a3c593603d4f,same,1.0,
uk,hope,ox-g5u9e0490,t89528deb5fece822,MISMATCH,0.2185,0.1735
uk,hopefully,n00553,td6905abf2370a367,same,1.0,
uk,horn,wy-g4u11e0854,td04ea2de0c453882,same,1.0,
uk,horse,g4u10e0094,t3f8a1356c13047b4,MISMATCH,0.2566,0.1287
uk,horseback,ra-g9u27e1911,t64c96d5840838a16,same,1.0,
uk,hospital,g6u1e0242,t769b978d01a60d94,MISMATCH,0.7685,0.0743
uk,host,kb0308,te478b42ad88a17af,MISMATCH,0.191,0.1229
uk,hostess,kb0309,t5744bd1afdb98572,MISMATCH,0.1092,0.0901
uk,hot,ox-g2u7e0107,t8aa1359abececd69,same,1.0,
uk,hot and sour soup,n00554,t705dda61aa1af57a,MISMATCH,0.2486,0.0545
uk,hot dog,wy-g3u10e0524,tca75cb85e0cb1554,same,1.0,
uk,hot pot,n00555,t86a561c54ae5d8a1,MISMATCH,0.0929,0.107
uk,hotel,g6u9e0322,t45e5a991f019609d,same,0.9933,
uk,hour,ox-g2u10e0186,t6adf1813f2ebc43d,same,1.0,
uk,house,wy-g1u8e0095,tbeb9f0345e1e25d3,same,1.0,
uk,housework,ox-g4u10e0391,t10585e35cbd60e7d,same,0.9877,
uk,housing,ra-g7u10e0843,t1bdfea717d9d4e83,same,1.0,
uk,how,,taa88dcb9370785cc,old_missing,0.0,
uk,how about three for sixteen yuan?,n00556,t7a078628939740ef,MISMATCH,0.0795,0.0539
uk,how about...?,n00557,ta83b846a79b66af3,MISMATCH,0.0699,0.1033
uk,how are you going to spend it?,n00558,td024cfdc663c2a15,same,1.0,
uk,how are you?,ox-g1u1e0008,t1b99bd15c48e1a86,MISMATCH,0.0776,0.1245
uk,how can i improve my pronunciation?,n00559,t1b4b4fa02239b315,MISMATCH,0.0896,0.0482
uk,how can i read faster?,n00560,tebac52909279e58b,MISMATCH,0.0733,0.0895
uk,how can we all stay healthy?,n00561,t4b057f368d706d53,MISMATCH,0.0669,0.0557
uk,how can we become good learners?,g9u1e0589,ta9c9ca666758c138,MISMATCH,0.8952,0.0163
uk,how can we live a healthy life?,n00562,tbf5fa56e1b63de1f,MISMATCH,0.1705,0.0475
uk,how can we save energy?,n00563,t181d9463f294e537,MISMATCH,0.0555,0.0865
uk,how did you go there?,n00564,te82cc4e5d4403752,MISMATCH,0.0426,0.0596
uk,how do you feel?,g6u6e0300,t1299abc97c96e2ee,MISMATCH,0.0815,0.0696
uk,how do you know that?,n00565,tbfff08747b6f010e,MISMATCH,0.0368,0.0826
uk,how do you spell your name?,n00566,tc610e42492f4cd2d,MISMATCH,0.061,0.0293
uk,how fresh!,n00567,tb138119702c277a2,same,1.0,
uk,how heavy are you?,n00568,tc045e53fbba8ca99,MISMATCH,0.1825,0.0709
uk,how is tea produced?,n00569,t300a47b5ccf6bbbc,same,1.0,
uk,how many,wy-g2u1e0125,t0ec78c572525e88b,same,1.0,
uk,how many apples?,n00570,te8def982184516af,MISMATCH,0.0219,0.0716
uk,how many books do we have?,n00571,t46239dee9a74e42a,MISMATCH,0.1244,0.083
uk,how many boxes do we need?,n00572,tfa6709b62b175513,MISMATCH,0.1046,0.0871
uk,how many oranges?,wy-g2u1e0135,t6bbcb7c315c3bd65,MISMATCH,0.2139,0.0626
uk,how many rabbits do they have?,n00573,tdea5a945093d712c,same,1.0,
uk,how many?,ox-g1u7e0054,teda28340ec3d3eee,same,1.0,
uk,how much,g7u7e0407,t8a3227fa26e7190d,MISMATCH,0.0766,0.1061
uk,how much is this bag?,n00574,t1fba62fe1410addb,MISMATCH,0.0748,0.0788
uk,how old,g3u1e3901,t6d64ce1efe6c128f,same,1.0,
uk,how old are you?,wy-g1u9e0101,t275a9d648d43e1f1,same,1.0,
uk,how pretty the dragon boats were!,n00575,t6b23fda621c4a7dc,same,1.0,
uk,how tall are you?,g6u7e0309,t9572f16710e9c6a1,MISMATCH,0.104,0.105
uk,"how was your mid-autumn festival holiday, binbin?",n00576,t5cc8defea7c29167,same,1.0,
uk,how was your weekend?,n00577,tf8a6cde97bbbd3e0,MISMATCH,0.1253,0.1176
uk,how's the weather?,ox-g2u8e0117,t41f197417f46f3f3,same,1.0,
uk,however,kb0310,t18b2c2798d2b9c27,MISMATCH,0.1502,0.0875
uk,hug,kb0311,tdb4b68ed834ad490,same,0.9971,
uk,huge,wy-g9u1e0845,t0bde8a040320c857,MISMATCH,0.3811,0.0485
uk,human,g8u7e0526,tcbd332ae21717733,same,0.9595,
uk,hummingbird,g6u3e4253,t45ff82de15edf59d,same,1.0,
uk,humorous,ox-g8u10e0819,tfe42bdd15c63db2a,MISMATCH,0.2013,0.0494
uk,humour,ox-g8u10e0818,t350af36e76b6da8e,MISMATCH,0.4205,0.0502
uk,hundred,ra-g7u10e0122,tac0e96e11610d76b,MISMATCH,0.2173,0.0704
uk,hungry,g1u10e0797,tde57c1ef81224dc0,MISMATCH,0.3087,0.0914
uk,hunt,kb0312,tb1c34e354b78ceed,MISMATCH,0.1969,0.0747
uk,hunter,n00578,tac1322c7ac7029eb,MISMATCH,0.3289,0.0636
uk,hurricane,ra-g8u21e1611,t278f1958f54d7ddc,same,1.0,
uk,hurry,kb0313,tf0ef8885a9fd73d0,same,0.9975,
uk,hurry up! don't be late for class!,n00579,tdcd1cb9c2d1f7c1e,same,1.0,
uk,hurt,g3u2e3914,t9302176cfc06c8bc,MISMATCH,0.1685,0.1322
uk,hurtful,n00580,ta4948866eebead2d,MISMATCH,0.3147,0.1759
uk,husband,kb0314,td203926c75b34450,MISMATCH,0.0842,0.0818
uk,hybrid,ra-g9u32e2188,tbf6bf05effc899eb,same,1.0,
uk,i,wy-g1u1e0003,td4d1793c8c88673c,same,1.0,
uk,i agree. they aren’t serious enough.,n00581,te6863e9abe41508f,same,1.0,
uk,i also want to buy a microscope.,n00582,t8d3001f6c569cce7,MISMATCH,0.0979,0.0726
uk,i also want to buy some animal books.,n00583,t433b55777e8fb8ff,same,1.0,
uk,i am nice to my friends.,n00584,t669b4183d0866ef4,MISMATCH,0.0983,0.0372
uk,i believe that april is the hottest month in thailand.,n00585,t3746b385f89a8216,same,1.0,
uk,i bought some books and a poster.,n00586,t7dd83f2f6f4e8815,same,1.0,
uk,i can dance.,ox-g1u4e0029,t5d97e4d5f8d4c377,same,1.0,
uk,i can hear a dog.,ox-g2u2e0085,t381003589be4b1e9,MISMATCH,0.0698,0.0944
uk,i can make a robot.,n00587,tecefc7c1ff6dde3e,MISMATCH,0.1555,0.0558
uk,i can put back the desks and chairs.,n00588,tbbb85fde9d72975d,MISMATCH,0.0653,0.0533
uk,i can read.,ox-g1u4e0030,ta03d1a024236462e,same,1.0,
uk,i can see a frog.,ox-g2u1e0080,te3ca177ef31ad4d4,MISMATCH,0.0591,0.0565
uk,i can sing.,ox-g1u4e0031,tb6c02c701bb6e476,same,1.0,
uk,i can't wait to read them.,n00589,t884ed29b00b3ddda,same,1.0,
uk,i didn’t use to be popular in school.,n00590,t38b4c30fb3680617,same,1.0,
uk,i disagree. they can learn a lot from working.,n00591,tcf43f13798525b46,same,1.0,
uk,i don't know.,wy-g2u1e0136,t54ef8dde155d9ab8,same,1.0,
uk,i don't like ...,wy-g2u9e0220,t19446404e749ff27,MISMATCH,0.1691,0.0973
uk,i don't think so. they say there aren't any living things.,n00592,tc1bf11b40c581bb2,same,1.0,
uk,i don’t mind ... anymore.,n00593,td35c3ab6183d7e73,MISMATCH,0.1382,0.0395
uk,i don’t think sixteen-year-olds should be allowed to drive.,n00594,t872a9fac8b7eab6a,same,1.0,
uk,i feel ill. my head hurts and i have a runny nose.,n00595,t1e49cd8461a43764,same,1.0,
uk,i guess,wy-g8u2e1861,tfd7fc55585935161,same,1.0,
uk,i have a ...,wy-g1u7e0090,tdab9cb1c31f1008e,MISMATCH,0.1173,0.0701
uk,i have a lot of animals.,n00596,tbe60cb6cd6bc793d,same,1.0,
uk,"i have chinese, maths, music and pe.",n00597,te1ca5be53efc55bd,same,1.0,
uk,i hope you feel better soon.,n00598,t7f090517b9422756,MISMATCH,0.072,0.0497
uk,i learn by studying with a group.,n00599,t2741c018ca8b4b01,same,1.0,
uk,i like ... very much.,wy-g2u8e0212,t091d311b41fec2b3,MISMATCH,0.0877,0.0478
uk,i like football.,wy-g2u7e0204,tfc5be6ce70cd57fd,same,1.0,
uk,i like oranges.,ox-g1u8e0060,t9501f219b2322e9f,same,1.0,
uk,i like red and pink.,n00600,t3e32ca0a882ac1ce,MISMATCH,0.0941,0.0731
uk,i like rice.,ox-g2u3e0090,t1fdcbba36b4914df,same,1.0,
uk,i like the fresh air.,n00601,tabc118f92248686a,MISMATCH,0.1092,0.0731
uk,i like this dress.,ox-g2u9e0122,t8d62cb48b2087521,MISMATCH,0.124,0.0727
uk,i like this kite.,ox-g2u4e0095,t7731728a00664fcd,MISMATCH,0.0664,0.0804
uk,i like winter too. there are many festivals.,n00602,t289021b948fd3458,same,1.0,
uk,i liked watching the runners.,n00603,tc61fcf2aaec7fcd9,MISMATCH,0.1231,0.0761
uk,i love music that/which i can sing along with.,n00604,td529363193e20f90,same,1.0,
uk,i often make her gifts.,n00605,t7fffd3e671877344,MISMATCH,0.0625,0.0445
uk,i often play football. sometimes i play chinese chess with my father.,n00606,t4f53b5051911f138,same,1.0,
uk,i often watch tv and play ping-pong with my father.,n00607,t0b3499ac542a79fb,same,1.0,
uk,i prefer movies that/which give me something to think about.,n00608,teb327b4cf272d81c,same,1.0,
uk,i remember being a volunteer.,n00609,tddb83905be66f3fd,same,1.0,
uk,i stayed at home with your grandma. we drank tea in the afternoon and watched tv.,n00610,t298bc13b001da692,same,1.0,
uk,i think that i’ll have to study much harder for exams.,n00611,td94c55c7c8e363bf,same,1.0,
uk,i think that mooncakes are delicious!,n00612,t9fc7894b2a329179,same,1.0,
uk,i used to be short.,n00613,t405b9f014ecd3ae1,same,1.0,
uk,"i visited the ""gingerbread house"" last saturday.",n00614,t03aab362ec1accc3,same,1.0,
uk,i want to be an astronaut one day.,n00615,t364a506848048864,same,1.0,
uk,i want to buy the new film magazine.,n00616,tbf4e064ef2f586ad,MISMATCH,0.082,0.0519
uk,i want to write about the book fair.,n00617,t21f612a4cbf72e9f,same,1.0,
uk,"i was short, so i couldn't ride my bike well. now, i go cycling every day.",n00618,te501b7a04c1d9330,same,1.0,
uk,i went to xi'an with my family.,n00619,tc1cf213cd104180f,MISMATCH,0.1105,0.0531
uk,i wonder if they’ll have the races again next year.,n00620,t97aba8f02189b5c6,same,1.0,
uk,i wonder where we should go next.,n00621,t13c7da34f2f48695,same,1.0,
uk,i wonder whether june is a good time to visit hong kong.,n00622,t86c6ffc16d00be34,same,1.0,
uk,i'd like beef and rice.,n00623,taa7ff711fe504e0d,same,1.0,
uk,"i'd like some bread and eggs, please.",n00624,t1ed3ba023d00c277,same,1.0,
uk,i'd like some juice.,ox-g2u6e0105,t55e4ff5780368530,MISMATCH,0.0546,0.0473
uk,i'm,wy-g1u1e0004,te981d757febbe3b1,same,1.0,
uk,i'm 1.65 metres.,n00625,t078cca63eba4bd9d,same,1.0,
uk,i'm 48 kilograms.,n00626,t60d76a56421c4580,same,1.0,
uk,i'm a boy / girl.,wy-g1u2e0034,t1d502291e885a60f,MISMATCH,0.0663,0.0916
uk,i'm eight.,wy-g1u9e0112,t5e03636693e1c067,MISMATCH,0.1269,0.2319
uk,"i'm fine, thank you.",ox-g1u1e0009,t7b79db70e4b8c36f,same,1.0,
uk,i'm five years old.,n00627,t5b07977b59c40c07,MISMATCH,0.0767,0.0731
uk,i'm from the uk.,n00628,tc50cfa9f1785cb1c,MISMATCH,0.1512,0.0351
uk,i'm going to buy a pair of sunglasses for grandpa.,n00629,tff92d021e09eff7b,same,1.0,
uk,i'm going to buy a schoolbag.,n00630,t15e40219bfc16b9f,same,1.0,
uk,i'm ok now.,n00631,t3c63578b37393556,same,1.0,
uk,i'm ready. let's go!,n00632,tbe37347b0b37f4c0,MISMATCH,0.1075,0.0673
uk,i'm sorry to hear that. maybe you should see a doctor.,n00633,tcd83e7886e838d33,same,1.0,
uk,i'm sorry.,wy-g2u10e0227,te9af22661507d6da,MISMATCH,0.0478,0.1014
uk,ice,ox-g4u3e0330,t2e96966b73187009,MISMATCH,0.569,0.0763
uk,ice cream,ox-g2u5e0097,te9278e4482b294f9,same,1.0,
uk,ice hockey,n00634,t802910d6cc158a2c,MISMATCH,0.1914,0.0912
uk,ice lantern,g6u6e4298,t9b253de0e233f975,same,1.0,
uk,ice skating,n00635,t2857019c01aa1446,MISMATCH,0.1822,0.0706
uk,ice-cream,g3u3e3930,t8283793a82856543,same,1.0,
uk,ice-skate,n00636,t6f2c86b8a4f7e5de,MISMATCH,0.2028,0.0539
uk,icebox,wy-g5u10e1060,t3773b38b9d1ba0c5,same,1.0,
uk,iced,ra-g8u15e1173,t74cd17e3919c9748,same,1.0,
uk,id,wy-g8u6e2044,tee19384b32f2fdd9,same,0.9792,
uk,idea,g6u4e0274,t0097ee914e37dedf,same,0.9534,
uk,idiom,n00637,t33c9c80054eaf409,same,1.0,
uk,if,kb0316,t5e8be8dd9fd43bac,MISMATCH,0.3751,0.1546
uk,ill,g6u6e0296,ta6e7f111877afc60,same,0.9833,
uk,illness,kb0317,tc8ba46a542a39cf6,MISMATCH,0.0903,0.0826
uk,imagination,wy-g9u6e2548,td563cc1fbe32059e,same,1.0,
uk,imaginative,ra-g9u27e1942,t91402d3098bb944c,same,1.0,
uk,imagine,ox-g8u10e0820,t4cb70865cae91699,same,0.9984,
uk,imitate,ra-g9u28e1971,t4b2418d84a1e9945,same,1.0,
uk,imitation,ra-g9u28e1975,tf4ac77067458915a,same,1.0,
uk,immediately,ra-g8u14e1135,t6a3b22442e92bd8f,same,1.0,
uk,imperial,ra-g9u31e2109,t7ed267d6ed506d18,same,1.0,
uk,impolite,wy-g8u9e0807,tff46303b45a11afd,MISMATCH,0.0644,0.0783
uk,importance,n00638,t3f2fcef0672fc57d,same,1.0,
uk,important,kb0318,tc2921644c9bcfeb1,same,0.9951,
uk,importantly,n00639,t5a8260fa96a85551,MISMATCH,0.0994,0.0395
uk,impossible,kb0319,t7d0cb5f524196422,MISMATCH,0.7749,0.0739
uk,impression,ox-g8u11e0825,t4881eabdf8f30ce0,same,0.9852,
uk,improper,n00640,t83f4b20924ea1d6d,same,1.0,
uk,improve,g8u6e0515,tc0afe24cfe95fe63,MISMATCH,0.2485,0.0876
uk,improvement,ra-g9u25e1842,t402fbd6434b23a17,same,1.0,
uk,in,g1u7e0766,t3fba098e1568927a,same,0.9672,
uk,in + 地点,wy-g1u10e0115,tede59d6c5d6b11c2,MISMATCH,0.0519,0.0672
uk,in 2020,g12u5e5842,t0218426c20d0863e,MISMATCH,0.0696,0.0556
uk,in a hurry,ra-g9u37e2359,t0df2e8a3addbdcc2,same,1.0,
uk,in a row,n00641,t227e0aafda05cad6,MISMATCH,0.0974,0.1068
uk,in charge of,ra-g9u32e2180,t0511d351ea993516,same,1.0,
uk,in class,n00642,t179597e22eeb0f9b,MISMATCH,0.0588,0.0918
uk,in danger,ra-g8u10e0454,tefc17980deee41b4,same,0.9979,
uk,in fact,n00643,t46cf45fbf446166d,MISMATCH,0.0376,0.0776
uk,in front of,n00644,t7869403ea2387a6c,MISMATCH,0.0243,0.0538
uk,in future,n00645,t09734d1a2708d76e,MISMATCH,0.0398,0.034
uk,in general,wy-g7u12e1736,t35c8811f33ce26e1,same,1.0,
uk,in high spirits,n00646,t4c9e385dcee79ae6,MISMATCH,0.2873,0.0627
uk,in line with,n00647,t476abbf06f5589cb,MISMATCH,0.0222,0.054
uk,in low spirits,n00648,tb92da8a6b28312b7,MISMATCH,0.3661,0.0672
uk,in memory of,ra-g9u34e2262,teca24631d5f0fd9a,same,1.0,
uk,in need,n00649,t14d91e7389afcc2a,MISMATCH,0.0698,0.0223
uk,in one hour,g3u11e4058,t5f5ed79f6fadc089,same,1.0,
uk,in one's view,ra-g9u36e2302,t201027b1f9c66151,MISMATCH,0.1062,0.0456
uk,in order to,n00650,t58b0787fca9a1017,MISMATCH,0.0394,0.0374
uk,in person,n00651,tfd845580e0e2721d,MISMATCH,0.0367,0.1166
uk,in public,n00652,t5014316739daf936,MISMATCH,0.045,0.0549
uk,in return,n00653,tfcf33dda9fe4f998,MISMATCH,0.0228,0.0412
uk,in that case,n00654,t3de45528d282d117,MISMATCH,0.0709,0.1781
uk,in the box,wy-g1u8e0098,t3ebdaa8346f1a74f,same,1.0,
uk,in the end,g8u10e0557,tb1d1138a48479307,MISMATCH,0.2898,0.0605
uk,in the future,g8u7e0527,t33ccecab1de9483c,MISMATCH,0.0502,0.0216
uk,"in the kindergarten, john and class one are singing songs together.",n00655,td34b0e7b6291456c,same,1.0,
uk,in the middle,g7u3e4422,tccd430a813ff0054,same,1.0,
uk,in the middle of,n00656,td89bfb083c70e3f1,MISMATCH,-0.0009,0.0741
uk,in the sun,n00657,tf952155c9d2d5aa0,MISMATCH,0.1244,0.0548
uk,in time,n00658,t814a9bf9f0ff8471,MISMATCH,0.0237,0.053
uk,in total,n00659,teafba00d0c687a17,MISMATCH,0.0161,0.0471
uk,include,kb0320,te7bc007e663bed2c,same,0.9786,
uk,increase,wy-g8u8e0793,t9dd00f0d0995d604,MISMATCH,0.7456,0.0593
uk,independent,wy-g9u1e1168,tbe55e1dfbfc6ea56,same,0.9774,
uk,india,ra-g7u23e0302,ta7d3639ca56c5f8c,same,0.999,
uk,indian,n00660,tb599be240d91838a,MISMATCH,0.3175,0.0576
uk,indonesia,n00661,t27a6c700feba19bb,MISMATCH,0.0176,0.0219
uk,indoors,ra-g7u4e0379,t272ef1f84ba5625f,same,1.0,
uk,industrial,wy-g9u6e2543,t9a68cbd99c57efb6,same,1.0,
uk,industry,kb0321,t8f92659b6ab73567,same,0.9835,
uk,inexpensive,n00662,t8c4d9750dadabe6b,MISMATCH,0.0206,0.067
uk,influence,g9u4e0616,tf9f2018cba4ae187,MISMATCH,0.0986,0.0711
uk,inform,ra-g8u20e1545,tba80d78b0b8db059,same,1.0,
uk,informal,n00663,t23fe7f9179235b5e,MISMATCH,0.206,0.0815
uk,information,ox-g8u7e0790,te6964ac65757a317,same,0.9948,
uk,information centre,g4u4e3914,te9c90b54ee6de81d,MISMATCH,0.0914,0.0584
uk,inga,n00664,taaa82801d6f017e1,MISMATCH,0.282,0.0679
uk,ingredient,n00665,tca6ea0f377ab1eba,MISMATCH,0.1044,0.0166
uk,injured,ra-g8u21e1670,tc2784a09228a95be,same,1.0,
uk,injury,ra-g8u11e0467,t4bffb28b7efa49f8,same,0.9794,
uk,ink,n00666,t16d6d19678bb4ffa,same,1.0,
uk,inner,ra-g8u18e1406,tf6c59eb96c03ffb0,same,1.0,
uk,innovation,g17u7e6368,t6f9cf204d39b4a37,same,1.0,
uk,insect,kb0322,t71abcea661ea5798,MISMATCH,0.4641,0.0916
uk,inside,kb0323,t29175a7ea905d4e0,MISMATCH,0.1588,0.0624
uk,inspiration,n00667,tb0fe1cd2cda0f96e,MISMATCH,0.0908,0.0812
uk,inspire,n00668,t774c1018e9b51955,MISMATCH,0.1113,0.0562
uk,inspiring,n00669,t35f3baf508843715,MISMATCH,0.1386,0.0514
uk,instead,ox-g8u8e0798,td6ac6863aea15b68,MISMATCH,0.1325,0.0668
uk,instead of,ra-g9u6e0725,t62a7bdef8e36d964,same,0.9794,
uk,institute,ra-g9u30e2050,t71ac4713e80a7a2c,same,1.0,
uk,institution,ra-g9u32e2178,t76ba6aa9823aa0d7,same,1.0,
uk,instruction,kb0324,tc988c582a2556a20,MISMATCH,0.7101,0.1211
uk,instructor,n00670,t2164195607020b86,MISMATCH,0.0423,0.0961
uk,instrument,ox-g7u11e0708,t22b17ec81719eab0,MISMATCH,0.0809,0.0547
uk,intelligence,n00671,t7b6f101d0b8dbd19,same,1.0,
uk,intelligent,n00672,t660fefc47a1fcd3e,same,1.0,
uk,interest,kb0325,t60db7dfdecbc3b38,MISMATCH,-0.0843,0.0904
uk,interested,ra-g8u7e0415,t85431ca27b2b4eae,MISMATCH,0.1274,0.0857
uk,interested in,n00673,t6f2331ab3f3813ea,MISMATCH,0.1213,0.0386
uk,interesting,g3u11e4063,t264d80281d8fec70,same,1.0,
uk,interestingly,ra-g9u30e2062,t1e0db98ad5c6e2a2,same,1.0,
uk,international,kb0327,td7cf0dfb26ce2be1,same,0.9094,
uk,internet,g6u10e0335,t7be82773316595cf,same,0.9593,
uk,interview,ox-g8u7e0786,t6517f31b2150c1a2,same,0.9189,
uk,interviewer,n00674,t3c5a0df5db787a7c,same,1.0,
uk,into,kb0328,t5df3ac3b85b90b6a,MISMATCH,0.0187,0.0632
uk,introduce,ox-g7u1e0601,t4f082111c177a6a0,same,0.9884,
uk,introduction,n00675,tb9f020a17dda93c4,MISMATCH,0.0815,0.1225
uk,invent,wy-g9u7e0901,t9a63f177d363301d,MISMATCH,0.0721,0.1133
uk,invention,g9u6e0631,t6e24e0446ea230fe,same,0.9916,
uk,inventor,g9u6e0632,t6a3560feeb0094e9,MISMATCH,0.0682,0.0775
uk,invitation,g10u2e7041,tcc2c91ede0cc5129,MISMATCH,0.0861,0.0602
uk,invite,g8u9e0545,t8ebec88e84fe65f5,same,0.9977,
uk,involve,n00676,t2f6f3b82a15ae5cb,MISMATCH,0.1831,0.0998
uk,iranian,wy-g7u9e1622,tadb9ec5e590a9b66,MISMATCH,0.0795,0.0501
uk,ireland,n00677,t6c9f0381ff1da611,MISMATCH,0.0669,0.1227
uk,iron,n00678,t404a0c3ffe4889c7,MISMATCH,0.2186,0.1861
uk,is,wy-g1u2e0017,t1aef47be295dc2d2,MISMATCH,0.0645,0.2127
uk,is he drinking water?,n00679,t728701c23b2d1c4f,MISMATCH,0.1041,0.0771
uk,is he good at football?,n00680,t11ea9d27ab5f2533,MISMATCH,0.2284,0.0513
uk,is it important to be on time?,n00681,td0b12964c7b27408,same,1.0,
uk,is it on the shelf?,n00682,t02e59a78a3a29a7d,MISMATCH,0.0766,0.0392
uk,is that your brother?,n00683,t9c4dd2bd38350495,MISMATCH,0.0303,0.0856
uk,is there a waterfall in the forest?,n00684,te233a265d8b14b8b,MISMATCH,0.0751,0.0603
uk,is there any water on mars?,n00685,t2c3203d470e9e070,MISMATCH,0.1641,0.1086
uk,island,ox-g4u6e0353,t9f67148a03a29e6a,same,0.9983,
uk,it,wy-g1u4e0045,t07f596c4ded884d2,same,1.0,
uk,it could be mei’s hair band. or it might belong to linda.,n00686,t74e8b54c45065b21,same,1.0,
uk,it has a long body and short legs.,n00687,tc3665c2fa714c5b6,same,1.0,
uk,it is believed that ...,n00688,t2a6babfcda348cc8,MISMATCH,0.1834,0.0779
uk,it is said that ...,n00689,tc87eb368684b5f10,MISMATCH,0.1455,0.0613
uk,it looks like a mule!,n00690,t08f0a3314b92a451,MISMATCH,0.1873,0.0617
uk,it must be carla’s. she loves volleyball.,n00691,t0d0a3bcc2eb60294,same,1.0,
uk,"it was good, thank you.",n00692,t3a9b93547b12203e,same,1.0,
uk,it was great!,n00693,t93025747a85033b1,MISMATCH,0.208,0.0638
uk,it was great! i climbed the great wall.,n00694,t68b5be3292649788,same,1.0,
uk,it was invented by whitcomb judson.,n00695,t8ef1c61f922f85a3,same,1.0,
uk,it was invented in 1893.,n00696,t210746cb3a5124f0,same,1.0,
uk,it's 5 o'clock.,n00697,tf1c6a199d9f5f30d,same,1.0,
uk,it's = it is,wy-g1u4e0046,t23b7408de038a975,same,1.0,
uk,it's a fox.,n00698,tf1108d55dadeaca2,MISMATCH,0.0939,0.0808
uk,it's a red panda.,n00699,t7c752d95d1746573,MISMATCH,0.1387,0.0796
uk,it's a toy car.,wy-g2u10e0228,t467fc1f4d3c1d73b,MISMATCH,0.0485,0.0583
uk,it's about our school project.,n00700,t0b61641839109aaf,MISMATCH,0.1485,0.0548
uk,it's full of life.,n00701,t6add00419ce8ef7c,MISMATCH,0.0981,0.093
uk,it's hot and sunny here.,n00702,t5b06aa0ace675f84,MISMATCH,0.113,0.1235
uk,it's important to listen to each other.,n00703,tf0d9ef908ab3098f,MISMATCH,0.1342,0.0549
uk,it's in / on / under ...,wy-g1u10e0124,tb714bc50aa0d737e,MISMATCH,0.0162,0.0581
uk,it's in april.,n00704,t41dadd5391a3d761,same,1.0,
uk,it's in october. we'll go to the great wall.,n00705,t1a5b4b82c62fcfa5,same,1.0,
uk,it's in the box.,n00706,td6f48ca1fa2aaa2f,same,1.0,
uk,"it's ok, chen jie.",n00707,tb689688a2a42a982,MISMATCH,0.0721,0.08
uk,it's ok. we can go to the library.,n00708,t3b3036ea9c9c7009,same,1.0,
uk,it's on may 1st.,n00709,t85f672d2c10e1c08,same,1.0,
uk,it's only two degrees in beijing.,n00710,td1b5a9c5e2656c9f,same,1.0,
uk,it's orange.,n00711,t59de062d3d3c6bf5,MISMATCH,0.0815,0.1015
uk,it's playing with its mother!,n00712,t8e649bc8a1e65403,same,1.0,
uk,it's raining now.,n00713,t952bb93421109d08,MISMATCH,0.204,0.0713
uk,it's seven o'clock. hurry!,n00714,t75c570dd59e4f8aa,MISMATCH,0.0587,0.0678
uk,it's sunny today.,ox-g2u8e0116,tce232a0e5cdbb50b,same,1.0,
uk,it's taller than both of us together.,n00715,t56558896913a0d50,same,1.0,
uk,it's the empty can that makes the most noise.,n00716,t926c744f457dae4c,same,1.0,
uk,it's time for dinner.,n00717,t620dab9f8bb54d47,MISMATCH,0.1299,0.0776
uk,it's time to get up.,n00718,tf9d8c5b357f09533,MISMATCH,0.0887,0.0574
uk,it's twenty yuan.,n00719,t5abd50bf6d3eaa50,MISMATCH,0.0661,0.0612
uk,it's very long.,wy-g2u6e0192,tbfcf11465c3a8461,same,1.0,
uk,it's your dad's.,n00720,t722bfd7ad2d3bba6,MISMATCH,0.073,0.083
uk,it's zhang peng's.,n00721,tb0477020010d3eae,MISMATCH,0.0363,0.107
uk,italian,n00722,tc3c530e6af081d64,MISMATCH,0.272,0.1275
uk,italy,n00723,t5c41022efee72ec1,MISMATCH,0.2837,0.1102
uk,item,n00724,t848aab3cffd8f8d8,MISMATCH,0.2649,0.078
uk,its,kb0329,td5a45fca3eed95d2,MISMATCH,0.3431,0.0883
uk,itself,kb0330,tcaf2dc21a5eb104c,MISMATCH,0.073,0.0875
uk,it’s made of used wood and glass.,n00725,t33e231186fbdc454,same,1.0,
uk,it’s used for serving really cold ice-cream.,n00726,t66616cbae8f477be,same,1.0,
uk,ivory,n00727,t67a9b48f5b2c1703,MISMATCH,0.1017,0.0746
uk,i’m going to join the school volleyball team.,n00728,t1b53814382ca48dd,same,1.0,
uk,i’m looking forward to going to senior high school.,n00729,t98863826a7e5ec87,same,1.0,
uk,"i’m not sure, but it can’t be a dog.",n00730,te028800446698161,same,1.0,
uk,j. k. rowling,n00731,t623be6eb0ec39be9,same,1.0,
uk,jack,n00732,t2dc95d76f41982dd,MISMATCH,0.3143,0.1018
uk,jacket,g3u5e3965,t9efc3ae80182c94b,same,1.0,
uk,james,n00733,t69430732ad15bfbb,MISMATCH,0.0629,0.0987
uk,jane,n00734,tda940fa278874028,MISMATCH,0.1083,0.1676
uk,january,g3u6e3975,t0bf2dea95076745b,same,1.0,
uk,japan,wy-g6u3e0529,t7bcd8ad216953bf6,MISMATCH,0.2021,0.0864
uk,japanese,ra-g9u28e1959,tf7679b6e60a4aca2,same,1.0,
uk,jar,n00735,tc11d42ab87dc033c,MISMATCH,0.2626,0.1062
uk,jason,n00736,t4be9fb49c1a5f757,MISMATCH,0.0854,0.0758
uk,jazz,ra-g9u25e1858,t833585d6fe0feec0,same,1.0,
uk,jeans,g1u12e0820,t650a9cf909f2d2b7,same,0.99,
uk,jeff,n00737,t659674d6a79333d9,MISMATCH,0.2168,0.0823
uk,jelly,ox-g2u5e0096,t7520692dcfffaf52,same,1.0,
uk,jennifer,n00738,t719089de28af4b92,MISMATCH,0.2132,0.059
uk,jenny,n00739,td47e0531db8e1247,MISMATCH,0.1716,0.1182
uk,jewel,wy-g5u11e1089,t3b841d81554e5dd7,same,1.0,
uk,jeweled,ra-g9u36e2334,te569a26eb98d9533,same,1.0,
uk,ji-hoon,n00740,tfe3e8a397b52ab5e,MISMATCH,0.2546,0.0497
uk,jim,n00741,taacf96f529d1226a,MISMATCH,0.1001,0.139
uk,jinggangshan revolution museum,n00742,te24f8d95198d1e39,MISMATCH,0.1108,0.0711
uk,job,ox-g7u5e0644,tae5ed715762bcf24,same,0.9883,
uk,jog,kb0331,t44bc7929d1188b0d,MISMATCH,0.4112,0.0906
uk,jogging,ra-g8u15e1183,t035d6cb6b32e7245,same,1.0,
uk,john,n00743,tc34e2b5399b4ed94,MISMATCH,0.0817,0.1123
uk,join,kb0332,t34b65fd1395de350,MISMATCH,0.0997,0.2052
uk,join clubs and teams.,n00744,t663c336650a591a1,same,1.0,
uk,joke,kb0333,t515b39a8bd4562ef,same,0.9958,
uk,jones,n00745,tc37e520eda4f4c73,MISMATCH,0.0799,0.2152
uk,journalist,ra-g9u25e1871,t11de769ff7691a2b,same,1.0,
uk,journey,ox-g9u11e0949,t3c65da5acd56a915,same,0.9677,
uk,journey to the west,n00746,t8aed8aa15673cc5c,MISMATCH,0.1281,0.0547
uk,joy,kb0334,t45b65d9041b876ba,same,0.9952,
uk,joy clinic,n00747,t755e295c1a9d5de7,MISMATCH,0.1485,0.0837
uk,joyful,n00748,t396895834a07dd6f,MISMATCH,0.1788,0.0853
uk,judge,kb0335,t09d43282d5774198,MISMATCH,0.8668,0.056
uk,judy,n00749,t9ba136fc45716254,MISMATCH,0.3514,0.0343
uk,juice,ox-g2u6e0102,tb37fd06819ce5833,same,1.0,
uk,julie,n00750,tdb68d5499539314f,MISMATCH,0.4101,0.0433
uk,july,g3u6e3981,tead3aa7ad1fdd25a,same,1.0,
uk,jump,ox-g3u10e0295,ta2c3a769756a9241,same,0.9925,
uk,jump rope,n00752,t4026b5487c194374,MISMATCH,0.1297,0.0776
uk,jump the queue,n00753,t24660c657a5114e0,MISMATCH,0.1351,0.0692
uk,jumping,n00754,t564c6f74e8b0bc6d,MISMATCH,0.2642,0.0586
uk,jumping rope,g4u1e3847,t97418db1f9549384,same,1.0,
uk,june,g3u6e3980,t6573aafada796fa4,same,1.0,
uk,junior,kb0336,tcf6b2b8152a83e2c,same,0.9967,
uk,junior high,wy-g7u0e1188,t88e23e8e89934e8e,same,1.0,
uk,junior high school,ra-g8u16e1269,t28d71e8917626995,same,1.0,
uk,junk food,ra-g8u5e0389,td30e8cc2ba04ef7c,same,0.9216,
uk,jupiter,ra-g8u18e1412,te7206282a97dbd2b,same,1.0,
uk,just,kb0337,t8d29c4cb86a58ac5,same,0.9854,
uk,kaito,n00755,t73667ab296ea0b5a,MISMATCH,0.2346,0.0851
uk,kangaroo,wy-g9u8e0912,td56bf8c5d5672d2f,same,0.9978,
uk,kate,n00756,tf451c7b3eb63740d,MISMATCH,0.3579,0.1149
uk,keep,kb0338,tcdaad3ab65e64236,same,0.9362,
uk,keep (...) away from ...,n00757,t49d438c07556e76a,MISMATCH,0.2486,0.0989
uk,keep ... away from,n00758,t741bb0ac7d609944,MISMATCH,0.2083,0.0743
uk,keep ... off,n00759,t7212ff07c984c876,MISMATCH,0.4378,0.0439
uk,keep on doing sth,n00760,tcc5b16cf86d1d8fa,MISMATCH,0.1107,0.0364
uk,keep one’s cool,n00761,tec9f9ba312f78fe0,MISMATCH,0.1239,0.1076
uk,keep out,g8u8e4550,tcc9aba88d61fdcb4,same,1.0,
uk,keep to the right,g5u12e0235,tc935c02127e09426,MISMATCH,0.0821,0.0541
uk,keep your desk clean,g5u12e0236,t92157a51b815da98,MISMATCH,0.1083,0.0631
uk,keep your desk clean.,n00762,t885d886d4fdab3a5,same,1.0,
uk,keeper,wy-g4u11e0859,tf6244c915dab9b4e,same,1.0,
uk,kelly,n00763,t8bd7f4cd69c92d5b,MISMATCH,0.2951,0.1408
uk,key,g4u2e0016,tce7cccadc3a94cf5,same,0.9969,
uk,keyboard,ox-g9u2e0852,t4d544c11f59d1556,MISMATCH,0.6995,0.1179
uk,kg,n00764,t38ef4bdbc4c2af49,MISMATCH,0.0751,0.073
uk,kick,g3u2e3919,t7f9308bc97b2dca8,same,1.0,
uk,kick sb. off,n00765,t631762fe3720f574,MISMATCH,0.1046,0.0478
uk,kid,kb0339,tbfe7148cc5879fc4,same,0.9933,
uk,kill,kb0340,t390012164b9461ea,same,0.9957,
uk,kilo,kb0341,te8fa868e00ac1f79,same,0.9961,
uk,kilogram,kb0342,t9be358881c49d452,MISMATCH,0.83,0.0531
uk,kilometer,g7u12e0454,ta490d4fe147c5cf8,same,0.9976,
uk,kilometre,wy-g6u1e0502,tc60d891212df0ab8,same,0.9976,
uk,kind,g5u1e0124,t5a24dd0b5c7ff759,same,0.9982,
uk,kindergarten,g12u2e7204,tfe4e13a6b301c568,same,1.0,
uk,kindness,ox-g6u10e0599,ta4ce465abd178622,MISMATCH,0.8066,0.0523
uk,king,kb0343,ta0c66bd15af968a9,same,0.9753,
uk,kingdom,n00766,tb606886c76716b14,MISMATCH,0.4866,0.0744
uk,kiss,g9u10e0674,tf10af86d11c7bb72,same,0.9512,
uk,kit,ra-g8u21e1638,t3deb98680f68f436,same,1.0,
uk,kitchen,g3u12e4077,tb0cabb4ae2643be7,same,1.0,
uk,kite,ox-g2u4e0094,t928f3f2530608eed,same,1.0,
uk,kitten,n00767,t49e4fd4a5841952a,MISMATCH,0.2682,0.0862
uk,km,n00768,t8d0fcae2f7beb6a7,MISMATCH,0.1582,0.0817
uk,knee,kb0344,t10ca16493c24f09b,same,0.9998,
uk,knife,ox-g4u10e0398,t9f6db933dd36a97a,MISMATCH,0.1479,0.0793
uk,knock,ox-g7u2e0619,t67c38d8e59a2e4b7,same,0.999,
uk,knock around,wy-g7u6e1438,tbada98f2e57ad122,same,1.0,
uk,knock down,wy-g8u2e1839,t59bdc27ff323d892,same,1.0,
uk,know,g3u10e4040,tdaf1d34e9023690e,same,1.0,
uk,knowledge,g9u1e0586,tef45a3e9784c9e08,MISMATCH,0.0573,0.1136
uk,knowledgeable,ra-g9u30e2060,tb2a4f44dc444402e,same,1.0,
uk,koala,g7u9e5369,t612a7c44e00537c7,MISMATCH,0.0832,0.0493
uk,korean,ra-g8u23e1754,t785645057a4ec11e,MISMATCH,0.3948,0.0744
uk,kung fu,kb0345,te5047b841df56a4f,MISMATCH,0.1462,0.0983
uk,lab,kb0346,t2545b967b8aeae13,MISMATCH,0.4721,0.0561
uk,laboratory,ox-g9u4e0873,tf04889bb0430d12b,same,0.9975,
uk,labour,ra-g9u2e0663,t75295b5caad182fb,MISMATCH,0.2543,0.1269
uk,labour day,n00769,t4aee785e11bc6e65,MISMATCH,0.2356,0.0721
uk,ladder,n00770,te09064ecd8ed4344,MISMATCH,0.269,0.0652
uk,lady,kb0347,t332284b712d430c0,same,0.9823,
uk,lake,ox-g2u6e0145,t5525ecdfbbf8ed2a,same,1.0,
uk,lake baikal,n00771,te90ace3bdb6570dc,MISMATCH,0.0828,0.055
uk,lake ontario,g6u8e4320,tb7375c43c967114a,MISMATCH,0.0459,0.0633
uk,lamp,ox-g4u2e0316,t2afc15e301f7046b,same,0.9972,
uk,land,kb0348,t10e9f227342d262b,same,0.9967,
uk,landlord,ra-g8u24e1810,t5357d66d9626e09e,same,1.0,
uk,landmark,ox-g7u7e0666,t1eb0338b13f2b09a,same,0.999,
uk,landscape,kb0349,tac5aff9cb0ebc29e,same,0.9776,
uk,landslide,n00772,t135acc226863977d,MISMATCH,0.1413,0.0686
uk,lane,wy-g8u2e1867,ta611597cae8f7d3f,same,1.0,
uk,language,ox-g7u1e0609,td5006cad83abba16,same,0.9972,
uk,lantern,g9u2e0592,t044d7f08029513fc,same,0.9986,
uk,lap,ra-g8u22e1692,t9ad60dcd65784b8f,same,1.0,
uk,laptop,kb0350,t508fefedc17fa8d6,same,0.9405,
uk,large,kb0351,t8a1d30957d0733a0,same,0.9696,
uk,last,kb0352,tb1946b85ac260c84,same,0.9932,
uk,last but not least,n00773,tc3ff2c4e613ec663,MISMATCH,0.0789,0.0606
uk,last month,g12u5e5841,tf368c231b6101a98,same,1.0,
uk,last name,n00774,t41fd197d788de192,MISMATCH,0.2032,0.0602
uk,last night,g9u4e5534,t7a99a6576bed5a2e,same,1.0,
uk,last week,g9u4e5533,tef924c0dbb006496,same,1.0,
uk,last weekend,g10u3e5623,t22e0d03835a8520f,same,1.0,
uk,last year,g12u5e5835,t2fff18553383e494,same,1.0,
uk,lastly,n00775,teae8ead6390d0a29,MISMATCH,0.2556,0.0809
uk,late,g3u11e4066,tdb18bc8c922b0938,same,1.0,
uk,late for,n00776,tf060c31b772d6794,MISMATCH,0.0879,0.1241
uk,lately,n00777,t7b0a4c95586f5d79,MISMATCH,0.1367,0.0608
uk,later,kb0353,tde6f9ee7d222bb03,same,0.9973,
uk,latest,ra-g8u22e1707,t9ef55aa5aa934ac7,same,1.0,
uk,laugh,wy-g6u4e0538,tc7e9d02da37b9fd7,same,0.9978,
uk,laugh at,n00778,tb7b4344517c50efb,MISMATCH,0.0275,0.1277
uk,laughed,n00779,t313c7ce74135254c,MISMATCH,0.3519,0.0904
uk,laughter,ra-g9u25e1850,t928ecae7441143b9,same,1.0,
uk,lausanne,n00780,t449b4cc50c863689,MISMATCH,0.1194,0.0643
uk,law,kb0354,t7bd445b9014b9c2b,same,0.9993,
uk,lawyer,kb0355,ta28c78a516d03eef,same,0.999,
uk,lay,kb0356,t5980fa14f4cf3864,same,0.9797,
uk,lay out,n00781,tc65eb6779ae22c5e,MISMATCH,0.2366,0.0882
uk,lazy,kb0357,t1b1880d9a05c015e,same,0.9915,
uk,lead,kb0358,t7b2d62597cd66902,same,0.9989,
uk,leader,n00782,t94bf52147032528f,MISMATCH,0.2693,0.0879
uk,leadership,ra-g9u30e2047,tab73d22946963437,same,1.0,
uk,leading,ra-g8u24e1822,t206c85fb8ddb06ac,same,1.0,
uk,leaf,ox-g2u5e0138,tc2b02e09e745fc87,same,1.0,
uk,lean,ra-g9u33e2206,tc2373064d2c8cd5f,same,1.0,
uk,learn,wy-g8u1e0722,t1a6470037a2e599f,same,0.9837,
uk,learn from,ra-g8u2e0347,t51cd0e1d4931146f,same,0.9914,
uk,learn to ride a bike,g5u12e4189,t51c7562ac28012f1,MISMATCH,0.0722,0.0831
uk,learn to swim,g5u12e4192,te6b7b406dfed70e7,same,1.0,
uk,learn to walk,g5u12e4188,tdd1aee4576aefbaf,MISMATCH,0.164,0.0682
uk,learner,g9u1e0581,tdebd1f3087656e7f,same,0.9624,
uk,learning,g11u6e5745,t2b712b5ec03d1f7a,MISMATCH,0.2471,0.1203
uk,least,kb0359,tf3a035fcffae03ee,same,0.9933,
uk,leave,n00783,tb7d484756ab9126d,MISMATCH,0.295,0.044
uk,leave a message,n00784,tb403e9e806af5443,MISMATCH,0.2111,0.0376
uk,leave out,n00785,taa8cdeaa43ebc0e3,MISMATCH,0.076,0.1274
uk,leave... behind,,tf0e5b395cf1c9534,old_missing,0.0,
uk,leaves,kb0360,t4983d4a5d4691285,same,0.9938,
uk,lee,n00786,tfc5f88b4aa08f169,MISMATCH,0.1986,0.1074
uk,left,wy-g4u1e0301,t361ab1bee57f1183,same,0.9652,
uk,leg,g3u2e3911,t2e50a7be5f0426f2,same,1.0,
uk,leisure,ox-g8u2e0738,t6cd9bc72d41b597c,same,0.9949,
uk,lemon,kb0361,t97f2812bbd4b869a,same,0.9911,
uk,lend,kb0362,t472dfa3ccf0b2f31,same,0.9987,
uk,lend (sb) a hand,n00787,te4911f3ac552e86a,MISMATCH,0.0876,0.0384
uk,length,n00788,tfedb17fd8a5bc499,MISMATCH,0.0386,0.1211
uk,lennox,n00789,t20defbfeffc2d781,MISMATCH,0.2284,0.1178
uk,less,kb0363,t4d88dc7ecdf70eec,same,0.9744,
uk,less is more.,n00790,t33ab06fc6c3935c3,same,1.0,
uk,lesson,ox-g9u10e0938,td7e8ce1ab6161aa4,MISMATCH,0.7538,0.0881
uk,let,kb0364,t9380f36d6d3016d4,same,0.9904,
uk,let ... down,n00791,t8dd3c17e662f70dc,MISMATCH,0.1302,0.0804
uk,let down,n00792,t2c3f1c005eb79415,MISMATCH,0.2989,0.0874
uk,let me help.,n00793,t18decb09207575d5,MISMATCH,0.1301,0.0638
uk,let sleeping dogs lie.,n00794,te165b5cc355ca19d,MISMATCH,0.1057,0.0493
uk,let's,wy-g2u1e0134,t1f712c827e07a6f3,same,1.0,
uk,let's count.,wy-g2u1e0137,tf621fc953c06254e,same,1.0,
uk,let's draw some purple and brown birds.,n00795,t067a9d097efe02a7,same,1.0,
uk,let's feed the chickens.,n00796,t8644979634038048,same,1.0,
uk,let's go to the zoo!,n00797,tf3bc6969e75fc878,MISMATCH,0.1077,0.0937
uk,let's take it.,n00798,t0f6cabbcf1793b67,same,1.0,
uk,letter,g6u4e0273,t876d8d048900a64f,same,0.9978,
uk,level,kb0365,t1cc7b7c5f44e60ef,same,0.9986,
uk,lewis carroll,n00799,tb74c699c410fa405,same,1.0,
uk,librarian,n00800,tb9ade6dde98df93c,MISMATCH,0.2277,0.0816
uk,library,g3u8e4002,t27f450ebff0e5238,same,1.0,
uk,license,n00801,t0c41efe15f23b153,MISMATCH,0.1691,0.0494
uk,licked,n00802,t35c9f9ce2fa0cdb2,MISMATCH,0.3356,0.0863
uk,lie,kb0366,tb33624a187da5c62,same,0.9993,
uk,lie in,ra-g9u31e2104,t81d8602ba3f9136e,same,1.0,
uk,life,wy-g8u9e0802,ta5ccbf6430d51570,same,0.9735,
uk,life has seasons.,n00803,t9263cb58365fbb8f,MISMATCH,0.0681,0.045
uk,life is full of the unexpected.,g9u12e0699,tff2edb5ffc713308,MISMATCH,0.8103,0.0471
uk,life is what you make it.,n00804,t588106360e704cde,same,1.0,
uk,life-saving,n00805,te98437178686f006,MISMATCH,0.1368,0.0726
uk,lifelong,n00806,td9e3d4b63a22538e,MISMATCH,0.2698,0.1913
uk,lifestyle,ox-g6u2e0511,t7fc087b17772f78a,same,0.9927,
uk,lifetime,n00807,t9edd7a72522566ae,MISMATCH,0.1755,0.0633
uk,lift,ox-g7u2e0614,t22b9234204bdd7d4,same,0.9982,
uk,lift sb's spirits,wy-g7u10e1640,t9ee02eb1acbe8359,same,1.0,
uk,light,g4u1e0004,t4caa9e218c39031f,same,0.9976,
uk,lightning,ox-g4u3e0328,t4a789aa12995e950,same,0.9616,
uk,lightning rod,wy-g8u4e1937,t7dfade1d9fa79921,same,1.0,
uk,like,wy-g2u7e0196,tcc06da46ecebbad2,same,1.0,
uk,likely,kb0367,tced288940bcb86ce,same,0.9986,
uk,lily,n00808,t369d320b77b4e50e,MISMATCH,0.1373,0.0522
uk,limit,ra-g8u21e1653,t2c1a7a2ea3da6938,same,1.0,
uk,linda,n00809,t713426969f8e9b61,MISMATCH,0.137,0.0765
uk,line,kb0368,t36093ea6e992cef0,same,0.9993,
uk,lining,n00810,t381c3f106d9c8e14,MISMATCH,0.3391,0.0779
uk,link,n00811,tbb62c96147003b82,MISMATCH,0.4079,0.0749
uk,lion,wy-g2u6e0190,t5336e16663f131df,same,1.0,
uk,lion dance,g6u10e5278,td0dfabaedaf2e801,MISMATCH,0.1232,0.0582
uk,lisa,n00812,t890ab1eadabc460e,MISMATCH,0.0385,0.0682
uk,list,kb0369,t771f620b37b46443,same,0.9888,
uk,listen,kb0370,t9650a1ecd9bacd9d,same,0.9897,
uk,listen to,n00813,tb9202ee76a1f8580,MISMATCH,0.2314,0.0274
uk,listen to music,g5u10e4162,taa991d0aae10b255,same,1.0,
uk,listener,n00814,t625b4a5198d804a3,MISMATCH,0.1821,0.0809
uk,listening to music,g3u11e4054,t9d0f88c93a5dbfbf,same,1.0,
uk,literary,n00815,t6d19f0aa26af293c,MISMATCH,0.0987,0.1252
uk,literature,kb0371,tc1ba9d2276c1547e,same,0.9897,
uk,litter,kb0372,t94fb098978378be3,same,0.9968,
uk,little,wy-g2u5e0180,ta57c17775a510e19,same,1.0,
uk,live,kb0374,t8741a276bdd1d220,same,0.98,
uk,live through,ra-g9u36e2331,tfc6985955dd5590f,same,1.0,
uk,lively,kb0375,te0e486c11ac81349,same,0.9785,
uk,lives,kb0376,t5b212b48e4469819,MISMATCH,0.1299,0.1029
uk,living,ra-g8u15e1203,taad6ffcd8425aef0,same,1.0,
uk,living room,g3u12e4073,tecb2b5f1eae7a0ab,same,1.0,
uk,lizard,wy-g8u11e2245,tfc9dfed84f29a85b,same,1.0,
uk,local,g9u5e0626,taa0d04d272e9c97a,same,0.9991,
uk,located,n00816,tf3dd56a1c02db4b0,MISMATCH,0.0758,0.0514
uk,lock,kb0377,t7c77e62eb8cf6901,same,0.9981,
uk,lock up,n00817,tadc999ab278f2792,MISMATCH,0.435,0.1211
uk,locker,n00818,tc1763b0740d7387e,MISMATCH,0.0504,0.124
uk,logging,wy-g9u5e2496,tc473f2b3cd847c92,same,1.0,
uk,logo,wy-g9u5e2502,t05a46ecbf11d8d8b,same,1.0,
uk,london,wy-g5u1e0401,taee01679b4489913,same,0.9985,
uk,lonely,g8u12e0573,t95a5768db745d2ce,same,0.9914,
uk,long,wy-g2u6e0185,t1097cdd7f46584f9,same,1.0,
uk,long ago,n00819,td0e5892d89bf30b6,MISMATCH,0.1224,0.0739
uk,long for,ra-g9u36e2336,t25b2aba7c6c1697a,same,1.0,
uk,long jump,g5u10e5180,td5653d01a6e55822,MISMATCH,0.1201,0.1328
uk,long-lasting,,t08c2bcc1a7dc66cd,old_missing,0.0,
uk,longer,g6u7e0305,t066f002fde28b8f4,same,0.9989,
uk,look,wy-g1u8e0092,t4ef5ec1433b03c85,same,1.0,
uk,look after,g8u9e0548,t58679694fea39f8c,MISMATCH,0.1063,0.1026
uk,look at,n00820,tfb4fa23a95472473,MISMATCH,0.0274,0.0958
uk,look at the ...,wy-g2u6e0193,t67a9722df7975d49,MISMATCH,0.1575,0.1073
uk,look back at,n00821,t7c68760032ab4d20,MISMATCH,0.1317,0.1178
uk,look for,g3u4e3951,t032382354c411405,same,1.0,
uk,look forward to,g3u5e3972,t866dc6a1d52e4de3,same,1.0,
uk,look on the bright side,n00823,tf9751d7198ca48fd,MISMATCH,0.3288,0.0545
uk,look up,n00824,tef9357c52a656df8,MISMATCH,0.1682,0.1351
uk,look up to,n00825,t8e5a9fc10ff0e44b,MISMATCH,0.1343,0.1484
uk,look! it's a ...,wy-g1u8e0097,t54a5c575f97ff80b,MISMATCH,0.1598,0.0678
uk,look! this is my eye.,ox-g1u3e0023,t13829187d499aa22,MISMATCH,0.0633,0.1257
uk,look! this is my family.,n00826,tf2f4056ad1d54cb2,MISMATCH,0.1342,0.0277
uk,lose,wy-g6u8e0575,tc44510ec8b03677a,same,0.9903,
uk,loss,kb0378,t8e69aa4cdcded36c,same,0.9644,
uk,lost,g3u10e4038,tc57f5e6a56cddd3f,same,1.0,
uk,lost and found,wy-g3u3e0289,t8d7ff148750ab8cc,same,1.0,
uk,lot,kb0379,td83073a313dae97a,same,0.9972,
uk,lot of,g5u6e5135,te223dfca1f66108a,MISMATCH,0.1692,0.1319
uk,lots,g14u3e7439,t854456fac3e855a8,same,1.0,
uk,lots of,g7u3e5307,t1ce442a741e9b8aa,same,1.0,
uk,lotus,n00827,t66e8932106a980bc,MISMATCH,0.1374,0.08
uk,loud,kb0380,t3c38666ca6c26ec2,MISMATCH,0.8214,0.092
uk,loudly,ra-g7u11e0880,ta21f89aa22614e6c,same,1.0,
uk,loudspeaker,ra-g9u26e1883,t7c46e13e64aab936,same,1.0,
uk,love,ox-g1u7e0068,t36cd4b265771c636,same,0.9782,
uk,lovely,kb0381,t44f674e8cf2382b9,same,0.9982,
uk,lover,ra-g9u27e1908,tb11e3fdafa07536f,same,1.0,
uk,low,kb0382,t8b165bb3fea16d65,same,0.9984,
uk,lower,n00828,t183120ff25001d7f,MISMATCH,0.2438,0.1316
uk,loyal,g16u9e6287,t92e4d007e94bd0ec,MISMATCH,0.1638,0.1067
uk,luca,n00829,ta95b1f7e3e396c8f,MISMATCH,0.0789,0.1275
uk,luck,wy-g9u12e0960,tb979d457b76c2866,same,0.9959,
uk,luckily,n00830,t47789f6e6d88b58e,MISMATCH,0.2988,0.1534
uk,lucky,ox-g4u7e0365,tf8de236d606ce328,same,0.9609,
uk,lucky you,n00831,t437da4ccb9ac469e,MISMATCH,0.2033,0.0774
uk,lucy,n00832,t0472685295547c21,MISMATCH,0.4309,0.0331
uk,luggage,ox-g8u12e0834,ta97bdc436d0d2fb8,same,0.9973,
uk,lunar,n00833,t268bfa9178b40b60,MISMATCH,0.2165,0.0776
uk,lunch,g4u8e0074,t42a8f09591ee92cb,same,0.994,
uk,lunchtime,wy-g5u8e1026,tbd23c6e2018e939f,same,1.0,
uk,lung,ra-g9u26e1904,tcf8b2bfe13409079,same,1.0,
uk,lungfish,wy-g7u11e1698,tae476165634fa029,same,1.0,
uk,lyric,g9u9e0666,tf32fb6de7108c3fb,same,0.9987,
uk,lyrics,n00834,t0cc7ee7e8e3a267c,MISMATCH,0.107,0.0574
uk,mac,g9u2e6986,t8efe7a4ebe045770,MISMATCH,0.1668,0.0746
uk,machine,g9u6e0635,tde83391902a187e2,MISMATCH,0.8165,0.0388
uk,mad,kb0383,t0ea9ad61fa52a9a4,MISMATCH,0.2396,0.0453
uk,madam,kb0384,tb64e1115c0dda8ef,same,0.9826,
uk,made of,n00835,tfcb1ceb165a131e2,MISMATCH,0.2156,0.0937
uk,madly,wy-g7u6e1442,te784e04442ddecb7,same,1.0,
uk,magazine,wy-g6u5e0550,tc29d61c4673fe0d0,MISMATCH,0.8636,0.0659
uk,magic,kb0385,t098b277c47304d0b,same,0.9573,
uk,magical,n00836,t8d6cbbfc7b360101,MISMATCH,0.2052,0.061
uk,magnetic,ra-g9u27e1922,t39ef7047307b952f,same,1.0,
uk,magnifier,wy-g8u11e2274,t84796065539f170a,same,1.0,
uk,mail,n00837,t1eda780f5c3d4948,MISMATCH,0.2471,0.1484
uk,mail a present,g5u9e4150,tfc78ec07aac0061c,MISMATCH,0.1073,0.092
uk,main,kb0386,t026e63cb9e60d1ef,same,0.9989,
uk,mainly,ra-g8u18e1421,t7df53173ab6d7bb0,same,1.0,
uk,major,ra-g9u31e2131,t3d37890c51e85c34,same,1.0,
uk,make,kb0387,tcb7a343a0aa3e8b9,same,0.9638,
uk,make ... feel at home,n00838,t3e1419141f047baa,MISMATCH,0.1852,0.0794
uk,make a card,g5u9e4153,tcb822901714f09ad,same,1.0,
uk,make a difference,n00839,t7f75c00648735d78,MISMATCH,0.0115,0.0654
uk,make a mess,n00840,t386d8e4cad77e3be,MISMATCH,0.0393,0.0709
uk,make a mistake,n00841,t81db91c36a16e8ef,MISMATCH,0.1532,0.0601
uk,make a model plane,g3u9e4030,t6dc97e38aa3e4cf2,same,1.0,
uk,make a phone call,g5u9e4148,t363686f028f6a90b,MISMATCH,0.0542,0.1089
uk,make a poster,g5u8e4140,td804f31139170957,same,1.0,
uk,make a promise,n00842,t0f4e7cc31d1df98e,MISMATCH,0.0791,0.0624
uk,make a snowman,g5u8e0199,t156e3426c881f1b9,MISMATCH,0.0267,0.0703
uk,make a video call,g5u9e4151,t9d5b5af7276e4304,same,1.0,
uk,make a wish,n00843,tb24ee50725aaab63,MISMATCH,0.1934,0.0579
uk,make an effort,n00844,t9c060327b30215c0,MISMATCH,0.039,0.0871
uk,make ends meet,wy-g9u2e2376,tab58ef7bc1f101f5,same,1.0,
uk,make every effort,wy-g8u8e2193,t249a15652e04f93e,same,1.0,
uk,make friends,g8u3e0488,t7597d9184915ee3f,MISMATCH,0.0477,0.098
uk,make fun of,ra-g9u34e2255,t31abdb427a539065,same,1.0,
uk,make money,n00845,t12913287937bcab5,MISMATCH,0.0723,0.0723
uk,make one's bed,n00846,tae656f3fd1d361a9,MISMATCH,0.1912,0.0582
uk,make one’s own decision,n00847,t94e0c35aa15cab17,MISMATCH,0.0903,0.0858
uk,make preparations,n00848,tabe1929ec06392e5,MISMATCH,0.1103,0.0874
uk,make progress,n00849,t86ec22f05065d1c2,MISMATCH,0.0114,0.0712
uk,make sense,wy-g9u2e2359,t50431431d111082a,same,1.0,
uk,make sure,g8u6e0517,t57815ef102139954,MISMATCH,0.1993,0.076
uk,make the bed,n00850,t183007c6ebf9ff7e,MISMATCH,0.0441,0.0782
uk,make up (with sb),n00851,t001d7d2d3e50d39f,same,1.0,
uk,make use of,n00852,td58100fd1be92fbe,MISMATCH,0.41,0.0315
uk,making models,g4u10e4012,t5d2200ddd867ba24,same,1.0,
uk,malee,n00853,t71d19fe8b2fa3ead,MISMATCH,0.2069,0.1025
uk,mall,kb0388,t91d060552300ab87,same,0.9942,
uk,mammal,g6u3e4242,tb3fe498718581f17,MISMATCH,0.4706,0.091
uk,man,g2u2e0835,tbc2eba927d26732d,same,0.9846,
uk,man-made,wy-g9u1e0843,t1aff385ef80befe1,same,0.9989,
uk,manage,kb0389,t0459e04b1ca331ba,same,0.9679,
uk,manager,n00854,t28d7e21f139452f4,MISMATCH,0.1073,0.0557
uk,manchu,ra-g8u23e1734,t0d1dcd040c037661,MISMATCH,0.214,0.0544
uk,mandy,n00855,tc93a28fc6fc55617,MISMATCH,0.2395,0.0609
uk,manner,g9u10e0676,t3f465c6be13fcbb8,same,0.9988,
uk,manpower,n00856,t048caccb4767b3a9,MISMATCH,0.1736,0.0512
uk,mansion,ra-g8u24e1790,t2bb14cad5143ae35,same,1.0,
uk,mantis,wy-g3u11e0544,t333649d50c903911,same,1.0,
uk,many,wy-g2u1e0133,taf7b56aef2a97e09,same,1.0,
uk,map,g3u10e1039,t8b4f0c9b58bcc051,MISMATCH,0.0872,0.0765
uk,maple leaves,g4u12e4034,tf645f5d8c28eee20,same,1.0,
uk,mapo tofu,n00857,tb32d27a59a0183a6,MISMATCH,0.1334,0.1331
uk,marathon,n00858,t280b13460bc370c0,MISMATCH,0.354,0.0916
uk,marble,n00859,tf14f9d143e0a3c8c,MISMATCH,0.2912,0.0884
uk,march,g3u6e3977,t8d746b245c1ac679,same,1.0,
uk,mariana,n00860,tf1d533fe197df523,MISMATCH,0.4047,0.0666
uk,marie,n00861,t8990e30ea86ba93c,MISMATCH,0.1015,0.0608
uk,mark,ox-g6u8e0573,t6660827f313860c7,same,0.9986,
uk,mark twain,n00862,t474e5519d4c493d9,MISMATCH,0.2218,0.0863
uk,market,ox-g3u3e0227,te0ec51bb83bd678a,MISMATCH,0.8725,0.0899
uk,married,n00863,t7c369c1e8539e6ad,MISMATCH,0.4087,0.0829
uk,marry,kb0391,t45a3bcc08251af63,same,0.9979,
uk,mars,ox-g8u6e0776,tba2ccc588ad25f22,MISMATCH,0.8889,0.0677
uk,mary,n00864,t7b1a6c6a6261a59b,MISMATCH,0.0772,0.1237
uk,mash,n00865,t96758430a1d7e7e3,MISMATCH,0.2443,0.0775
uk,mashed potatoes,n00866,t6610751f824c7105,MISMATCH,0.0394,0.0736
uk,mask,ra-g8u6e0396,t797d83956d249367,same,0.9941,
uk,master,kb0392,t00d3a2ffebc6db39,same,0.9918,
uk,masterpiece,ra-g9u17e0867,t4f3efc51f4f3099c,MISMATCH,0.8065,0.0943
uk,mat,n00867,t2a7021b99f5dfc25,MISMATCH,0.5572,0.1189
uk,match,ox-g5u5e0441,t310ea16fb36e6be1,same,0.9912,
uk,matchbox,wy-g9u3e2410,t4101dfeaf835af1a,same,1.0,
uk,material,kb0393,t69d281b01e550ffc,same,0.9454,
uk,mathematics,kb0394,te577528728b07775,MISMATCH,0.0706,0.0458
uk,maths,g3u7e3996,t3f7966fb955b1b83,same,1.0,
uk,matryoshka,ra-g9u28e1954,tbc5e397910db8529,same,1.0,
uk,matt,n00868,t11b21f7373674155,MISMATCH,0.4246,0.2048
uk,matter,g8u11e0561,t8cddb7a2a3df4751,MISMATCH,0.0953,0.1042
uk,may,g3u6e3979,t71f7aff705d56fd3,MISMATCH,0.1295,0.1467
uk,maya,n00869,tc70fe55e1b421edf,MISMATCH,0.3635,0.1306
uk,maybe,kb0395,teefaccd12dc31924,same,0.9833,
uk,mcchicken,g9u2e6990,t30f1a77e7598e225,same,1.0,
uk,me,ox-g1u5e0037,tec3e6f46408ed723,same,1.0,
uk,me too.,n00870,tb06e043531519784,MISMATCH,0.1146,0.066
uk,meal,ox-g5u4e0431,t02cec07424eb8741,same,0.9992,
uk,mean,kb0397,tc327c6b18e300eba,same,0.9956,
uk,meaning,kb0398,tdda292152d8aa35e,same,0.999,
uk,meaningful,n00871,t1f7c797e1fa04818,MISMATCH,0.1874,0.0293
uk,means,ra-g7u12e0919,t976e78983d039dd5,same,1.0,
uk,measure,n00872,t3ccb74c58d3445f5,same,1.0,
uk,measurement,n00873,t542f96f8bd4ec06e,MISMATCH,0.2753,0.0855
uk,meat,g3u3e3933,t103798205fd4f989,same,1.0,
uk,medal,ox-g5u5e0450,t01723f556226c6d4,same,0.9991,
uk,medallist,ra-g9u30e2084,t1f134d39486c2632,same,1.0,
uk,media,kb0399,t3cf4cfae024cda59,same,0.9859,
uk,medical,kb0400,ta5dae896f8d51453,same,0.9994,
uk,medicine,ox-g5u10e0496,t35cd42779b569bf6,MISMATCH,0.0875,0.1075
uk,medium,kb0401,tb156fab3a8f0acf2,same,0.9993,
uk,meet,g7u1e0347,t465371bf29b6a336,same,0.9904,
uk,meet up,n00874,t16ec3be755c2f721,MISMATCH,0.0951,0.1824
uk,meeting,g8u10e0551,t2477eabead95f25a,same,0.9977,
uk,meeting place,g4u3e3893,t2370a352bff54a8f,same,1.0,
uk,member,kb0402,te223f597d080e494,same,0.9992,
uk,memorize,ox-g8u11e0822,t2fc61c5cbea3889f,same,0.9981,
uk,memory,ox-g9u11e0943,tbafbdd89fcb2a0e8,same,0.9986,
uk,men,kb0403,t9d3250bef3899961,same,0.9992,
uk,mention,kb0404,t2028c90ce59bf364,same,0.9955,
uk,menu,ox-g6u3e0521,t67aa505f55aae7c0,same,0.9987,
uk,merchant,ra-g8u24e1783,t20a0d3b96d85b555,same,1.0,
uk,merci,n00875,t6d68afd0645a6810,MISMATCH,0.1985,0.0694
uk,mercury,ra-g8u18e1408,tf0fde634a50484ac,same,1.0,
uk,merry,g2u6e0874,t7e4c49070090cc4f,same,0.9822,
uk,merry christmas!,wy-g5u6e0995,t55b74c3c66c53749,MISMATCH,0.0572,0.077
uk,mess,kb0405,ta51b953e7db95397,same,0.9951,
uk,message,kb0406,te81ddcd2488ba0da,MISMATCH,0.0277,0.0598
uk,metal,n00876,t6f09d356f51f07b1,MISMATCH,0.3065,0.1069
uk,meter,kb0407,tfab6abc33755a531,same,0.9995,
uk,method,kb0408,t69b8c38639f5cf2b,MISMATCH,0.0293,0.0867
uk,metre,kb0409,t6b7dfde9eca53849,same,0.9995,
uk,metro,n00877,tb91346ea7be4669d,MISMATCH,0.3307,0.1261
uk,mexico,n00878,te778994063bcbf6f,MISMATCH,0.1745,0.08
uk,miaow,wy-g3u7e0396,t33e645754d94c484,same,1.0,
uk,mice,kb0410,tb7a5a5313d2297fb,MISMATCH,0.4238,0.0571
uk,microphone,wy-g9u5e2498,tc96bdaac63babe10,same,1.0,
uk,microscope,n00879,t60b54bae5de05063,MISMATCH,0.2167,0.0615
uk,mid-autumn,ox-g4u7e0368,t84d4ca3ffa5830b2,MISMATCH,0.1589,0.0897
uk,mid-autumn festival,g9u2e0597,tc402f0a35f36faed,MISMATCH,0.0736,0.061
uk,middle,kb0411,tdcbda6f2bf2b9e77,same,0.9915,
uk,midnight,ra-g7u6e0587,tb38674439f2a6734,same,1.0,
uk,midsummer,n00880,t164864c5f5f107ff,MISMATCH,0.0589,0.0424
uk,might,kb0412,ta6ddb0225ff00979,same,0.9249,
uk,mike,n00881,t33cb21ba179f6d2a,MISMATCH,0.4154,0.0796
uk,"mike, amy, would you like a knife and fork?",n00882,tf2093046434b04a7,same,1.0,
uk,"mike, do you like apples?",n00883,tb4f4db9963227e6a,MISMATCH,0.1533,0.0437
uk,mild,ra-g9u31e2135,tfecb3006574fa4ef,same,1.0,
uk,mile,kb0413,t00645d5d6f08494b,same,0.9985,
uk,milk,ox-g2u6e0103,tcd212e49b3a96f93,MISMATCH,0.086,0.1823
uk,miller,n00884,tfbb4df4c25eec7eb,MISMATCH,0.0808,0.0966
uk,million,ox-g8u4e0752,t8b963bf879ac9910,same,0.9958,
uk,mind,kb0414,t5adc0ff4ab551822,MISMATCH,0.1615,0.09
uk,mine,g5u11e0221,t14da9141f108ecee,same,0.9949,
uk,mini-goal,n00885,t9d2fb8c4966022da,MISMATCH,0.152,0.0505
uk,minister,n00886,t4ec280bab5e2e695,same,1.0,
uk,minus,ra-g8u18e1425,t2496cfde20922250,same,1.0,
uk,minute,ox-g2u10e0187,t1bc36aef1803b617,MISMATCH,0.2486,0.1
uk,mirror,kb0415,t267dc61c0c1a456c,same,0.9839,
uk,miss,ox-g5u1e0410,t6a75b5578bad758c,same,0.9893,
uk,"miss white, what's that?",n00887,t3102e24b0b99e855,MISMATCH,0.1181,0.0764
uk,missile,ra-g9u32e2166,td9ea4050cebe27f7,same,1.0,
uk,missing,n00888,t2dbe1e76d8d7a3a4,MISMATCH,0.3286,0.0654
uk,mission,wy-g8u11e0826,t928cb6f7356c797d,MISMATCH,0.8796,0.0494
uk,mistake,g8u10e0555,t1a6a86427895e03c,MISMATCH,0.7315,0.1212
uk,mistake... for...,,t4067256d3a4c293c,old_missing,0.0,
uk,misunderstanding,ra-g9u8e0749,t3f0d720acc6a1c7c,MISMATCH,0.7662,0.0447
uk,mix,kb0416,tdf808a7e7c466885,MISMATCH,0.2198,0.0969
uk,mix ... with ...,n00889,tce5d7a1dd4dbbf5b,MISMATCH,0.1849,0.0362
uk,mix-up,n00890,t34a3f7db0f0c89b1,MISMATCH,0.3725,0.0689
uk,mixture,n00891,t25396da2edc976a3,MISMATCH,0.3625,0.0507
uk,mm,n00892,t1d737751382aefd0,MISMATCH,0.0372,0.0843
uk,mobile,kb0417,tfa8639711532d6a4,same,0.9991,
uk,mobile phone,n00893,t50ec181b2a060cf8,MISMATCH,0.129,0.0857
uk,model,ox-g7u11e0706,t1d5bdd92b51a0a1a,same,0.9989,
uk,modern,ox-g6u1e0509,t131ad99d3c3a0d8b,same,0.9835,
uk,module,g16u1e7696,tfa262e784ca5a1dc,same,1.0,
uk,mogao caves,n00894,tfd64b095af222e0a,MISMATCH,0.1579,0.0877
uk,mom,kb0418,te545facf5c761c1b,same,0.9929,
uk,moment,wy-g9u9e0926,t2cefda9197e2a4ce,same,0.9987,
uk,monday,g5u2e0131,te05ccf1b998b2702,same,0.9991,
uk,money,ox-g2u7e0159,t314be0c1a5affd89,same,1.0,
uk,money and fame don’t always make people happy.,n00895,t68dea911ccba99d1,same,1.0,
uk,moneybox,wy-g9u2e2355,te5a91bd5fcd79b35,same,1.0,
uk,monitor,ox-g6u8e0576,tacf464721c34cff2,same,0.9989,
uk,monk,ra-g9u36e2321,t214cc47b5c187c8f,same,1.0,
uk,monkey,ox-g1u10e0073,t2b22cc1a950866f8,same,1.0,
uk,monster,wy-g7u10e1659,tdac336da16a84020,same,1.0,
uk,month,g7u8e0412,t426fa859a8a333e4,same,0.9983,
uk,monthly,ra-g8u20e1588,te30a4096f9d06491,same,1.0,
uk,monument,g17u1e7812,t61770f02ea24a9c0,MISMATCH,0.2243,0.095
uk,mood,ra-g8u15e0511,teea7f3fedd022fbe,same,0.9995,
uk,moon,ox-g2u10e0124,tb3f51ddb7ad3e8b5,MISMATCH,0.2536,0.0703
uk,mooncake,ox-g4u7e0363,tf1c489a6305c06ab,same,0.9994,
uk,moose,g6u10e4335,t399089d1b74b2559,same,1.0,
uk,more,kb0419,tb2aaebefe3fc43b3,same,0.9997,
uk,more than,wy-g6u1e0505,tc00963b5b920b598,MISMATCH,0.234,0.1368
uk,moreover,ra-g9u27e1944,ta308442b118368fe,same,1.0,
uk,morning,g3u2e3920,tde74e290896cd2f6,same,1.0,
uk,morning tea,g6u1e4202,ta5c75d55c2c45db0,same,1.0,
uk,moscow,n00896,tc38ead85d215fae3,MISMATCH,0.3174,0.106
uk,moscow metro,n00897,tcd00e44135bb7471,MISMATCH,0.0905,0.0839
uk,mosquito,wy-g7u10e1654,tbb01991098734f98,same,1.0,
uk,moss,n00898,t1e4990d318099d8f,MISMATCH,0.3672,0.1203
uk,most,kb0420,tcd3f08ed590f23b7,MISMATCH,0.1405,0.0848
uk,most of all,n00899,t2ec24fdf7da2593e,MISMATCH,0.0586,0.0686
uk,mostly,ra-g8u15e1225,t4a249f51f2c5f2a4,same,1.0,
uk,mother,ox-g1u5e0036,t4b12a520231d1493,same,1.0,
uk,mother's day,g5u8e4128,t6f47bbd8b9763a41,MISMATCH,0.0481,0.1423
uk,motherboard,ra-g9u32e2176,t39d56b061ccbcb33,same,1.0,
uk,mother’s day,n00900,ta140e07da5974786,MISMATCH,0.1589,0.0827
uk,motion,ra-g9u35e2284,t99e53e4cb127fef2,same,1.0,
uk,mount,n00901,t1a3b709e95f65379,MISMATCH,0.4639,0.0907
uk,mount huangshan,n00902,tf6e51ab8eac9e3ae,MISMATCH,0.0801,0.0603
uk,mount kilimanjaro,n00903,t447f3ddd2e092470,same,1.0,
uk,mount qomolangma,n00904,t0d5dc01fcc835f83,MISMATCH,0.1188,0.0654
uk,mountain,g5u6e0174,t4cd2a05dcf702424,same,0.9075,
uk,mountaineering,wy-g8u9e2205,t5a01fb97fb9f042a,same,1.0,
uk,mouse,ox-g9u2e0853,te5ee0423d98a6204,same,0.9157,
uk,mouth,ox-g1u3e0019,tf433a2b7feb8264b,same,1.0,
uk,mouthful,wy-g7u12e1727,t87b7a3218d145f10,same,1.0,
uk,movable,ra-g9u27e1927,t59d60a7bd95b9f45,same,1.0,
uk,move,kb0421,t86f47b29a8480773,same,0.9996,
uk,move on (to sth),n00905,t7e6b3f0d180c0f2a,MISMATCH,0.0868,0.0887
uk,move out,n00906,ta547240f1cd8c9d3,MISMATCH,0.0163,0.1284
uk,movement,ra-g8u23e1776,tdd3d7321afefc4bb,same,1.0,
uk,movie,g8u5e0506,ta0c80b84e590e2e8,same,0.9996,
uk,moving,n00907,tda4f0dd35b3c68f3,MISMATCH,0.1858,0.0339
uk,mr,ox-g3u1e0201,te64ffb9840d70769,same,0.9805,
uk,mrs,ox-g3u1e0202,tb2e34e7ebb3119ee,same,0.9804,
uk,ms,wy-g1u2e0024,tca5fa117424ca5c5,same,1.0,
uk,much,g3u10e4042,tf4ad02a7b9ba879f,same,1.0,
uk,mud,ra-g9u38e2384,t549920b70a35c367,same,1.0,
uk,muddy,ra-g9u38e2379,t8dba8e94ff900641,same,1.0,
uk,mule,n00908,t131b5c06cfe6f158,MISMATCH,0.4786,0.0475
uk,multimedia,wy-g9u3e2422,t59a717740f214504,same,1.0,
uk,mum,g3u8e1012,t00ef5605e5ee7618,same,0.9923,
uk,mum and dad are busy and tired.,n00909,tc5612f56c96683c9,MISMATCH,0.1079,0.0651
uk,"mum, can i watch tv?",n00910,t7b69294725cb732b,MISMATCH,0.1193,0.0427
uk,"mum, where is my animal book?",n00911,t8a50a7870f6e184e,same,1.0,
uk,mummy,wy-g3u6e0377,tdc8ee34582320fc3,same,1.0,
uk,museum,g6u1e0243,t9e90476bbfc1ba39,same,0.9951,
uk,mushroom,n00912,ta9327e3e8a17d592,MISMATCH,0.314,0.0605
uk,music,g3u7e3995,ta46366a9cbba6fbe,MISMATCH,0.0716,0.0673
uk,music room,g4u1e6804,te6086210712f39c3,MISMATCH,0.3561,0.0668
uk,musical,n00913,tf2cc759cd9b348b4,MISMATCH,0.1647,0.0274
uk,musical instrument,n00914,t7068317605505dbe,MISMATCH,0.0819,0.0492
uk,musician,n00915,t2836ddb7d7e124e9,MISMATCH,0.139,0.0151
uk,must,kb0424,t8dfc05f321062048,MISMATCH,0.0466,0.211
uk,mutton,kb0425,t83530101db015dcb,MISMATCH,0.2108,0.1494
uk,my,wy-g1u2e0025,t2d3027fb97d39a1b,MISMATCH,0.0184,0.0743
uk,my birthday is on april 4th.,n00916,t2b76e6dd1639e671,same,1.0,
uk,my childhood,n00917,tbb2bc3ad9d22c9de,MISMATCH,0.0602,0.0516
uk,my favourite place is the museum.,n00918,t32c6183badd82b82,same,1.0,
uk,my mother and i went to a marathon on sunday.,n00919,t420f739532347b13,same,1.0,
uk,my name's ...,wy-g1u2e0033,td05fb255e238ed82,MISMATCH,0.0505,0.0595
uk,my name's amy green.,n00920,t760a139abc5ebe82,same,1.0,
uk,myself,kb0426,t35daa462ee1c5442,same,0.9615,
uk,mysterious,ra-g9u35e2280,t63fbf382867d292e,same,1.0,
uk,mystery,g9u8e0653,t69898db394a79573,same,0.9832,
uk,nail,ra-g9u27e1946,t8a426d4e1f31253b,same,1.0,
uk,namaste,n00921,t1790cd0e39d57166,MISMATCH,0.061,0.0639
uk,name,wy-g1u2e0020,t57c093842a936eda,MISMATCH,0.1396,0.0689
uk,name... after,,t072c1f5ebbba9be7,old_missing,0.0,
uk,nancy,n00922,tfd1124e4f3952cc7,MISMATCH,0.2817,0.061
uk,napkin,n00923,t1973363435fda5d6,MISMATCH,0.1541,0.1673
uk,narrator,ra-g9u36e2322,te11cae3dfaaf9282,same,1.0,
uk,narrow,kb0427,t6fe3268a72cdfa9c,MISMATCH,0.0986,0.1106
uk,nation,kb0428,t5b50edcadfba5b96,same,0.9111,
uk,national,wy-g8u5e0767,te8e64c705ebec16b,MISMATCH,0.6862,0.0334
uk,national day,n00924,t2cd01f02f91f9b55,MISMATCH,0.1582,0.053
uk,native,ra-g9u7e0730,t21cd09ae6951b2ff,same,0.98,
uk,natural,ox-g6u6e0555,t03469089bc9a0975,same,0.9947,
uk,natural resources,wy-g8u12e2299,tb9173a1eef1e7f64,same,1.0,
uk,nature,ox-g7u4e0631,t7d1c8f1785cd89e0,same,0.9728,
uk,nature shows,g5u5e4096,t45bf227d1c7d374e,same,1.0,
uk,naughty,wy-g2u2e0118,tf3fc785d4b24d7db,same,0.9991,
uk,navigation,ra-g9u29e2020,t294c92b48c4fa163,same,1.0,
uk,nazi,n00925,td5678fa5d3ab1592,MISMATCH,0.2942,0.1104
uk,near,g7u12e0456,te51974d217f610fd,MISMATCH,0.3365,0.0869
uk,nearby,n00926,te3e5f30b1d68c5f6,MISMATCH,0.0575,0.0937
uk,nearly,kb0429,t24321336799a4443,MISMATCH,0.2195,0.0722
uk,necessary,kb0430,t56a501b570c21747,MISMATCH,0.7856,0.0443
uk,neck,kb0431,tcdf801a97829d907,same,0.9992,
uk,need,ox-g2u7e0162,tb1aae2e96de6724f,same,1.0,
uk,needle,ra-g9u27e1923,t7695dfbfba763db9,same,1.0,
uk,negative,ox-g9u3e0869,t5d24a821a6b18345,MISMATCH,0.0361,0.1271
uk,neighbour,ox-g7u2e0611,t75d9eeceac1dfb1f,same,0.9868,
uk,neighbourhood,ox-g6u1e0507,t2f41e7eaa416cab7,MISMATCH,0.0984,0.0712
uk,neither,kb0432,t8ef3356680374eab,same,0.9989,
uk,neither ... nor ...,n00927,t4a4d3896961b63a7,MISMATCH,0.1608,0.0691
uk,neptune,ra-g8u18e1415,t1a776eefb624b5dd,MISMATCH,0.3307,0.2579
uk,nervous,g9u11e0682,tdb482ee4c142f51e,MISMATCH,0.0653,0.0784
uk,nervously,n00928,t7e4299f66925cf66,MISMATCH,0.1696,0.0765
uk,nest,ra-g8u17e1308,t23270e007a550da3,same,1.0,
uk,net,n00929,t1216c97069c787f0,MISMATCH,0.5333,0.2355
uk,netizen,wy-g8u6e2034,tc3ced9ef66480da6,same,1.0,
uk,neuschwanstein,ra-g9u28e1953,t664ece55757b9e8a,same,1.0,
uk,never,g7u11e0445,tbd70011493e2b280,same,0.9984,
uk,never forget,g16u2e6216,t57cce5b992afff83,same,1.0,
uk,new,g2u3e0847,t77a412f59908d2dc,same,0.9882,
uk,new year,ox-g2u8e0172,t288faac26bf4dfb0,MISMATCH,0.048,0.076
uk,new year's day,g5u8e4126,t8ba0709371fb1c86,MISMATCH,0.0394,0.0501
uk,new zealand,n00930,t9081aa6cedcbafd3,MISMATCH,0.1707,0.0281
uk,newborn,wy-g8u7e2120,tb2b23eb4ecf2c43f,same,1.0,
uk,news,g8u5e0502,tad662ed3dc9273d1,same,0.9504,
uk,news shows,g5u5e4098,td5d900a5b773d024,same,1.0,
uk,newsletter,n00931,tec9c8e84ba639799,MISMATCH,0.1217,0.0804
uk,newspaper,ox-g8u7e0781,t7349b189a6ee934d,same,0.9952,
uk,next,kb0433,ta9a1987a2f743716,same,0.9934,
uk,next month,g12u8e5874,tab94cf4c8f45a095,same,1.0,
uk,next time,n00932,t59e343bb6fbba1ca,MISMATCH,0.0049,0.0647
uk,next to,n00933,tce88017c31585753,MISMATCH,0.3417,0.0698
uk,next week,g8u6e5447,tfdfe74e9de3e142c,same,1.0,
uk,next weekend,g12u1e5799,t5067d2b069f19797,MISMATCH,0.0993,0.0635
uk,nice,g7u1e0346,t2ae63acfdf06cac3,same,0.9826,
uk,nice to meet you too.,n00934,t0801f2d75fc85430,MISMATCH,0.1689,0.0359
uk,nice to meet you.,g3u2e0959,teabe12ceb2230200,MISMATCH,0.1721,0.0304
uk,nicely,n00935,taf55d25bf236b1d0,MISMATCH,0.4742,0.0724
uk,nickname,ra-g9u30e2095,td9bae28dd95ed3d6,same,1.0,
uk,night,wy-g7u5e0647,t27bc2f75fc4732ab,MISMATCH,0.0934,0.0723
uk,night owl,wy-g4u7e0793,t00c4b378c121bd81,same,1.0,
uk,nile,n00936,t5758c2e81ffb15ab,MISMATCH,0.3255,0.0898
uk,nine,wy-g1u3e0043,t06249764dd89bb31,same,1.0,
uk,nineteen,g3u12e1059,t911caf248dde76c7,MISMATCH,0.8964,0.0707
uk,ninety,ra-g7u10e0126,tf0900b097c892c87,same,0.9989,
uk,ninth,ra-g7u6e0535,tb5e5d07ee2be6eb8,same,1.0,
uk,no,wy-g1u1e0010,t7e8eafb96f16fae7,same,1.0,
uk,no matter,n00937,t139f0b3f6a76d063,MISMATCH,0.0513,0.0649
uk,no problem.,n00938,t48acad9cbbf9fec2,MISMATCH,0.1108,0.0935
uk,no scientific studies have shown that shark fins are good for health.,n00939,t4eabc31fc6db3379,same,1.0,
uk,no way,n00940,t8a8b607175896279,MISMATCH,0.1078,0.0856
uk,"no, he isn't. he's eating.",n00941,t9307b1651772488e,same,1.0,
uk,"no, i can't.",n00942,t93865dac661f05a0,MISMATCH,0.219,0.0892
uk,"no, i don't.",n00943,td3bab3969f4d5275,MISMATCH,0.2182,0.0925
uk,"no, i had a cold. i stayed at home all weekend and slept.",n00944,t51ce8ac9b983819c,same,1.0,
uk,"no, it isn't.",n00945,t99c3075314964521,MISMATCH,0.2172,0.0833
uk,"no, thank you, mr wang. i can use chopsticks.",n00946,t03128d43f4e830d4,same,1.0,
uk,"no, we didn't.",n00947,t6b39aef896cc94bc,MISMATCH,0.1943,0.0799
uk,"no, you’re expected to wear a suit and tie.",n00948,t5bf56d84cba1a494,same,1.0,
uk,no. you have to do your homework first.,n00949,tb23b6cce1fff5548,same,1.0,
uk,no. you shouldn't play on a phone so often.,n00950,t90e5b824237ab718,same,1.0,
uk,nobody,kb0434,t18d541397028d0bc,same,0.9993,
uk,nod,ra-g9u8e0747,t49f76d76fcb6d57a,MISMATCH,0.16,0.1126
uk,noise,ox-g6u1e0505,te560888c29590337,MISMATCH,0.1218,0.1083
uk,noisy,ox-g7u2e0618,t7249579c41e1cdb5,same,0.9525,
uk,none,kb0435,t4b678dd970f45dfb,same,0.9909,
uk,nonsense,ra-g8u15e1204,td59dbaba5bc8957e,same,1.0,
uk,noodle,wy-g7u4e0639,taf617d4e29f43f8d,same,0.9935,
uk,noodles,ox-g1u9e0065,t8546a44f57572234,same,1.0,
uk,noon,kb0436,t8a16a84727aef957,same,0.9997,
uk,nor,kb0437,t26dad9dfc82be5b5,MISMATCH,0.3691,0.0876
uk,normal,kb0438,t8709605e20e867ff,same,0.9995,
uk,normally,n00951,t7219ca28ec2b5cce,same,1.0,
uk,north,kb0439,td40a7f0746298c55,MISMATCH,0.1602,0.0862
uk,northeastern,n00952,tc06edc5c8e672639,MISMATCH,0.0594,0.0479
uk,northern,n00953,tfb46084b92421e69,MISMATCH,0.2212,0.0786
uk,northwest,ra-g8u18e1386,t655185d76fab9c08,same,1.0,
uk,northwestern,ra-g9u38e2376,t20e02bde69aa823b,same,1.0,
uk,norway,n00954,tc50bbd377af59813,MISMATCH,0.0661,0.0981
uk,nose,ox-g1u3e0021,tb2b5fd6588b197df,same,1.0,
uk,nosebleed,n00955,t4efb1acf995f4c8f,MISMATCH,0.2032,0.0529
uk,not,kb0440,t7f9c011a90eb4717,MISMATCH,0.1201,0.1246
uk,not ... at all,n00956,t398ba4ff1f663891,MISMATCH,0.515,0.1008
uk,not only ... but also ...,n00957,tbecef67efe4db706,MISMATCH,0.1861,0.0486
uk,note,kb0441,tff5d5f4bc7dbae9f,same,0.9984,
uk,notebook,g4u2e0013,tf6024c83836b6080,same,0.999,
uk,notes,g16u3e7747,t9ac05c89b8b01eab,MISMATCH,0.1303,0.1118
uk,nothing,kb0442,td5874909427e5e56,same,0.999,
uk,nothing but,n00958,t6d6e690504621a62,MISMATCH,0.0466,0.0505
uk,notice,g8u12e0572,t3914bc9e871c24b8,same,0.9929,
uk,noticeboard,g12u1e7189,tbfd4689707cac099,MISMATCH,0.2148,0.0729
uk,novel,wy-g9u2e0853,t60e3f4de697dc206,same,0.9995,
uk,november,g3u6e3985,t8033eb3017f80050,same,1.0,
uk,now,ox-g2u10e0190,tbe1803c6c53947d3,same,1.0,
uk,nowadays,ra-g9u25e1836,t016a03523249a864,same,1.0,
uk,number,wy-g3u10e0299,t4a5dca0511702c6b,same,0.9994,
uk,nurse,wy-g2u3e0156,t0ec2a851ecacbbf2,MISMATCH,0.0559,0.132
uk,nursing,ra-g7u10e0839,tac2afbfb33911fdb,same,1.0,
uk,nursing home,n00960,t8f8b51f79055af95,MISMATCH,0.1732,0.0398
uk,nut,wy-g5u1e0912,t3329ea9019836cb1,same,1.0,
uk,o'clock,ox-g2u10e0185,t0266c0ec940f487f,same,1.0,
uk,oats,wy-g5u1e0911,t29e38abd2fd7ff80,same,1.0,
uk,object,kb0443,tc8696b11b5d60b8c,MISMATCH,0.2156,0.1016
uk,observe,ra-g9u30e2051,t27fe6a483eb95938,same,1.0,
uk,occasion,n00961,t20508fca80a259eb,MISMATCH,0.2652,0.0494
uk,ocean,ox-g7u3e0623,td5449d225ec35635,MISMATCH,0.6879,0.047
uk,october,g3u6e3984,t29be9ff8d1fff0cc,same,1.0,
uk,of,kb0444,tbe7e43d2ee604e93,same,0.968,
uk,of course,n00963,t958ab8d4fe4c906d,MISMATCH,0.0748,0.1191
uk,off,kb0445,tba927e5b39ffba6f,same,0.9949,
uk,offer,kb0446,t107ef417a93bffc9,same,0.998,
uk,office,g4u7e0065,tf3153146e5c1f70c,MISMATCH,0.5571,0.0868
uk,office worker,n00964,t67205d3f51b3616d,MISMATCH,0.0802,0.0769
uk,officer,kb0447,t1740ce6b7be2b726,same,0.9835,
uk,official,ra-g9u7e0731,tf56213c8e67a4a34,same,0.9952,
uk,offline,wy-g8u5e1983,t4ab2f83fbcfbbfe5,same,1.0,
uk,often,g3u11e4064,tfa481f2a47575eff,same,1.0,
uk,oh,n00965,t75b94710932b016d,MISMATCH,0.1805,0.2075
uk,oh no!,n00966,teaa7383fde69bc36,MISMATCH,0.1648,0.1251
uk,"oh, one more cut for the dog.",n00967,t9dc6845f0a16a375,MISMATCH,0.117,0.0448
uk,oil,kb0449,t2b844640f5bf6cf9,same,0.9994,
uk,ok,g3u10e4041,t098d34cae67faa16,same,0.9099,
uk,old,g3u1e3900,tf896bb9ddd7520d3,same,1.0,
uk,old-fashioned,n00968,t2f4cc6aabb61240d,MISMATCH,0.0531,0.1064
uk,older,g6u7e0302,t363e603a4b887e73,same,0.9926,
uk,oliver twist,n00969,t5ceb567db86f3ea8,MISMATCH,0.1193,0.074
uk,olympic,ox-g6u7e0567,t9585010e91f30f50,same,0.988,
uk,olympics,ra-g8u17e1314,tcdd7d527a0924c0b,same,1.0,
uk,on,g1u7e0764,t587103e499c41fe9,same,0.9994,
uk,on + 地点,wy-g1u10e0117,tf0b0cf70d5b69e10,MISMATCH,0.1121,0.1008
uk,on average,wy-g9u6e2522,t66c1c5d68a89d6ef,same,1.0,
uk,on duty,n00970,t1f5276c22d8a8051,MISMATCH,0.0329,0.0443
uk,on fire,n00971,t902b6416ca2a17ae,MISMATCH,0.1108,0.0671
uk,on foot,g6u2e0251,t72897c783247654e,MISMATCH,0.1655,0.1647
uk,on one's own,wy-g4u6e0766,td44747245ee9e9b6,MISMATCH,0.0854,0.0492
uk,on purpose,n00972,t2fdc02b0cdc8ab81,MISMATCH,0.1127,0.1821
uk,on sale,wy-g9u2e2379,t10bef9914bc7df86,same,1.0,
uk,on the go,n00973,t8b1ec712eac4fd5f,MISMATCH,0.0395,0.1223
uk,on the house,wy-g1u8e0099,t6b207a82bd872010,same,1.0,
uk,on the weekend,g4u2e3865,ta4df59f99f198ce0,same,1.0,
uk,on time,n00974,t2efc1dc59c54798e,MISMATCH,0.175,0.0973
uk,on top of the world,n00975,tf2e3337672ed194e,MISMATCH,0.123,0.0805
uk,once,g8u2e0474,t77eb43090465191a,MISMATCH,0.8419,0.1245
uk,once a week,g4u11e4025,ted401519b72128f3,same,1.0,
uk,once again,wy-g9u5e2476,tac8e9eaf00abc0f3,same,1.0,
uk,once in a while,n00976,t5f390a92ef0a7124,MISMATCH,0.1018,0.0461
uk,once upon a time,n00977,t33e73c4ed8cbbb51,MISMATCH,0.2053,0.0517
uk,one,ox-g1u7e0048,t34f2ddaa8b7615c9,same,1.0,
uk,one after another,wy-g8u3e1903,tf5b77544a6c283ec,same,1.0,
uk,one another,n00978,t06ba5776765c42ef,MISMATCH,0.126,0.097
uk,one by one,n00979,te36bc5260f251402,MISMATCH,0.1986,0.1147
uk,one way is by listening to tapes.,n00980,ta9d1c291f7b13e26,same,1.0,
uk,oneself,ra-g8u15e1197,t04c8448f4b4a3b15,same,1.0,
uk,onion,ox-g4u8e0375,t09ffa17859799303,same,0.9989,
uk,online,kb0451,t2805f0feb1e2f4c5,same,0.9988,
uk,only,kb0452,tdf498a2334396eda,same,0.9979,
uk,only if,n00981,tfb2de38ee52a9fdc,MISMATCH,0.131,0.0513
uk,onto,n00982,ta4e9376331c674c3,MISMATCH,0.1149,0.0981
uk,open,wy-g1u5e0057,t1e71f1693fb2e8f7,same,1.0,
uk,open the ...,wy-g1u5e0068,t900c1db84c58cf8e,MISMATCH,0.2017,0.0919
uk,opening,n00983,tfe33e8f38b28f26a,MISMATCH,0.3089,0.0931
uk,openly,wy-g5u3e0950,tb7e401ef2a5c544b,same,1.0,
uk,opera,wy-g8u5e0763,te43dbf9776204757,same,0.9984,
uk,operate,kb0453,t5a39a14d5e97e622,same,0.9719,
uk,opinion,wy-g9u2e0858,tf412b0c25729ed22,same,0.9988,
uk,opportunity,ox-g8u8e0799,t2b87135a768d9ecb,same,0.9853,
uk,opposite,kb0454,t0b52400b991640c0,same,0.9865,
uk,or,kb0455,t7dee271c3f40df80,MISMATCH,0.228,0.1407
uk,oral,ra-g8u19e1470,t66cf10b31efe8fa6,same,1.0,
uk,orange,ox-g1u8e0058,t2a66af2dbd624e29,same,1.0,
uk,orchestra,wy-g8u6e2089,tbd7fe7b45bd81c01,same,1.0,
uk,order,ox-g6u3e0522,t441e63c444a179dd,same,0.986,
uk,ordinary,n00984,t9a958d9da1c7cbe7,MISMATCH,0.1919,0.084
uk,organisation,wy-g9u5e2487,tcd0f0b2d443e7150,same,1.0,
uk,organise,kb0456,tc4867afec7de55cb,same,0.9963,
uk,organization,n00985,t4212351d1b77c36a,MISMATCH,0.0379,0.0588
uk,organize,g8u10e0552,tea92f522c87455e5,same,0.9963,
uk,organized,n00986,t6f5073513e9099eb,MISMATCH,0.1485,0.1167
uk,oscar,n00987,t9574740f7de3a040,MISMATCH,0.0918,0.1392
uk,ostrich,wy-g3u8e0424,t15771f6b7091fb54,same,1.0,
uk,other,wy-g2u1e0130,td650ce50380593af,same,1.0,
uk,our,g3u8e4010,t091b45560a75bcc2,same,1.0,
uk,our neighbour is a firefighter. he often helps people.,n00988,td546ac478c84143e,same,1.0,
uk,ours,g5u11e0225,tf4b7b9500803c426,MISMATCH,0.1647,0.1049
uk,ourselves,kb0459,t14b32bd4edad8c60,MISMATCH,0.6484,0.069
uk,out,kb0460,tb422d445f017b400,MISMATCH,0.8419,0.0584
uk,out of,g5u12e4198,t877bd390c4914049,same,1.0,
uk,out of breath,n00989,tec9121330e7420d1,MISMATCH,0.13,0.0727
uk,out of style,g8u8e4556,t3b17d3b99f9e48cf,same,1.0,
uk,outdoor,ra-g8u21e1654,t7cae6726aac0e406,same,1.0,
uk,outdoors,n00990,t5c766f8d48ade249,MISMATCH,0.0541,0.1003
uk,outer,n00991,t5797f7045991c56a,MISMATCH,0.1939,0.0997
uk,outer space,n00992,tc66d6073fc5c88ee,MISMATCH,0.0999,0.065
uk,outgoing,g8u3e0481,t9bd72a49f223f5e9,same,0.9941,
uk,outing,ra-g8u16e0522,t25e34221b2941979,same,0.9934,
uk,outlaws of the marsh,n00993,tf3ff7daf24be20ed,MISMATCH,0.1271,0.0533
uk,outside,kb0461,t5ccb7ab7934eb9c5,same,0.961,
uk,oven,kb0462,tb770199beeb0262d,same,0.9735,
uk,over,kb0463,t31f7693658207452,same,0.9776,
uk,over there,n00994,t5621a539e43c0e8d,MISMATCH,0.1248,0.0855
uk,overcome,ox-g9u10e0936,tad73180c57ca82ad,same,0.9832,
uk,overfish,wy-g9u5e2492,t3c5519924865a9fb,same,1.0,
uk,overnight,n00995,tf5d4f186908b5a3e,MISMATCH,0.152,0.0639
uk,overseas,ox-g7u3e0622,td37cb86eed143e97,MISMATCH,0.1405,0.0408
uk,oversleep,g9u12e0693,t11ede1197b72d201,same,0.9745,
uk,owl,wy-g4u7e0792,t32cd5488e46ed637,same,1.0,
uk,own,g9u7e0644,tecdc5bb47db85016,same,0.9994,
uk,owner,n00996,tb82648f268c1804a,same,1.0,
uk,oxygen,wy-g7u5e1402,t90bfa8da1d8764ce,same,1.0,
uk,p.m.,kb0464,t6864a33f1c268f3c,same,0.9981,
uk,pacific,ra-g9u32e2169,td260f516b54748df,same,1.0,
uk,pack,kb0465,t8705660254ac4bab,MISMATCH,0.2839,0.0742
uk,pack up,n00997,t04dadede8ed0cb2a,MISMATCH,0.1686,0.0614
uk,packaging,ra-g9u26e1900,t31a1da2cb1579176,same,1.0,
uk,packet,kb0466,t81bfe128e79bb94c,same,0.9915,
uk,page,kb0467,t3b8157d3b50e9b1d,MISMATCH,0.0001,0.2315
uk,pain,kb0468,t43de1a3ab0b59f15,same,0.9965,
uk,painful,n00998,t914c15ce9192d21a,MISMATCH,0.1145,0.0867
uk,paint,kb0469,t88b7e6d5fe603a86,MISMATCH,0.1397,0.1102
uk,painter,n00999,tdf6b4aef9c82e61f,MISMATCH,0.1527,0.0874
uk,painting,ox-g8u9e0804,t8ae7122a0561d92f,same,0.9956,
uk,pair,kb0470,t963169f05c57d221,same,0.9459,
uk,pal,n01000,t87b214a12a5894d8,MISMATCH,0.1457,0.0946
uk,palace,kb0471,tc356160fb7af2538,MISMATCH,0.2882,0.0709
uk,palace museum,g10u7e5659,t705fdf18470e0407,MISMATCH,0.068,0.0377
uk,pale,kb0472,ta1b9703fde2b238b,MISMATCH,0.2121,0.1501
uk,palm,n01001,t3633cbf794d3a08e,MISMATCH,0.2714,0.145
uk,pan,n01002,tb5a8a22bd8e536df,MISMATCH,0.1966,0.0833
uk,pancake,kb0473,t14fe99d2cf4ea9e1,same,0.9382,
uk,panda,ox-g1u10e0074,t3a6124f0a9c6898a,same,1.0,
uk,panic,n01003,t200f4d9ace605a9b,MISMATCH,0.0738,0.0712
uk,paper,wy-g9u7e0903,tf198db0845baca92,same,0.9553,
uk,paper cutting,n01004,t406aa218219fd67c,MISMATCH,0.1261,0.0627
uk,paper-cut,n01005,tee682822184b730d,MISMATCH,0.5382,0.0823
uk,paper-cutting,,t418db05469f91c9a,old_missing,0.0,
uk,paper-making,ra-g9u27e1916,tf2a947f506ccd3a8,MISMATCH,0.102,0.1052
uk,paragraph,kb0474,t7f95473bcb0d8cd0,same,0.9561,
uk,parallel,n01006,t72aa2e62e6bd5768,MISMATCH,0.1035,0.1198
uk,parallel universes,n01007,t510a98f66b035641,MISMATCH,0.2076,0.1054
uk,pardon,kb0475,t498ac36bf9dce3d9,MISMATCH,0.1906,0.0752
uk,pardon me,g9u3e0607,tdeec45217777dce4,MISMATCH,0.114,0.1133
uk,parent,g7u2e0352,t9941bd729de53d42,same,0.9964,
uk,paris,n01008,t916f67f3bcf8ff16,MISMATCH,0.1649,0.0695
uk,park,ox-g2u6e0143,tf26300337257ef58,same,1.0,
uk,parking lot,n01009,t5dceb950d891759b,MISMATCH,0.2768,0.0614
uk,parrot,n01010,t632834fa88df805e,MISMATCH,0.0508,0.0735
uk,part,kb0476,t7c918b9f1008f8e4,same,0.9958,
uk,part-time,n01011,tf6ccc4ef9cfccc71,MISMATCH,0.1767,0.0803
uk,part-time job,g8u8e4552,t1fa940d380255776,same,1.0,
uk,partner,kb0477,t40402f335f058ab0,same,0.997,
uk,party,g3u6e3989,te7415a1bce343fb5,same,1.0,
uk,pass,ox-g5u5e0447,t8747d8bb34ad5d55,same,0.9856,
uk,pass away,n01012,t5dd4a1978b6ddd02,MISMATCH,0.0636,0.059
uk,pass by,g9u3e0608,t8654ea1df50b09e8,MISMATCH,0.1897,0.0835
uk,passage,kb0478,t6f705b2aad82819b,same,0.9789,
uk,passenger,kb0479,t53d61c0e431de7d7,same,0.9861,
uk,passionately,wy-g8u4e1926,t0488d79bbff82f7a,same,1.0,
uk,passport,ox-g7u6e0652,t489744e7fe702bc2,same,0.9893,
uk,password,ox-g9u2e0859,ta316e5094f5222f5,same,0.9805,
uk,past,wy-g9u9e0930,te64f7d8e8a8ec0e8,same,0.9897,
uk,paste,n01013,t94f2a74807b8aed2,MISMATCH,0.0855,0.0912
uk,path,ra-g9u29e2008,te79563d0f4169210,same,1.0,
uk,patience,ox-g8u9e0810,tcff465460bcfa412,same,0.9742,
uk,patient,g9u4e0614,t0fc247bb48b78f0e,MISMATCH,0.8294,0.0552
uk,pattern,n01014,tea32457f01f32c01,MISMATCH,0.1437,0.0588
uk,pauline,n01015,t75faabdc979e1290,same,1.0,
uk,pauper,n01016,taf7f282c31c74a77,MISMATCH,0.111,0.1381
uk,pay,kb0480,t57930e29493528db,MISMATCH,0.7425,0.1382
uk,pay attention,wy-g7u8e1566,t08b9a732fc6d7896,same,1.0,
uk,pay attention (to ...),n01017,ta5ab9e705751a70c,MISMATCH,0.3926,0.0653
uk,pay attention to,g9u1e0587,t1a7479f1b940c094,MISMATCH,0.0442,0.1023
uk,pay for,n01018,tf0f7cd332d011926,MISMATCH,0.0996,0.1063
uk,payment,ra-g7u7e0645,t489446bbc14ee7ac,same,1.0,
uk,pe,g3u7e3994,t6596a81ad3fcfb05,same,1.0,
uk,pea,n01019,tb3246f7dea3bc89b,MISMATCH,0.3215,0.0708
uk,peace,kb0482,t9e990351e1dc4e14,same,0.9757,
uk,peaceful,ra-g8u15e0517,tfd9178a40243ac12,same,0.9744,
uk,peacefully,g9u17e4836,t66e7a95920c2ead0,same,1.0,
uk,peach,ox-g1u8e0057,tadd1c9d0f403a01f,same,1.0,
uk,peak,n01020,tf64150953354220f,MISMATCH,0.2902,0.0606
uk,peanut,n01021,t1c655557ad54b516,MISMATCH,0.4843,0.0659
uk,pear,ox-g1u8e0056,t8060de4ac3396aec,MISMATCH,0.0845,0.142
uk,peasant,ra-g9u34e2259,t1c63183fccade952,same,1.0,
uk,peel,wy-g6u2e1119,t463428bedad43100,same,1.0,
uk,peephole,ra-g7u11e0857,t75c8c369f8ee6d6d,same,1.0,
uk,peer,wy-g8u8e2156,t3dcab86a2b832f42,same,1.0,
uk,pen,wy-g1u7e0083,ta0425f31dc518dc3,same,1.0,
uk,pen pal,g6u4e0277,t254e6ea2a8eb955b,MISMATCH,0.3113,0.0624
uk,pencil,ox-g1u2e0012,t2c4a2afb60c4ec31,same,1.0,
uk,pencil box,g3u1e0948,ta35f4de629690983,MISMATCH,0.0386,0.0624
uk,pencil case,wy-g3u3e0275,t7e727512447aaaa4,same,1.0,
uk,pencil sharpener,g5u4e4081,te160a5d7a8210ab5,same,1.0,
uk,pencil-box,wy-g1u7e0087,t440cee36f707c2d5,same,1.0,
uk,penguin,kb0483,t066aa038107b4927,same,0.9815,
uk,penny,wy-g9u2e2385,t44a19495aa92e7e3,same,1.0,
uk,peony,n01022,tf5e6fd209c45962d,MISMATCH,0.0967,0.1163
uk,people,kb0484,t20ab5b5936c3a998,same,0.9625,
uk,pepper,kb0485,tf04be2fd94f65b70,same,0.9959,
uk,per,n01023,tef6b2250f2665c57,MISMATCH,0.1878,0.1265
uk,per cent,kb0486,tcfa9eb3b7fe97ba9,MISMATCH,0.1617,0.0754
uk,perfect,kb0487,tb28e58f9cf8c2d06,same,0.9977,
uk,perform,kb0488,t1bb2580df76bd2b8,same,0.9991,
uk,performance,wy-g9u1e2321,t73bbd1ff144b4592,same,1.0,
uk,performer,wy-g9u1e2316,t23d71327228c13b4,same,1.0,
uk,performing arts,ra-g8u17e1343,t97fb0376700947a5,same,1.0,
uk,perhaps,kb0489,tc16b4da5806029bb,same,0.9709,
uk,period,kb0490,tdf9d9df25a50a4c4,same,0.997,
uk,permit,wy-g9u5e2485,tc09c19e58c8198ba,same,1.0,
uk,person,kb0491,t6bdb815d9b3fd131,MISMATCH,0.8042,0.082
uk,personal,kb0492,t8294b06f63d7f997,same,0.9871,
uk,personality,n01024,tc3d1bc4de4a9b011,MISMATCH,0.0858,0.0554
uk,persuade,ra-g8u20e1544,t370decb0dff7141f,same,1.0,
uk,peru,n01025,t7c3e83bb1ec982b9,MISMATCH,0.4243,0.1012
uk,pet,g3u4e3946,teeafb91a533c4736,same,1.0,
uk,peter,n01026,t3e08beeba93db440,MISMATCH,0.2149,0.0858
uk,phew,wy-g4u2e0640,t19fe0ccfeaa89bef,same,1.0,
uk,philippines,n01027,t5640b4d992f83e36,MISMATCH,0.1079,0.1319
uk,philosopher,ra-g9u14e0823,t6a9d2fc7a4347003,same,0.9882,
uk,phone,wy-g7u7e0663,te70d8d9fca47b9f3,MISMATCH,0.2658,0.1365
uk,photo,g5u5e0165,t777d3af4e961707b,same,0.9964,
uk,photograph,wy-g9u9e0922,taa721a0416a75ab4,same,0.9508,
uk,photographer,ox-g8u7e0787,t2f1541429877abb7,same,0.9539,
uk,photographic,ra-g9u33e2214,tf7ce400732ccdf42,same,1.0,
uk,photography,ox-g8u9e0803,t2e142553c70f5c90,MISMATCH,0.6908,0.085
uk,phuket,n01028,t6a260df32df5f8eb,MISMATCH,0.0216,0.1229
uk,physical,n01029,t8f8668504715fae0,MISMATCH,0.0425,0.0653
uk,physically,ra-g8u21e1671,t7c53ba5da9877b3d,same,1.0,
uk,physics,kb0494,tdcd3492003d6842b,same,0.9743,
uk,piano,g7u10e0432,t707120cfad248dd7,same,0.9975,
uk,picasso,n01030,t103827e8cf498a01,MISMATCH,0.0697,0.0653
uk,pick,g2u9e0908,te7b8a63261daca35,same,0.9433,
uk,pick apples,g5u8e0198,t703628b79cc73c54,MISMATCH,0.0758,0.1098
uk,pick fruit,g4u2e3861,tf3ac77bd7aeb9009,same,1.0,
uk,pick up,n01031,t29043b889442c5d7,MISMATCH,0.0629,0.143
uk,picnic,wy-g4u6e0360,tcfa9b37e1a67510c,same,0.9599,
uk,picture,g4u1e0005,t6d06958e9a6f29a2,MISMATCH,0.8519,0.0507
uk,pie,ox-g1u9e0064,t51c4fed2e6044c59,same,1.0,
uk,piece,kb0495,ta734c8dc78638021,MISMATCH,0.3621,0.0366
uk,pierce,n01032,t45866627d5cc0f97,MISMATCH,0.1656,0.0799
uk,pig,ox-g1u10e0070,tf18e4e66bac17daa,same,1.0,
uk,pigeon,ra-g8u14e1086,t4b576bf5ea71d9e2,same,1.0,
uk,piggy,ra-g8u20e1582,t04fbbc236adb9560,same,1.0,
uk,piggy bank,n01033,t49fe5f36624ce1e6,MISMATCH,0.1204,0.0918
uk,pill,kb0496,td6285b638fcdf650,same,0.9977,
uk,pillow,wy-g5u10e1058,t53cd490ec21b6673,same,1.0,
uk,pilot,g6u5e0284,tf3f03145f4cf0949,same,0.9521,
uk,pine,ra-g9u31e2103,tcbf6f92a37c4de86,same,1.0,
uk,ping-pong,wy-g2u7e0198,tdb2c3f4d84d5e9ab,same,1.0,
uk,ping-pong bat,n01034,t349bfdd4bf9b697f,MISMATCH,0.0573,0.0754
uk,pink,wy-g2u5e0182,t67f436b6b65810a8,same,1.0,
uk,pioneer,g9u6e0636,t6a12a76c5af75b0e,MISMATCH,0.1544,0.0714
uk,pity,kb0497,t7a5ec4f29f1709ae,same,0.9958,
uk,pizza,ox-g1u9e0062,tc6059cf0397d9d99,same,1.0,
uk,pla,n01035,t8f91dfbe802064ef,MISMATCH,0.2314,0.0876
uk,pla day,n01036,t06a1d3fd6b7ab0bb,MISMATCH,0.1679,0.0518
uk,place,wy-g5u1e0410,t7b413e6641196249,MISMATCH,0.4866,0.0818
uk,places of interest,ra-g9u13e0817,t3bef75d4f6e2d834,same,0.9765,
uk,plain,wy-g7u9e1588,t0db28b934cd2ead5,same,1.0,
uk,plan,g6u3e0261,t447ead8e215d2b75,same,0.9675,
uk,plane,g1u9e0781,t3d48c93aa729e567,MISMATCH,0.1766,0.1347
uk,planet,g8u7e0525,t29772ae33cec6c9a,same,0.9967,
uk,plant,g5u5e0162,te1b2a59dc27ecd54,same,0.9554,
uk,plants can give us many things.,n01037,t734b4e512cf09eef,MISMATCH,0.1609,0.0369
uk,plastic,ox-g5u7e0466,t854447210ff7cd2b,MISMATCH,0.3592,0.0852
uk,plate,kb0498,t090c0b54b2eaf9f5,same,0.9367,
uk,plateau,wy-g7u11e1676,ta0fbe4aa6e259b9b,same,1.0,
uk,play,wy-g2u7e0194,t3a1efc0904d52c71,same,1.0,
uk,play a part (in sth),n01038,t2163fa412cfc00f2,MISMATCH,0.0622,0.07
uk,play a role (in),n01039,t4b0046b507453271,MISMATCH,0.0585,0.0756
uk,play chess,g3u9e4018,td0d1c60ef80f657f,same,1.0,
uk,play chinese chess,n01040,t836301e6e61e050c,MISMATCH,0.1427,0.0637
uk,play computer games,g4u2e3862,t3d3496a8a9c17417,same,1.0,
uk,play football,g2u7e0887,te1f5ca8e254a0bf8,MISMATCH,0.0241,0.1324
uk,play ping-pong,g5u4e0157,t45316d013fa7547e,same,0.9985,
uk,play sports,g3u9e4016,t5d06636d368f889e,same,1.0,
uk,play the guitar,g7u10e0438,ta0321a72cc4dc7fb,MISMATCH,0.1217,0.0634
uk,play the piano,wy-g7u8e0680,tdfcef862cef9b4ae,MISMATCH,0.114,0.0544
uk,play the violin,g4u11e4019,t558c20e6085411cd,same,1.0,
uk,play with,g3u11e4057,t61b7fd14ed2789f6,same,1.0,
uk,play with ...,wy-g2u8e0210,tc25c1975252e0f0a,MISMATCH,0.162,0.0934
uk,play with fire,g4u5e3925,t1f7a71e531246308,same,1.0,
uk,player,ox-g4u4e0337,tfbcfe5c8a1680d9a,MISMATCH,0.8518,0.0927
uk,playful,n01041,t705b356f58a0b594,MISMATCH,0.152,0.1036
uk,playground,g3u8e4004,tef62e6dba971cda0,same,1.0,
uk,playing,n01042,t8846d5622b420e04,MISMATCH,0.2324,0.1871
uk,playtime,g2u10e0912,t953349353ebb0f66,same,0.9338,
uk,playwright,ra-g9u36e2310,tc4d12c0aa195907d,same,1.0,
uk,pleasant,ra-g8u9e0437,tfc9d7e320429832e,MISMATCH,0.0851,0.132
uk,please,wy-g1u2e0021,t37111451543b62f4,MISMATCH,0.2202,0.0475
uk,pleasure,kb0499,t1ab33addcb0eac9c,same,0.9351,
uk,plenty,kb0500,t7af1b3a2f223d99e,same,0.9158,
uk,plenty of,n01043,t1100cdf9c2aae641,MISMATCH,0.1436,0.0873
uk,plot,ox-g8u10e0816,tb13675d2315bc6ea,same,0.9942,
uk,plus,g7u1e5288,t835718f18c9d331a,MISMATCH,0.1328,0.1049
uk,pluto,ra-g8u18e1450,t313a301359f8365d,same,1.0,
uk,pm,n01044,t83a509eda032625e,same,1.0,
uk,pocket,kb0501,t1d8596365ac5b0b8,same,0.9945,
uk,pocket money,n01045,t50d5d70bbd8d4b34,MISMATCH,0.1282,0.0991
uk,poem,wy-g9u2e0854,td197b9203ed3f650,same,0.9982,
uk,poet,kb0502,ta8fb651ebca865b2,MISMATCH,0.1108,0.1678
uk,poetry,ra-g9u36e2308,t6d362a682e8d5c2a,same,1.0,
uk,point,wy-g1u5e0064,t0c9238f10a617f8d,same,1.0,
uk,point out,wy-g7u1e1222,t20b6851f9fb83c20,same,1.0,
uk,point to the ...,wy-g1u5e0067,t24219d3f9000f33c,MISMATCH,0.1595,0.0711
uk,police,ox-g5u3e0421,tc21398a1393d756a,same,0.9834,
uk,police officer,g6u5e0287,t4e737ad990db6d7f,MISMATCH,0.1624,0.0442
uk,police station,wy-g4u7e0781,t8815c5ca2a569c44,same,1.0,
uk,policeman,ox-g3u4e0238,tc2f0596c424434af,same,0.9924,
uk,policemen,kb0503,ta318f12406506b50,MISMATCH,0.0583,0.0345
uk,policewoman,kb0504,t15b4a4a806d8097c,MISMATCH,0.86,0.0234
uk,polish,n01046,t25044e3a3c96f230,same,1.0,
uk,polite,g5u1e0126,tf1ae1c5c32e3c917,same,0.9603,
uk,politely,n01047,t96ad5225a5ee1eab,MISMATCH,0.2046,0.0928
uk,politician,ra-g9u33e2225,t9b4e574f818a18b3,same,1.0,
uk,pollen,n01048,ta684dbf5e6213b8f,MISMATCH,0.1654,0.1319
uk,pollination,n01049,t15532cade7345489,MISMATCH,0.0193,0.086
uk,pollute,kb0505,t10102d96f2d02927,same,0.974,
uk,pollution,g8u7e0523,tc00512f02b7e6654,same,0.9909,
uk,pool,kb0506,taa044085610e8364,MISMATCH,0.4051,0.1755
uk,poor,kb0507,tcc36b365636be9fd,MISMATCH,0.2638,0.174
uk,popular,g8u3e0484,taff49656e0312826,same,0.9143,
uk,popularity,n01050,t33e25a28dcee6a6c,MISMATCH,0.0806,0.074
uk,population,ox-g6u1e0502,tdc2814de79af32ad,same,0.993,
uk,porcelain,ra-g9u31e2133,t8cb1ec46a43b148c,same,1.0,
uk,pork,ox-g4u8e0378,tdf1c149368a179a2,same,0.9603,
uk,porridge,kb0508,t9933c45519425ad1,same,0.9496,
uk,position,kb0509,taeb6f9ee0608e7b1,same,0.9796,
uk,positive,ox-g9u3e0868,t4b3baa009acf2a56,same,0.986,
uk,possession,ra-g9u36e2325,td1f14883df6020f2,same,1.0,
uk,possibility,ra-g9u37e2357,t7a7dbdb170301a74,same,1.0,
uk,possible,kb0510,tfaf04eddc353d6e8,MISMATCH,0.7104,0.1163
uk,possibly,ra-g9u36e2332,tda715cedb10f3345,same,1.0,
uk,post,kb0511,tb0128d2ee81a1272,MISMATCH,0.7863,0.0774
uk,post office,g6u1e0246,tb4a51fa766bea98d,MISMATCH,0.0376,0.0983
uk,post-production,g9u17e4857,t3d2beb5c3dcc1ec9,same,1.0,
uk,postcard,g9u3e0603,t9a51ebd8e6a272f6,same,0.9888,
uk,poster,ra-g8u19e0566,tc7dd1b2e5912a394,same,0.9682,
uk,postman,g6u5e0281,td62ce7e08197dffd,same,0.9893,
uk,postmen,kb0512,t0294dfbbd5093235,MISMATCH,0.7756,0.0638
uk,pot,kb0513,t49d9227b0004eb0d,MISMATCH,0.7097,0.1185
uk,potato,g3u3e3931,te1c9924c2ddf3396,same,1.0,
uk,pound,kb0514,t75fbc3f10e9862a7,same,0.9621,
uk,pour,kb0515,ta4514ab2c868e94d,MISMATCH,0.2364,0.174
uk,pour sth into sth,n01051,t0f84d364b63b33d2,MISMATCH,0.114,0.0592
uk,poverty,ra-g9u3e0680,tb072fcc946c513be,MISMATCH,0.076,0.135
uk,power,kb0516,tb4d27c40c2749428,same,0.9411,
uk,powerful,n01052,t71272632ed0c74fc,MISMATCH,0.1411,0.1003
uk,practical,n01053,t5446f4ce2422d7ea,MISMATCH,0.0987,0.1863
uk,practice,kb0517,t1c8e3b782bb7e489,MISMATCH,0.3511,0.0846
uk,practise,ox-g4u4e0336,td0871fb4392e4c33,same,0.9738,
uk,praise,kb0518,t08b5e465c1dafd6f,MISMATCH,0.2269,0.0916
uk,prawn,g12u4e7252,t6c25c00d5a2fb3a9,MISMATCH,0.1535,0.0916
uk,prc,n01054,tb56bb4b202d0a1b1,MISMATCH,0.1014,0.0682
uk,precious,ra-g9u36e2324,te8800a3d081bb9c8,same,1.0,
uk,predict,ra-g8u20e1575,t36fa61f696fce77c,same,1.0,
uk,prediction,n01055,td49effe279a23d4a,MISMATCH,0.245,0.0431
uk,prefer,g9u9e0661,t2a6ae498b8be2a05,MISMATCH,0.2243,0.0887
uk,preparation,n01056,t20ea3571e4cf4261,MISMATCH,0.0961,0.0983
uk,prepare,g8u9e0541,t5a237bff0b551d85,MISMATCH,0.1794,0.085
uk,prepare sth for,n01057,t56446b824537a5fe,MISMATCH,0.0644,0.0496
uk,present,ox-g2u8e0166,td0ced0010c366aea,MISMATCH,0.0552,0.1125
uk,presentation,wy-g7u7e1512,t3209f3829a6927d0,same,1.0,
uk,presenter,wy-g9u4e2454,tebb7c4abec09ab9b,same,1.0,
uk,president,kb0519,tab84eb6a9cadfb67,MISMATCH,0.2511,0.0829
uk,press,kb0520,t5419cf21fab933d9,same,0.9642,
uk,pressure,ox-g9u3e0862,tb7b5daab4baef189,same,0.9693,
uk,pretend,n01058,t87015b65c53abf63,MISMATCH,0.1275,0.0799
uk,pretty,g4u12e0115,t3a17e254f1886ee1,same,0.9963,
uk,prevent,ra-g8u6e0391,td5cc4b2f5f853888,same,0.9981,
uk,prevention,ra-g8u21e1645,t33851b0cac08edc1,same,1.0,
uk,preview,ra-g9u9e0761,ta513918e76e1d2a2,same,0.9981,
uk,price,g7u7e0406,tc2af199c3cb05db1,MISMATCH,0.7904,0.0704
uk,priceless,wy-g8u2e1851,t4f6748e63c7b1549,same,1.0,
uk,pride,kb0521,tcfc9e2cd80de5e89,MISMATCH,0.196,0.1074
uk,primary,kb0522,t144093d944abee4c,MISMATCH,0.1612,0.0835
uk,primary school,wy-g7u1e1246,t827bf1123f1c2381,same,1.0,
uk,prime,n01059,t9eaccb2ebbbf9b2e,MISMATCH,0.2773,0.0874
uk,prime minister,n01060,tb275365d8c135918,MISMATCH,0.2611,0.0766
uk,prince,kb0523,t1f88b0cfe3b9eebf,same,0.9848,
uk,princess,kb0524,t05db6292f99b84cb,same,0.9765,
uk,principal,ra-g9u37e2354,tee732cac43f1d2c4,same,1.0,
uk,print,kb0525,t5f7bdc75ef232dfa,MISMATCH,0.2227,0.0893
uk,printer,wy-g8u3e0714,t9ccb9783b530a18a,same,0.9999,
uk,printing,wy-g9u7e0904,t42a88460be416e72,MISMATCH,0.0151,0.0315
uk,prison,wy-g5u11e1087,t56603d5073a736fd,same,0.9997,
uk,private,kb0526,t2c5b4f6c5cb07666,same,0.9978,
uk,prize,ox-g4u4e0338,tcaf66415fb2509c3,MISMATCH,0.8167,0.0787
uk,probably,kb0527,t52fd94ff5bc43d1a,same,0.9803,
uk,problem,ox-g9u3e0861,tc2d0d7910c07adb4,same,0.9767,
uk,process,ox-g8u11e0827,t6f38cd3738a44411,MISMATCH,0.4856,0.0512
uk,produce,kb0528,t8d438bcc18e6731f,MISMATCH,0.8785,0.0513
uk,product,g9u5e0625,te730b5f7057f246c,same,0.9944,
uk,professional,n01061,tfbc62eac34496d75,MISMATCH,0.1767,0.1146
uk,professor,n01062,t05752061814a4039,MISMATCH,0.1853,0.0869
uk,program,g8u2e0475,tbbe320d8e60f3fc8,same,0.9975,
uk,programme,kb0529,t1ffa62779ca9f94c,same,0.9975,
uk,programmer,n01063,t4f9a87a653d2616d,MISMATCH,0.1456,0.0681
uk,progress,ox-g9u12e0953,tfa489977eb98d8a2,same,0.9941,
uk,project,kb0530,t0f94f0504fedd7fe,same,0.9872,
uk,promise,g8u6e0514,td66164d91f10b1f4,MISMATCH,0.7367,0.0593
uk,pronounce,kb0531,td6702ab5a153a5c1,MISMATCH,0.2257,0.056
uk,pronunciation,wy-g9u11e0946,t66097e26966b33ad,MISMATCH,0.1031,0.0836
uk,proper,kb0532,t0c63c0fef3996924,same,0.9972,
uk,protect,ox-g5u6e0460,tf48bc917bda07415,same,0.9833,
uk,protection,ra-g8u18e1383,td9361c78e0f0e28d,same,1.0,
uk,protector,ra-g9u30e2083,t224e4b5a0c859908,same,1.0,
uk,proud,g9u4e0613,t7454625249338d7d,MISMATCH,0.7028,0.0939
uk,proud of,n01064,tbddc372ae1d57d54,MISMATCH,0.0374,0.1023
uk,proudly,ra-g7u12e0924,t56ffbb7505052b0d,same,1.0,
uk,prove,kb0533,ta1b76aefd2e0efc9,same,0.9994,
uk,provide,kb0534,td37199c271f21bed,same,0.9357,
uk,province,ra-g9u13e0812,t07db4fb51f9e43b7,MISMATCH,0.1673,0.1005
uk,public,kb0535,teab9d3fa9e0a165b,same,0.9972,
uk,public library,g6u8e4318,t3239f50d38d180db,same,1.0,
uk,publish,ox-g8u7e0788,ta8dd7df12c06c864,MISMATCH,0.038,0.1196
uk,pulitzer prize,n01065,t5bacb8622f89a093,MISMATCH,0.1047,0.0804
uk,pull,kb0536,t07958c6b139958d6,same,0.9991,
uk,pull ... down,n01066,td3d6d045f502e7f5,MISMATCH,0.259,0.0931
uk,pull together,n01067,t22a568895af3f688,MISMATCH,0.1372,0.0992
uk,pumpkin,ox-g6u5e0546,t801bb9f7b29c467f,MISMATCH,0.1055,0.121
uk,punish,kb0537,t2c15d08cfe5379af,MISMATCH,0.4278,0.0726
uk,pupil,wy-g2u2e0146,t3cce3955c11b097b,same,1.0,
uk,puppet,wy-g9u1e2315,t511928af5b10ffd8,same,1.0,
uk,purple,wy-g1u3e0029,td1cb90ea34b058f5,MISMATCH,0.6283,0.139
uk,purpose,kb0538,t1f46645d25429d44,same,0.9923,
uk,purr,n01068,t3ed1837115ea11e2,MISMATCH,0.2776,0.0997
uk,push,kb0539,t51eda00d38178199,same,0.9861,
uk,push-up,n01069,tf49070ad4e753b95,MISMATCH,0.1439,0.1312
uk,put,g1u8e0778,t7230e8be1de42cb9,same,0.9646,
uk,put on,g4u9e0089,t1d06d2348fc65826,MISMATCH,0.1615,0.0944
uk,put oneself in sb's shoes,n01070,t95e377a8ec6ea004,same,1.0,
uk,put out,n01071,t4d7b23613026f9cf,MISMATCH,0.3062,0.1304
uk,put sth back,n01072,t33dbfd7ca39b90df,MISMATCH,0.0401,0.0486
uk,put sth. to good use,n01073,t3db3c6f3c3d98899,MISMATCH,0.1493,0.068
uk,put up,n01074,te31d4bee5525999c,MISMATCH,0.0171,0.1247
uk,puzzle,wy-g4u9e0829,tc6721bc4ede28d84,same,1.0,
uk,pyramid,ra-g9u15e0835,t5b7aff8ffa25099a,same,0.9978,
uk,quake,ra-g8u21e1644,t27a520fffc370972,same,1.0,
uk,quality,kb0540,t4f5030f297999b0e,same,0.9964,
uk,quarter,wy-g5u9e0488,t0500c982e2ea596d,same,0.9978,
uk,queen,kb0541,tf9683608a34543eb,same,0.9973,
uk,queen's park,g6u8e4316,tcc7dc21525bd9faa,same,1.0,
uk,question,kb0542,t4f0228816dce45ff,MISMATCH,0.5706,0.1433
uk,queue,n01075,t6fd640cca2e011cf,MISMATCH,0.2913,0.1104
uk,quick,wy-g8u7e0787,t0af2c6211145fa35,MISMATCH,0.3487,0.1072
uk,quickly,n01076,t71de6886dd0f4e84,MISMATCH,0.1244,0.0805
uk,quiet,g4u3e0023,t20e0742ef120d175,same,0.9954,
uk,quietly,g5u12e0231,t71b3e11fa59f2a69,same,0.9944,
uk,quite,kb0543,taeb7280776d77b76,same,0.9346,
uk,quite a,n01077,ta392401314a3d06a,MISMATCH,0.1622,0.1251
uk,rabbit,g3u4e3945,tf511c97a087563ad,same,1.0,
uk,raccoon,g6u10e4334,tfe7809d4b5ea3072,same,1.0,
uk,race,ox-g4u4e0331,t3026febd51323f5b,MISMATCH,0.121,0.0971
uk,racket,n01078,t7c4aaa06a02271a3,MISMATCH,0.0325,0.0785
uk,radio,kb0544,te000f20a715bf1f3,MISMATCH,0.1209,0.0731
uk,radium,ra-g9u33e2210,ta4073f20ad2898a8,same,1.0,
uk,rag,ra-g9u32e2197,tce7d7266c6d8ce04,same,1.0,
uk,rail,ra-g9u25e1860,t2061f1dfa3ef188e,same,1.0,
uk,railway,kb0545,tfd7b1daf48edf1d7,same,0.9988,
uk,rain,ox-g3u6e0257,t3d09e514ecfd42df,same,0.9729,
uk,rain or shine,n01079,t727b4e13c35b5eae,MISMATCH,0.0985,0.0631
uk,rainbow,kb0546,t40cd7ce942bc606a,same,0.9832,
uk,raincoat,n01080,tea9a9c73f887308c,same,1.0,
uk,raindrop,wy-g4u11e0856,t95021a5a7da279dd,same,1.0,
uk,rainfall,n01081,t2bb0e2108b6cef74,MISMATCH,0.1881,0.0759
uk,rainforest,ra-g7u5e0428,t9c4c16659c6ee596,same,1.0,
uk,rainstorm,n01082,te336fa3cf99e630b,MISMATCH,0.18,0.089
uk,rainy,ox-g2u8e0114,td667be18f521575f,same,1.0,
uk,raise,ox-g6u10e0594,t83ec05cba1e516da,same,0.9918,
uk,rapid,kb0547,taf7c75ba10843b4a,same,0.9979,
uk,rather,kb0548,tf2c9259793c6d6de,same,0.9762,
uk,rather than,n01083,t464bcc1101cb35ae,MISMATCH,0.0253,0.0688
uk,re:,n01084,t8fba79c6df3ce34b,same,1.0,
uk,reach,wy-g8u11e0829,td9c1b2ab9e3c8a51,same,0.9575,
uk,reach for,n01085,t36f39407de36b8f7,MISMATCH,0.0295,0.1374
uk,react,wy-g8u12e2285,t08be0345edf4b958,same,1.0,
uk,reaction,wy-g8u6e2080,te8bfb15ddcc7ec48,same,1.0,
uk,read,ox-g1u4e0026,t393328e3120866cf,same,1.0,
uk,read books,g3u9e4021,t9d9e9b7a1800c956,same,1.0,
uk,reader,n01086,t63f63b6b375cebb9,same,1.0,
uk,reading,g13u9e5980,t58db72842eaafa96,same,1.0,
uk,reading a book,g5u12e0233,t2dbe887fd2167a37,MISMATCH,0.1414,0.0458
uk,ready,kb0549,t1afc61ecd7ce2501,MISMATCH,0.1347,0.1188
uk,ready to do sth,n01087,t81047381a7e63b11,MISMATCH,0.0552,0.0311
uk,real,kb0550,td96c94c9a6f89958,same,0.9853,
uk,realise,kb0551,t5e3f3e3029a61fe0,same,0.9579,
uk,reality,wy-g8u7e0962,ta8d18ea61a0b3f84,same,0.9577,
uk,realize,n01088,t794a7fd41d0cfc8e,MISMATCH,0.2412,0.103
uk,really,g3u9e4022,t863a2017330cab1f,MISMATCH,0.0334,0.1281
uk,ream,ra-g9u33e2219,tb75cd4b8817c19b5,same,1.0,
uk,reason,wy-g9u2e0857,t22786ccf1a087aca,same,0.9978,
uk,reasonable,n01089,t4ba1c33bef629c60,MISMATCH,0.0522,0.0402
uk,recall,n01090,t4991fea2d3189730,MISMATCH,0.2512,0.1261
uk,receive,kb0553,t34c57f436658e169,same,0.96,
uk,recent,kb0554,t7e0a42a80c9c780c,MISMATCH,0.7299,0.0358
uk,recently,n01091,t0e7c19139a468f32,same,1.0,
uk,recipe,ra-g8u20e0587,te51e2b9d730f7a81,same,0.9911,
uk,recognise,kb0555,t50de6a8b793f3977,MISMATCH,0.047,0.0836
uk,recommend,ox-g7u12e0712,t0ebcd2b81d7c57dc,MISMATCH,0.209,0.0702
uk,recommendation,n01092,t94d6db6e59ea1058,MISMATCH,0.0266,0.0788
uk,record,ox-g6u7e0568,td4b64d628970a496,same,0.9859,
uk,recycle,ox-g5u7e0464,t5821fc446477a481,same,0.991,
uk,red,wy-g1u4e0047,t0de917af2f0a48a3,same,1.0,
uk,red and blue make purple.,n01093,tbc5a857ad893e1f0,MISMATCH,0.115,0.0379
uk,red scarf,wy-g7u0e1195,tf594c9584b3ab273,same,1.0,
uk,red square,n01094,t37af35139b3e5492,MISMATCH,0.1108,0.1023
uk,red star over china,n01095,t49d1fadc51cb6fd7,MISMATCH,0.1124,0.0757
uk,reduce,ox-g6u6e0559,t9071a5c38a34d58a,MISMATCH,0.4859,0.0434
uk,redwood,n01096,t43c9c5e1cc55a8ac,MISMATCH,0.3111,0.0974
uk,reef,n01097,t8bf59e25fa75b63b,same,1.0,
uk,refer,ra-g9u30e2066,t8a8a3a183edf32da,same,1.0,
uk,referee,n01098,t4a2457864a656df5,MISMATCH,0.0431,0.0779
uk,reflect,n01099,tf2a467717ccc5e1f,same,1.0,
uk,refrigerator,n01100,t074f10889de3dc72,same,1.0,
uk,refuse,wy-g8u9e0809,tdaedd76c8067a5cb,same,0.9974,
uk,regret,ox-g9u11e0944,tc9a768d7535ff0aa,MISMATCH,0.1291,0.0804
uk,regular,ox-g6u2e0518,td43e2f0f4774c58f,same,0.9978,
uk,rehearsal,n01101,t8b0d0482bbf79d23,MISMATCH,0.1026,0.0845
uk,reindeer,g12u7e5863,t80c2d126e73696c7,MISMATCH,0.1723,0.1196
uk,related,ra-g9u32e2182,t6e9acd9fdca33a54,same,1.0,
uk,relationship,ox-g8u1e0730,t09344bed51d327b5,same,0.9159,
uk,relative,g9u2e0594,tea44ee6f017fd125,MISMATCH,0.0632,0.0782
uk,relax,ox-g7u11e0710,td58b84141e488af4,MISMATCH,0.6434,0.0947
uk,relaxed,g9u11e0683,tc90d5451e6b77965,MISMATCH,0.6413,0.1571
uk,relaxing,n01102,tf53bc895ac7bbf54,MISMATCH,0.0575,0.1159
uk,relief,n01103,tfe6eb1817657a0b2,MISMATCH,0.1582,0.0292
uk,rely,ra-g8u23e1740,ta2779f9133deaf23,same,1.0,
uk,remain,kb0556,t5308543cea7cf7cc,same,0.9989,
uk,remains,wy-g9u3e2394,t1a3012e90cf5625f,same,1.0,
uk,remember,wy-g9u12e0954,t39d690ff9f8c5a2d,same,0.9991,
uk,remind,ox-g8u11e0824,te9be2e61843f669e,same,0.9993,
uk,remove,n01104,t76a3a38b0c7bbb1c,MISMATCH,0.1757,0.0299
uk,repair,kb0557,tf66b7499b3667bf1,same,0.9678,
uk,repeat,kb0558,t68c414c86663d502,same,0.9984,
uk,replace,n01105,tde2d3924eef00092,MISMATCH,0.0447,0.1423
uk,reply,kb0559,t21f40d308e014fce,same,0.9762,
uk,report,kb0560,t8e068a984e33bd6f,MISMATCH,0.8905,0.0969
uk,reporter,ox-g8u7e0784,t87e3ce41dfde94aa,same,0.9989,
uk,reptile,ox-g8u5e0766,t4119880cad735273,MISMATCH,0.064,0.1327
uk,republic,ra-g7u6e0582,t35e8f9f27cac428d,same,1.0,
uk,request,n01106,tb70611485feb928d,same,1.0,
uk,require,kb0561,te46e9affaa3db00f,same,0.9979,
uk,rescue,ox-g7u10e0693,ta6d92029a362e0cd,same,0.9808,
uk,research,ox-g9u4e0874,tbd5810debb71e78c,same,0.9685,
uk,researcher,n01107,t70e6e0dc6c0c101d,MISMATCH,0.0538,0.1269
uk,resolution,n01108,t05f47d26b926e997,MISMATCH,0.0767,0.0455
uk,resource,ox-g6u6e0554,t02554520a78f46a0,same,0.9608,
uk,respect,ox-g9u5e0883,t7e82ff552c8e89cd,same,0.9536,
uk,respond,ra-g9u38e2388,tf09c02d4ed22c622,same,1.0,
uk,responsibility,wy-g9u4e0880,t003107c92660f68b,same,0.9803,
uk,responsible,ox-g8u8e0800,t2c0a1f669e7cfd81,MISMATCH,0.6013,0.055
uk,rest,g8u11e0566,te340719e89f8bd53,same,0.9782,
uk,rest area,n01109,t6dd196f37a207607,MISMATCH,0.0917,0.0601
uk,restaurant,ox-g3u3e0223,te492075bab999484,MISMATCH,0.6089,0.0832
uk,restroom,g9u3e0601,t5af2402be6bb9d7f,MISMATCH,0.0433,0.1049
uk,result,kb0562,tcb2b802e927e9286,MISMATCH,0.7411,0.1095
uk,return,wy-g6u5e0546,tc5f093b93a485002,same,0.9501,
uk,reunion,ox-g6u5e0542,tc63c0d204930e1c5,same,0.9996,
uk,reusable,n01110,t39b5a92093e88492,MISMATCH,0.0407,0.0155
uk,reuse,ox-g6u6e0560,t53610d0703483103,same,0.9467,
uk,review,ox-g8u11e0830,t8bf7a5bd041649a3,same,0.999,
uk,rhino,g15u6e6159,t6c321cd18fb5ff03,same,1.0,
uk,rice,ox-g1u9e0066,tcd762026b55827e4,MISMATCH,0.0682,0.0646
uk,rich,kb0563,td03f3b36e62ea405,same,0.9455,
uk,rid,ra-g8u15e1209,t3f314e57b0269ed1,same,1.0,
uk,riddle,n01111,te3d72790b60d2d45,same,1.0,
uk,ride,g7u12e0451,t9babd3b4124e39e6,same,0.9976,
uk,ride a bike,g2u7e0889,t74a2f1bbe3e957a7,MISMATCH,0.0699,0.1354
uk,rider,ra-g8u18e0551,tfa62e79900603dfa,MISMATCH,0.1769,0.1113
uk,right,wy-g4u1e0302,t4277b9357040f8b5,MISMATCH,0.1283,0.0721
uk,right away,n01112,t80ea4a186ebfba57,MISMATCH,0.0451,0.0797
uk,right now,n01113,tcb79c4f08bf6e8da,MISMATCH,0.2455,0.1053
uk,rim,ra-g9u36e2335,t5b193caf338f2c7e,same,1.0,
uk,ring,g7u3e0366,te1c4de361493bf7a,same,1.0,
uk,ring out,ra-g9u33e2209,td72e38ebcda72c67,same,1.0,
uk,rise,kb0564,t41417cffcfb0cbf5,MISMATCH,0.1735,0.0615
uk,risk,ox-g7u10e0698,t1e0a20b253c3b127,MISMATCH,0.5479,0.072
uk,risky,n01114,ta61831003fef4770,MISMATCH,0.2064,0.0481
uk,river,g5u6e0173,t969a03e83c7f649f,same,0.9983,
uk,riverbank,ra-g8u14e1104,t4fb2194fd987fda6,same,1.0,
uk,riverside,ra-g8u14e1103,t69f7448dd4f8be32,same,1.0,
uk,road,ox-g4u5e0343,tdb756c45534c97d5,same,0.9993,
uk,roast,ra-g8u9e0435,te4fc67019e77a459,MISMATCH,0.2717,0.078
uk,roast turkey,g6u11e4338,t161308c7874c7334,same,1.0,
uk,robe,wy-g4u12e0884,t40a2bf587adccabe,same,0.9986,
uk,robert,n01115,tbf3b7958ce1a8097,MISMATCH,0.0485,0.1378
uk,robot,g8u7e0521,ta6d4e8ab83e7ae42,same,0.9884,
uk,robotics,n01116,t365a2b1321f390c3,MISMATCH,0.0513,0.0697
uk,rock,kb0565,t1931638ed0a1310a,same,0.999,
uk,rock music,wy-g7u2e1256,tfa93caf60e3490be,same,1.0,
uk,rocket,ox-g8u6e0773,tf7deffaacf137399,MISMATCH,0.0385,0.1661
uk,rode,n01117,t1bd9cf7f574d66a8,MISMATCH,0.2494,0.1308
uk,role,kb0566,t300970774fd6fdad,same,0.9994,
uk,roll,n01118,tbea39ae61e54f4e0,MISMATCH,0.0971,0.1287
uk,roller coaster,wy-g7u12e1747,t5483377ae127d3f1,same,1.0,
uk,roller skating,g4u1e3846,tc1499753f1ce69fb,same,1.0,
uk,roman,ra-g8u18e1384,t8856a79480255b41,MISMATCH,0.0921,0.0918
uk,romance,ra-g8u24e1832,tddd9e2c83dfb8011,same,1.0,
uk,romantic,ra-g9u34e2264,t7d84365c6ef11880,same,1.0,
uk,roof,n01119,tb879d305083dffbc,MISMATCH,0.3331,0.0579
uk,roof of the world,wy-g8u8e1003,tf908bb0cbc36994f,same,0.9997,
uk,room,g1u8e0777,t672114820ccdceac,same,0.9996,
uk,root,n01120,t17b307c541c97c1e,same,1.0,
uk,rope,kb0567,t93bfdb6993314b54,same,0.9991,
uk,rose,kb0568,t8136667c14e95cda,MISMATCH,0.3016,0.1026
uk,round,kb0569,te6deb2a07b9a9d56,same,0.9745,
uk,route,ox-g7u6e0656,tdd12fca1a429c129,MISMATCH,0.2305,0.069
uk,routine,n01121,ta9593614c4a75d4a,MISMATCH,0.271,0.0552
uk,rover,n01122,tae014d34cc087893,MISMATCH,0.225,0.0782
uk,row,kb0570,t57bd6a3704dd935b,same,0.9987,
uk,row a boat,g4u9e4002,t34566b63497a34d0,same,1.0,
uk,royal,ra-g9u37e2350,t95b98d9132787936,same,1.0,
uk,rsvp,n01123,t1d0c0800b0e765ee,MISMATCH,0.2085,0.058
uk,rub,n01124,t223d77a19bd94241,MISMATCH,0.1528,0.1154
uk,rubber,ox-g1u2e0013,tce829f3fb5ee3dce,same,1.0,
uk,rubbish,ox-g5u7e0465,ta86ba2a06567ba9b,same,0.9934,
uk,rule,wy-g6u5e0542,t42480dc3cf8ed8b4,same,0.9997,
uk,ruler,ox-g1u2e0011,t82d41a6c77b5f067,same,1.0,
uk,run,g3u11e4061,tfb4b0d4947c68395,same,1.0,
uk,run after,n01125,t896611de5dd96815,MISMATCH,0.0206,0.0762
uk,run down stairs,g4u5e3927,t6243bfd8933b3401,MISMATCH,0.078,0.0815
uk,run low (on sth),n01126,t2f826dc593dbf5f8,same,1.0,
uk,run out,n01127,t5e62fe033d9de56f,MISMATCH,0.3879,0.0612
uk,run out of,g9u18e4879,te868ecc0a5e2d298,same,1.0,
uk,runner,ra-g8u3e0357,t1de547ff8f607ceb,MISMATCH,0.1885,0.074
uk,running,g11u2e5705,td7bed0b64d07676e,same,1.0,
uk,running water can make electricity.,n01128,ta5195dc4e001c0d4,same,1.0,
uk,runny,n01129,tfeb91d2becbad827,MISMATCH,0.4614,0.0945
uk,runny nose,n01130,te13b3d17b7db1050,MISMATCH,0.0238,0.1163
uk,rush,kb0571,t5125220ad55f222e,same,0.9002,
uk,rush hour,g9u17e4841,t377c78b96c937bc5,same,1.0,
uk,russia,n01131,t2fadfedaf9238934,MISMATCH,0.2869,0.0769
uk,russian,n01132,t69ca97bb99f505b5,MISMATCH,0.3159,0.0907
uk,sad,g6u6e0292,t07bfbc9d1d2b1fd4,same,0.9557,
uk,sadly,n01133,t99018edaf6dc9250,MISMATCH,0.1259,0.0959
uk,sadness,n01134,te585c3d74a292268,MISMATCH,0.227,0.0631
uk,safe,ox-g7u8e0677,tdd59dcf095d9f9dc,MISMATCH,0.5538,0.0989
uk,safeguard,n01135,t47ff961efd5d33a6,MISMATCH,0.4399,0.0634
uk,safely,ra-g8u22e1714,taeb06877555dfc63,same,1.0,
uk,safety,g9u7e0645,t88621f933063e648,MISMATCH,0.1864,0.0632
uk,safety rules,g4u5e3933,t123da677a0272308,same,1.0,
uk,sage,n01136,t2f0ee057d09e8cd8,same,1.0,
uk,sahara,n01137,t6b1dc170ef85357a,MISMATCH,0.1604,0.0884
uk,sail,ra-g9u32e2161,ta7c7e6b6a52a2571,same,1.0,
uk,sailing,ra-g9u32e2160,t45997a441d75337f,same,1.0,
uk,sailor,ra-g9u32e2191,t97f4a0e996134dbc,same,1.0,
uk,salad,g5u3e0142,tcda1cd24f92c130f,MISMATCH,0.1533,0.0686
uk,sale,kb0572,tc4de9147d371db0b,MISMATCH,0.3016,0.0613
uk,saleswoman,g5u4e4088,ta9298bffcdfec186,same,1.0,
uk,sally,n01138,t75f924f08b799ec8,MISMATCH,0.2008,0.0705
uk,salt,g8u8e0535,t2e3b6ab7edb43725,same,0.9722,
uk,salty,ox-g5u4e0439,te6ef44706e95feba,same,0.971,
uk,sam,n01139,tea13fab17fa11661,MISMATCH,0.2165,0.0794
uk,same,g6u4e0275,tb9a8ca9848bf6e1d,same,0.9625,
uk,sand,ox-g4u6e0355,t3a8b8ac312e8bdfd,MISMATCH,0.6768,0.0556
uk,sandcastle,g11u3e7151,t19117f90a97f9529,same,1.0,
uk,sandwich,g5u3e0141,t8269ed48ed82315d,same,0.9764,
uk,santa,g12u7e5862,t2f40e9b0da49eb06,MISMATCH,0.0673,0.0668
uk,sarah,n01140,tf86becc312736d6f,MISMATCH,0.2106,0.088
uk,satellite,ox-g8u6e0774,tcbd4efcfed2b5ecb,same,0.965,
uk,satisfied,wy-g8u1e1818,tfd44b0819d36ae14,same,1.0,
uk,satisfy,kb0573,t33766cc19782db0c,MISMATCH,0.3082,0.0533
uk,saturday,g2u12e0936,t2e10f70281358097,MISMATCH,0.5485,0.134
uk,saturn,ra-g8u18e1413,t778f448182b9affa,MISMATCH,0.0696,0.0617
uk,sauce,ra-g9u31e2141,t29ad78d46617a0c8,same,1.0,
uk,sausage,wy-g5u7e0468,t85e9f130c45c3c16,MISMATCH,0.4161,0.0487
uk,save,ox-g5u7e0470,tcd2be411df56ce0c,MISMATCH,0.3615,0.0735
uk,save up,n01141,t8427c424b8007780,MISMATCH,0.106,0.0862
uk,saving,wy-g6u1e1114,tbc129c34a5361317,same,1.0,
uk,savings,wy-g9u2e2375,tbec0345e74a6edbd,same,1.0,
uk,saw,n01142,t116e91288e4c27c8,MISMATCH,0.3664,0.1253
uk,say,kb0574,t2b85f120ace558e9,MISMATCH,0.2202,0.0754
uk,saying,n01143,t7412242c54c93b7f,MISMATCH,0.1376,0.1294
uk,scare,kb0575,tef7c01eeb21a2685,same,0.9667,
uk,scarecrow,wy-g9u1e2343,t7179daf27f5c65ee,same,1.0,
uk,scared,n01144,tf06a11a5bac08470,MISMATCH,0.1683,0.0906
uk,scared of,n01145,t8ce8b1896a1ec43e,MISMATCH,0.0274,0.0885
uk,scarf,g4u12e0112,tbcf95ea1f1de5fcc,MISMATCH,0.4407,0.0778
uk,scary,n01146,t9f2dafffc89328b0,MISMATCH,0.1638,0.0921
uk,scene,ra-g9u36e2312,tf70fd4b8d9dacb89,same,1.0,
uk,scenery,ox-g7u12e0714,t6edeff79638a0c87,MISMATCH,0.7985,0.0454
uk,schedule,ox-g8u2e0732,tc253d124f0695ce3,MISMATCH,0.8444,0.0835
uk,school,g2u4e0853,t3029c00d09c6c80e,same,0.9794,
uk,school uniform,wy-g7u0e1198,tf035e767df1f4d6d,same,1.0,
uk,schoolbag,ox-g1u2e0014,t32cc469451be79a1,same,1.0,
uk,schoolgirl,n01147,t853072668ea367d0,MISMATCH,0.2709,0.0846
uk,schoolwork,ra-g8u16e1259,ted3ca62a0ff45ddb,same,1.0,
uk,sci-fi,n01148,t8695ed2e61801c14,MISMATCH,0.07,0.0885
uk,science,g3u7e3993,t12961b08bd628fd9,MISMATCH,0.0983,0.059
uk,science fiction,ra-g9u35e2272,t626efab860718bfc,same,1.0,
uk,scientific,ra-g9u11e0790,t776bda4fea47e028,MISMATCH,0.1909,0.0413
uk,scientific research,wy-g9u4e2464,t4f6f429a94bcb958,same,1.0,
uk,scientist,g6u5e0283,t1e6fb76485be7e79,MISMATCH,0.0891,0.0562
uk,scissors,kb0576,t579c0846f3bd8972,MISMATCH,0.4558,0.0527
uk,score,ox-g5u5e0442,t26287f10b9d012bb,MISMATCH,0.5365,0.1224
uk,scotland,n01149,tb08878a207771850,MISMATCH,0.1542,0.1016
uk,scottish,n01150,taac8e1ee603dbdd6,MISMATCH,0.2445,0.0808
uk,scream,n01151,t767a4d6e532f9c03,MISMATCH,0.3275,0.07
uk,screen,g8u4e0492,td3fed9a23ad3918f,MISMATCH,0.8268,0.0542
uk,script,g9u17e4845,t38c3ac222d5ee3ce,same,1.0,
uk,sea,ox-g3u9e0284,tf1553bfcf782ddf5,MISMATCH,0.505,0.0694
uk,sea level,n01152,t92bd376d8db5c49d,MISMATCH,0.27,0.1005
uk,sea of clouds,n01153,t335580b4291059a0,MISMATCH,0.068,0.0574
uk,seafood,ra-g8u15e1198,t02898bdbc7b1065e,same,1.0,
uk,search,kb0577,t19c0dba203848f0a,same,0.9493,
uk,search for,n01154,t5e46dcd90e2c3ca5,MISMATCH,0.0593,0.0912
uk,seaside,ox-g6u4e0534,tf60813d1dd92b381,same,0.957,
uk,season,ox-g2u5e0133,t59662cf80c44927f,same,1.0,
uk,seat,wy-g1u6e0075,t696d9df6016d5e8e,same,1.0,
uk,seat belt,ox-g7u8e0679,t86490f69b993bed6,MISMATCH,0.3599,0.0657
uk,seattle,n01155,teb83011ccc1b0c14,MISMATCH,0.0367,0.1504
uk,second,g3u8e4006,t85647fb8432dc5f4,MISMATCH,0.0795,0.1964
uk,secondly,n01156,t5aa28490b6892f1c,MISMATCH,0.1355,0.1424
uk,secret,kb0578,t0ffde1ae45a58146,same,0.9515,
uk,secretary,ox-g5u3e0429,t5100589fbcdba808,same,0.9608,
uk,secretly,n01157,t86e7205b51b1f665,MISMATCH,0.4188,0.0671
uk,section,n01158,tac4e7a71fc1bf3bc,MISMATCH,0.0948,0.077
uk,security,n01159,t1672cd9094a5520c,MISMATCH,0.1916,0.0745
uk,security guard,n01160,t269a3fc94f87f9f5,MISMATCH,0.1628,0.0948
uk,see,g1u3e0729,teb7770dd0bb4a408,MISMATCH,0.505,0.0589
uk,see a film,g6u3e0268,te9d3d81bbf478027,MISMATCH,0.0296,0.1047
uk,see flowers,g5u11e4179,tab051bfc226fd6af,MISMATCH,0.098,0.0757
uk,seed,n01161,tb9cf2018c1629ad5,MISMATCH,0.2407,0.06
uk,seek,g4u4e5020,t604dcca6434023af,same,1.0,
uk,seem,kb0579,ta4358fc69918e421,MISMATCH,0.5802,0.0565
uk,seldom,kb0580,teaba06f4147cef3b,MISMATCH,0.482,0.0803
uk,self-driving,ra-g9u29e2014,tc119f060c6e0b214,MISMATCH,0.1071,0.1204
uk,self-improvement,n01162,t810eef3cb0e486f6,MISMATCH,0.0919,0.0858
uk,selfish,n01163,tf0133d09f905dba6,MISMATCH,0.0423,0.0827
uk,selfless,g17u3e7827,t98f89cda086f3c65,same,1.0,
uk,sell,ox-g2u7e0156,t21b27c994981c52a,same,1.0,
uk,sell out,n01164,tae488987728a02bd,MISMATCH,0.3125,0.0839
uk,send,kb0581,t40d7bfd965cdde10,same,1.0,
uk,send a short message,g5u9e4149,t94f185f8c81040f2,same,1.0,
uk,send an email,g5u9e4146,t1df628ec1b2e13a0,same,1.0,
uk,senior,n01165,tb028a96547886199,MISMATCH,0.2515,0.0425
uk,sense,kb0582,td3e5f12090ef2d03,MISMATCH,0.4631,0.0741
uk,sentence,wy-g8u1e0725,ta6956e0fa0f938e5,MISMATCH,0.5941,0.1075
uk,separate,kb0583,te29bb645643c0a3f,same,0.9477,
uk,separate from,n01166,t4d488a53dc59da1f,MISMATCH,0.0625,0.0995
uk,september,g3u6e3983,t9543b5472135cabb,same,1.0,
uk,serious,g8u3e0485,t5317432f369a36a7,same,0.9568,
uk,seriously,n01167,t7b7ed272566e1335,MISMATCH,0.2338,0.066
uk,serve,ox-g7u10e0692,t89d8adaf8d039143,MISMATCH,0.4906,0.1392
uk,service,g8u4e0496,t13e8e1c5f14480e7,MISMATCH,0.2719,0.0919
uk,serving,n01168,tfaf108829eae1ae1,MISMATCH,0.3264,0.0957
uk,serving chopsticks,n01169,t6ebba0ca86755b31,MISMATCH,0.0762,0.1189
uk,set,kb0584,tc543b88ecc6b938c,MISMATCH,0.2673,0.0667
uk,set ... free,n01170,t12033342bd4b8d23,MISMATCH,0.382,0.073
uk,set free,ra-g9u33e2232,tc4d97615cdbea84f,same,1.0,
uk,set off,n01171,t68b1dfef5db822dd,MISMATCH,0.153,0.0973
uk,set out,n01172,t99291c81313dea55,MISMATCH,0.0501,0.1031
uk,set the table,n01173,tf5b2669503071114,MISMATCH,0.2477,0.0972
uk,set up,ra-g9u32e2154,te50789469222c11b,same,1.0,
uk,settle,ra-g9u30e2073,t4a93de4605314f15,same,1.0,
uk,seven,wy-g1u3e0041,t4f29142b3f47b358,same,1.0,
uk,seventeen,g3u12e1057,t7fd32989a0050d95,MISMATCH,0.7654,0.0627
uk,seventh,g10u2e7047,t748d92be5a25db41,MISMATCH,0.1701,0.0675
uk,seventy,n01174,t91eed02379a15865,MISMATCH,0.1628,0.1251
uk,several,g8u12e0574,t6e81868d086d7ff2,MISMATCH,0.7054,0.0654
uk,shadow,n01175,tf780fdd306a91247,MISMATCH,0.2749,0.1281
uk,shake,kb0585,tc82341355464b1cc,MISMATCH,0.2201,0.063
uk,shake hands,g9u10e0677,t63edbdcb0b67378d,MISMATCH,0.3251,0.0692
uk,shall,kb0586,t42fee2607790cee4,MISMATCH,0.0535,0.1396
uk,shall i / we ...?,n01176,t2cc9f57581d43efd,MISMATCH,0.0719,0.0881
uk,shame,kb0587,tadbf89efdb9a8bdb,same,0.9895,
uk,shanghai,g12u4e5831,t978895e0412500a5,same,1.0,
uk,shape,kb0588,tdbb428aeef87fd20,MISMATCH,0.5517,0.059
uk,share,ox-g5u1e0407,t2a5065d4d4f1dc0d,MISMATCH,0.785,0.0799
uk,share sth with sb,n01177,tfb6cf4034145aab1,same,1.0,
uk,shared bike,wy-g8u4e1947,te27da16625f14a0d,same,1.0,
uk,shark,kb0589,t0e268760370acd18,same,0.9789,
uk,sharp,ra-g9u27e1932,t370eaf26fa35d46e,same,1.0,
uk,sharply,ra-g9u38e2367,t728435fadb1a2535,same,1.0,
uk,she,g2u1e0829,t06c7901ad1879d67,MISMATCH,0.4036,0.0794
uk,she likes musicians who play different kinds of music.,n01178,tdb5c6865b9c4237e,same,1.0,
uk,she said that the sad movie made her cry.,n01179,ta0ac4f7a31c183b0,same,1.0,
uk,she's = she is,wy-g2u2e0148,t012720e08b2a37ae,same,1.0,
uk,she's a doctor.,n01180,t05dc4a7bd886ee7e,MISMATCH,0.1044,0.0614
uk,she's thin.,ox-g1u6e0047,tf9746e637977523d,MISMATCH,0.3638,0.0547
uk,sheep,ox-g2u2e0081,t3ac81ffa8e296c1c,same,1.0,
uk,shelf,ox-g4u2e0319,t2e1622e7d16a32f9,same,0.9795,
uk,shell,ra-g8u20e1561,t33f64e0c91bd3bdd,same,1.0,
uk,shelter,ra-g8u11e0465,td2111046277d1784,MISMATCH,0.0373,0.0548
uk,shelves,kb0590,t0f7a49087ded10b6,same,0.9754,
uk,sherlock holmes,n01181,t3e25b924a0ed33bd,MISMATCH,0.0295,0.0713
uk,shh,n01182,t05e4ebfd5b2c5b7f,same,1.6216,
uk,shh. don't be so loud!,n01183,tb93ad16522cd5426,same,1.0,
uk,shh. talk quietly.,n01184,t12c01621a14702f9,same,1.0,
uk,shine,kb0591,t51b88f435a56b452,MISMATCH,0.4291,0.0848
uk,shiny,wy-g5u11e1090,t770f6eef7bd45d1e,same,1.0,
uk,ship,ox-g2u9e0176,tbe197656bc75ee8a,same,1.0,
uk,shirt,g1u12e0811,te35f70e4d1150639,same,0.9795,
uk,shock,kb0592,tba1e24a46a14f169,MISMATCH,0.7563,0.0616
uk,shocked,n01185,t8dc0421452d1d8da,same,1.0,
uk,shocking,wy-g8u6e2063,t5e20b92b68e54d07,same,1.0,
uk,shoe,ox-g3u8e0273,tba6d6d7ec2da6020,same,0.9837,
uk,shoes,ox-g2u9e0120,t85e8e821bb46b71c,same,1.0,
uk,shoot,kb0593,t69ea82251b9038dc,same,0.9807,
uk,shooter,ra-g9u30e2090,tddb8cc3840f90eb5,same,1.0,
uk,shop,ox-g2u7e0153,t542c46701c3c3706,same,1.0,
uk,shopkeeper,wy-g8u4e1953,t2e94fc71cc5d00cb,same,1.0,
uk,shopper,ra-g7u7e0594,t5351e156690764e1,same,1.0,
uk,shopping,ox-g3u8e0271,t266e8eeeb5622221,same,0.9887,
uk,shopping list,g3u3e3935,t5bea38e9f68e5955,same,1.0,
uk,short,ox-g1u6e0044,t1861d0984ace92d1,same,1.0,
uk,short story,g9u18e4866,t2b53fa3dc5570458,same,1.0,
uk,shortage,ox-g9u7e0908,t395ccdb0bae28e00,MISMATCH,0.8696,0.0999
uk,shorter,g6u7e0304,t998d69edc7047070,same,0.9868,
uk,shorts,ox-g2u9e0121,t4082bd95d9987a17,same,1.0,
uk,should,g3u5e3968,t3f4ffa43dd2d5da7,same,1.0,
uk,shoulder,kb0594,t59b59cb25752ae58,same,0.9883,
uk,shoulder the responsibility,wy-g9u1e2347,t518c49dd5e6b4836,same,1.0,
uk,shouldn't,g10u8e5667,ta09141a10dfbe20a,same,1.0,
uk,shout,kb0595,t11944bd820220846,MISMATCH,0.3675,0.0531
uk,shout at,n01186,ta0d2cb7365966635,MISMATCH,0.0489,0.0715
uk,show,g1u5e0749,te6a7729a1865e7ec,MISMATCH,0.8079,0.0879
uk,show interest in sth,n01187,t79eaf3aecea13ff1,MISMATCH,0.0512,0.05
uk,show sb around,n01188,tc8cf730bedbd2611,MISMATCH,0.1078,0.0831
uk,show up,g9u12e0697,ta766758bcbe4263a,MISMATCH,0.0189,0.1124
uk,show... around,g6u8e4315,t6a132e4c9464f113,MISMATCH,0.144,0.0731
uk,shower,g7u11e0443,t0e8f74c6c2930c4d,same,0.9854,
uk,shut,kb0596,t986c50172e765192,MISMATCH,0.7077,0.0401
uk,shut ... away,n01189,t0af5cbf5396d0865,MISMATCH,0.1577,0.0406
uk,shut off,n01190,tc96ba3a4b3b6e2d6,MISMATCH,0.1053,0.1183
uk,shuttlecock,n01191,t31382c57cd06ba4e,MISMATCH,0.1513,0.13
uk,shy,g5u1e0128,t9a741ec53960da8b,same,0.9883,
uk,shyness,n01192,t016eb746686c2e84,MISMATCH,0.4148,0.0564
uk,siberia,n01193,t4d8454b2e0956e1c,MISMATCH,0.0271,0.0545
uk,sick,kb0597,tdba208fa526b35e8,same,0.9394,
uk,side,kb0598,t4061e520129abfc1,MISMATCH,0.2513,0.0604
uk,sidewalk,g4u5e3928,t7293439e8e7a8681,same,1.0,
uk,sight,ox-g9u6e0894,tdbcca3b85083962c,MISMATCH,0.2216,0.0585
uk,sightseeing,ox-g7u9e0681,tf5005394bfd56761,MISMATCH,0.1048,0.0492
uk,sign,wy-g9u5e0890,t2fc2c775c5f1e988,MISMATCH,-0.4741,0.1061
uk,sign up,n01194,t6f166f02781fdc22,MISMATCH,0.0784,0.0897
uk,sign-off,n01195,te0d81eab4e7c3b79,MISMATCH,0.0774,0.0828
uk,signal,ra-g8u18e0556,t200a61354abe96ab,same,0.9671,
uk,silence,g9u4e0615,t27170e3e4b92c539,MISMATCH,0.5476,0.0979
uk,silent,kb0599,tebe2b68794acd51d,MISMATCH,0.7289,0.1248
uk,silk,kb0600,t5deb03dd927c3c99,MISMATCH,0.4085,0.0542
uk,silly,kb0601,t817578e32c56b919,MISMATCH,0.5136,0.0611
uk,silver,g9u5e0623,t474bda13fa3364ef,MISMATCH,0.6044,0.0572
uk,silver lining,n01196,t8624a58e0aeebef9,MISMATCH,0.0727,0.0507
uk,similar,kb0602,t342ec3156e28e9f0,MISMATCH,0.5556,0.0592
uk,similar to,n01197,t4d4ab81ec3aeaa44,MISMATCH,0.0156,0.0498
uk,similarity,n01198,tb101f839b143e22a,MISMATCH,0.0624,0.0631
uk,simple,kb0603,t26eb8cb2fd94178a,same,0.9589,
uk,simply,n01199,t257459f00d0428d2,MISMATCH,0.0556,0.0613
uk,since,kb0604,t1f5311bd39c6363a,MISMATCH,0.2586,0.1097
uk,sincere,ra-g9u18e0880,t29805726113f321a,same,0.9667,
uk,sincerely,n01200,t7aec632899b44ac7,MISMATCH,0.0825,0.0763
uk,sing,ox-g1u4e0027,tec27033b549e2afd,same,1.0,
uk,sing songs,g3u9e4020,t3242d03226a81bf1,same,1.0,
uk,singapore,n01201,tf6b8b0886adf0f33,MISMATCH,0.073,0.0664
uk,singer,ox-g5u3e0426,t50e71e18bf68c4e2,same,0.9494,
uk,singing,g13u9e5982,tf966ddc9c807b618,MISMATCH,0.2241,0.0821
uk,single,kb0605,t54dde0a337345236,MISMATCH,0.6866,0.0665
uk,sink,ra-g9u38e2385,tb02b0f724e6be1e9,same,1.0,
uk,sink or swim,wy-g7u8e1550,tefdf7a82a75b663a,same,1.0,
uk,sir,kb0606,td5afe66b80f965b8,same,0.9621,
uk,sister,wy-g2u2e0142,t5a4676e5cf96e20d,same,1.0,
uk,sit,wy-g1u5e0061,tc3c17e3dd60e98b2,same,1.0,
uk,sit down,wy-g3u1e0223,t23df848583804410,same,1.0,
uk,sit down!,wy-g1u5e0066,t2c556d947f61fee4,same,1.0,
uk,sit up,n01202,t8671dd30f0bfebd0,MISMATCH,0.0586,0.0854
uk,sit-up,n01203,t0076aa43fab1478f,MISMATCH,0.0766,0.0718
uk,site,ra-g8u17e1376,tdc38201b1ef530ef,same,1.0,
uk,situation,ox-g8u8e0796,t822d683c59fafd57,same,0.9722,
uk,six,ox-g1u7e0053,tfff7299500408248,same,1.0,
uk,"six yuan, or three for seventeen yuan.",n01204,t18496b0b6be97546,same,1.0,
uk,sixteen,g3u12e1056,t3f0bcadc5c50a828,same,0.9698,
uk,sixth,ra-g9u28e1986,t337952a731646d7e,same,1.0,
uk,sixty,n01205,t171e5ec39b43d60e,MISMATCH,0.1454,0.0828
uk,size,g4u12e0118,t2d3433e77d096a3a,MISMATCH,0.3378,0.0766
uk,skate,ox-g4u4e0333,t39e9b09c1ff2893f,same,0.9732,
uk,skateboard,n01206,td663b86bb9c3dc10,MISMATCH,0.0845,0.0735
uk,skateboarding,n01207,td18c10a61a90a90e,MISMATCH,0.0805,0.0726
uk,ski,ox-g4u4e0334,tcc58985a6fdc6720,same,0.9548,
uk,skier,wy-g5u7e1003,t017d761c25c1aa1a,same,1.0,
uk,skiing,wy-g8u8e2161,tbb0ee23dcdc339a4,same,1.0,
uk,skill,ox-g7u5e0646,t8f72359f6bddf53e,MISMATCH,0.338,0.1005
uk,skin,ra-g8u23e1765,t6d8aae8f42b719a1,same,1.0,
uk,skip,wy-g2u5e0144,t564e6d6857f4e9e2,MISMATCH,0.415,0.0382
uk,skipping,g14u9e6088,t3fd8cb008a23ad60,same,1.0,
uk,skirt,g4u11e0105,t06b4192dde17d3d4,same,0.9626,
uk,sky,ox-g2u10e0126,t196535177cebabb5,same,1.0,
uk,slap,ra-g9u38e2382,t058547e9ff05d100,same,1.0,
uk,slave,ra-g9u33e2230,t1b9816ca01e29735,same,1.0,
uk,sleep,ox-g2u3e0128,t57420cd3747800f0,same,0.9752,
uk,sleeping,n01208,te876b5c08d987481,MISMATCH,0.2333,0.0371
uk,sleeping bag,g8u12e4682,t0dc1d22be6e79c8c,same,1.0,
uk,sleepy,n01209,t6940549c1f02733f,MISMATCH,0.212,0.0574
uk,slept,g6u8e0319,t52ec88491e0bfe7b,MISMATCH,0.4746,0.0558
uk,slice,n01210,t04b8884585c6512d,MISMATCH,0.1426,0.0738
uk,slim,kb0607,tb4ca12cb3944fdd4,MISMATCH,0.5758,0.1407
uk,slow,kb0608,t15c19f35b0be3a48,MISMATCH,0.6833,0.0977
uk,slow down,n01211,t65dc7d2db8f8af57,MISMATCH,0.089,0.0849
uk,slowly,ra-g7u11e0878,t75e182acce57315b,same,1.0,
uk,small,g2u3e0849,t30ef576165ae0e43,same,0.9872,
uk,smaller,n01212,t57a73285948f5a51,MISMATCH,0.2673,0.1162
uk,smart,g8u3e0486,tc3fc52fa07bafbfb,MISMATCH,0.279,0.049
uk,smarter,n01213,t2d12617e5d8e2d47,MISMATCH,0.0456,0.1231
uk,smartphone,ra-g8u22e1693,t67a126e422be6600,same,1.0,
uk,smell,kb0609,t9a3e29b6077bcc7d,MISMATCH,0.6507,0.0873
uk,smelly,wy-g8u5e2003,te252b476557f5432,same,1.0,
uk,smile,ox-g4u9e0389,tcc8576ae96ea3fe5,MISMATCH,0.7629,0.0641
uk,smith,n01214,tb34124cfa4a72414,MISMATCH,0.2129,0.0738
uk,smoke,kb0610,t63d2f14e69a1f472,same,0.9682,
uk,smooth,g9u9e0662,t9f89654bc3fda7a0,same,0.9814,
uk,smoothly,wy-g9u3e2405,t5876760864fe165e,same,1.0,
uk,snack,kb0611,tc5667ad2a277e1e9,MISMATCH,0.3871,0.0701
uk,snake,g3u4e3947,t1c8b020b40ada014,same,1.0,
uk,snow,ox-g2u5e0141,td6a2cd7410c81f2a,same,1.0,
uk,snowball,ra-g8u18e1449,t8fbc46d6134ae19d,same,1.0,
uk,snowman,n01215,t4e82e2b1c36c7bd6,MISMATCH,0.2716,0.0705
uk,snowstorm,n01216,tc44fb11fb68f16f3,MISMATCH,0.206,0.0953
uk,snowy,g4u9e0086,td0230f01e234c3f7,MISMATCH,0.7601,0.0672
uk,so,wy-g2u1e0132,tb2ef8610ed55dda0,same,1.0,
uk,so far,ra-g9u2e0670,t0f1db4dd4d0c5f41,MISMATCH,0.7757,0.1572
uk,so that,n01217,t2197900bf4436f88,MISMATCH,0.114,0.0939
uk,so you don't agree with each other?,n01218,t5d5492ce00fc5296,MISMATCH,0.0718,0.0379
uk,soccer,g7u5e0381,td4a7305f54918cf1,MISMATCH,0.2088,0.0976
uk,social,kb0613,t99967ad108b88685,same,0.9439,
uk,social media,n01219,te2e58994e724695c,MISMATCH,0.1446,0.0858
uk,socialism,kb0614,t7218ce41c5f53505,MISMATCH,0.5937,0.0625
uk,socialist,wy-g9u4e2470,t2ccf399d58a6b2dd,same,1.0,
uk,society,kb0615,tc700d1f95141812c,MISMATCH,0.4681,0.0677
uk,sock,g4u11e0108,tef0dd3e9ff6c55dd,MISMATCH,0.2509,0.0643
uk,socks,g1u12e0815,tfd114d8f84b893a1,MISMATCH,0.1179,0.0499
uk,sofa,g3u12e4079,t91d354e52ddbc9ec,same,1.0,
uk,soft,kb0616,t715d83dd971db151,MISMATCH,0.2403,0.0628
uk,soft drink,n01220,tbe82bc6504d77a4b,MISMATCH,0.0698,0.0801
uk,soil,kb0617,t19ad3427413ba52a,MISMATCH,0.599,0.086
uk,solar,ox-g9u7e0904,t6713f5735bb5c11a,same,0.9595,
uk,solar panel,wy-g9u5e2497,tefcb41f988c4632d,same,1.0,
uk,soldier,kb0618,t297daf3d6e699214,MISMATCH,0.5625,0.0886
uk,solution,ox-g8u8e0794,td34d4e4e4e88f638,MISMATCH,0.82,0.0336
uk,solve,kb0619,t1bade498a3d9b0f6,MISMATCH,0.5521,0.0905
uk,some,g1u11e0809,t3ef5ff123b1914c2,MISMATCH,0.2472,0.0709
uk,some books are in / on / under the box.,n01221,td49a3718217ae644,same,1.0,
uk,some day,n01222,tc68c6ec12de5e7b3,MISMATCH,0.2501,0.0915
uk,somebody,kb0620,taf739a05da40427f,MISMATCH,0.115,0.0546
uk,someday,ra-g8u23e1768,te565b01d18473779,same,1.0,
uk,someone,kb0621,t6114d5d0a6ac3254,MISMATCH,0.4588,0.0686
uk,something,kb0622,t28c6a96ef3e4b8d8,MISMATCH,0.6938,0.0893
uk,sometime,n01223,t038473db53622fc2,MISMATCH,0.318,0.0465
uk,sometimes,kb0623,t3251fd35bba49cf0,same,0.9679,
uk,somewhere,g8u1e0468,t4667ec6be37d5c89,same,0.983,
uk,son,g7u2e0355,t917a8089905e3971,MISMATCH,0.6792,0.0689
uk,song,kb0624,te19f93a24fa44f7a,same,0.9764,
uk,soon,g3u5e3971,t1c460ae6dc89ee87,same,1.0,
uk,sore,kb0625,t924a09bd218f1247,same,0.9719,
uk,sorry,wy-g1u1e0012,t606f60ba9005f259,same,1.0,
uk,"sorry, i’m not sure how to get there.",n01224,tec3ea090c33d3ea3,same,1.0,
uk,sort,ra-g9u6e0720,t7d48e52fbb648e6a,same,0.9661,
uk,sound,kb0626,tdfee8130fe627f03,MISMATCH,0.6158,0.0589
uk,soundly,n01225,t2be79d4c3de719b8,MISMATCH,0.1943,0.0762
uk,sounds great!,n01226,tc189007bd3710f38,MISMATCH,0.0814,0.0818
uk,soup,ox-g2u3e0087,tc5b3d446074010b9,same,1.0,
uk,sour,ox-g5u4e0440,t6701e90ff8f5738b,same,0.9632,
uk,south,kb0627,t4e3cc69dde3d4787,same,0.9571,
uk,southeast,ra-g8u17e1316,tad7c6c504288d0be,same,1.0,
uk,southern,n01227,t6d551e0cd519f441,MISMATCH,0.1971,0.0992
uk,southwest,ra-g8u17e1320,t57dc67d252f965e9,same,1.0,
uk,southwestern,n01228,t27c7b15f9e6a456c,MISMATCH,0.0676,0.0695
uk,space,ox-g8u6e0771,t99af347b04c8adad,same,0.9596,
uk,space station,n01229,tc659079cbb2d1a09,MISMATCH,0.2923,0.0572
uk,spacecraft,ra-g9u12e0801,t08bec7637771959f,same,0.9741,
uk,spaceship,ra-g9u11e0781,t78d13e43a2c0fa0e,same,0.9517,
uk,spaghetti,n01230,te729b60de287a202,MISMATCH,0.1174,0.0995
uk,spain,n01231,t9f5d384bb05f5106,MISMATCH,0.2376,0.1424
uk,spanish,n01232,t1d51f3759955568d,MISMATCH,0.0634,0.085
uk,spare,g9u9e0664,tb56f30744657259f,same,0.9755,
uk,spare time,n01233,ta78d41a48f58fe44,MISMATCH,0.2363,0.1381
uk,speak,wy-g9u11e0944,te699234ac8d640c4,same,0.9743,
uk,speaker,ra-g9u7e0729,td850a88d914b700d,same,0.976,
uk,special,kb0628,tb0ddcdedae59e101,MISMATCH,0.5849,0.0623
uk,species,ox-g6u6e0557,t8fb459b9220e607a,MISMATCH,0.6643,0.0166
uk,speech,kb0629,tc5fe8e658f1bb304,same,0.9749,
uk,speed,kb0630,ta5721aea38905a2d,MISMATCH,0.7293,0.0545
uk,spell,kb0631,t7836b6c4c28bd4f1,same,0.9763,
uk,spend,kb0632,tbdfd95eddad93390,MISMATCH,0.7667,0.1577
uk,spicy,ox-g6u3e0528,t450a75ca0f85a4fb,MISMATCH,0.2925,0.0782
uk,spider,n01234,tef95233a21a7e2df,MISMATCH,0.2574,0.0743
uk,spiderman,wy-g8u7e2114,tcbaf7f689ccbfcf3,same,1.0,
uk,spirit,kb0633,ta4ac1900b6ba2425,same,0.9755,
uk,splash,wy-g6u6e1181,t7211abb58eb9ef1b,same,1.0,
uk,spoiled,n01235,t25511c2e84cd3afe,MISMATCH,0.1336,0.1183
uk,spoon,ox-g4u10e0400,t9c85b04d8a6fd16f,same,0.9817,
uk,sport,wy-g2u8e0208,tc285f8cb476dce5a,same,1.0,
uk,sports,g15u6e7675,td052b4e9b60a5e84,MISMATCH,0.2158,0.063
uk,sports centre,g4u8e3980,tbea170bc6e65b38d,same,1.0,
uk,sports day,g5u10e5172,t9a8b6cd5481e6e21,MISMATCH,0.3672,0.0597
uk,sports field,n01236,tbfdb93924ad84e0e,MISMATCH,0.2088,0.1083
uk,sports meet,g5u9e0207,t6c338168da2c4531,MISMATCH,0.2885,0.1468
uk,sportswoman,ra-g8u15e1150,t0f38b4554574c2db,same,1.0,
uk,spread,kb0634,tce32a60ccabf3390,same,0.9697,
uk,spring,ox-g2u7e0108,t78164777a0bd2782,same,1.0,
uk,spring festival,ox-g4u7e0369,t04e8cab735693086,MISMATCH,0.0712,0.0354
uk,square,ox-g4u5e0346,taa9f8e075aa60911,MISMATCH,0.5378,0.111
uk,square kilometre,n01237,t204a137f65b35cdf,MISMATCH,0.1357,0.1026
uk,squirrel,g6u11e4339,tf251ccb6ffb6b9eb,same,1.0,
uk,stadium,n01238,t0c54010adfacfe8e,MISMATCH,0.1603,0.0532
uk,staff,n01239,t738f92cfe6ee97c2,MISMATCH,0.1848,0.0916
uk,stage,kb0635,t862b22a72d9a59b6,MISMATCH,0.7092,0.1267
uk,stall,g12u4e7255,t8ea4e4158a83a71c,MISMATCH,0.3354,0.0763
uk,stamp,g9u3e0602,tcbdc51450ecaa3f0,MISMATCH,0.5331,0.0627
uk,stamps,g16u6e6254,tf70019a3d2b5f8e8,MISMATCH,0.0816,0.0559
uk,stand,wy-g1u5e0055,t07aa12bcd6734d5d,same,1.0,
uk,stand up,wy-g3u1e0221,t71228310d9812678,same,1.0,
uk,stand up!,wy-g1u5e0063,t5a940052e173d16f,same,1.0,
uk,standard,kb0636,td539e349056518de,MISMATCH,0.7993,0.0645
uk,star,ox-g2u10e0125,t4940a4ace7112032,same,1.0,
uk,stare,g9u12e0696,tc79351b8e623c713,MISMATCH,0.5057,0.0699
uk,start,kb0637,ta0261f42351509f7,same,0.9813,
uk,start over,wy-g9u5e2483,tcbd2e4b742ec06a8,same,1.0,
uk,start to buy things,g5u12e4194,tbb0c029cb37c94e0,MISMATCH,0.0375,0.0582
uk,start to speak,g5u12e4187,t7e96076c5124cf75,MISMATCH,0.1702,0.0503
uk,start to study english,g5u12e4195,t299212d8dec9426a,MISMATCH,0.0872,0.0532
uk,start to use a computer,g5u12e4196,tf3bfb40b0c21d974,MISMATCH,0.0746,0.075
uk,starter,n01240,t3c73ef485c423941,MISMATCH,0.0599,0.0922
uk,state,kb0638,t23d21f0921a2cd21,same,0.9626,
uk,statement,ra-g9u36e2304,t151086ac551e3474,same,1.0,
uk,station,ox-g2u9e0178,t5c5e0fdd716717fd,same,1.0,
uk,stay,ox-g3u9e0286,tbefed4b6d472de10,same,0.981,
uk,stay at home,g5u10e4165,ta6c83ba641133f4a,same,1.0,
uk,stay in,n01241,t2d41d8a02108d1f2,MISMATCH,0.0859,0.1176
uk,stay up,g9u7e0648,te0adb65679887326,MISMATCH,0.0633,0.104
uk,stayed,n01242,t162734bafaea8bbc,MISMATCH,0.2093,0.103
uk,steal,kb0639,t299b6fcc992e51fe,MISMATCH,0.6724,0.0567
uk,steal the show,g9u17e4847,t5d49895c641a13f4,same,1.0,
uk,steam,ra-g8u20e0579,t53eaadf1b0868e02,same,0.9711,
uk,steamed chicken soup,n01243,t6ba3d5d9d33ddb97,MISMATCH,0.1045,0.0703
uk,steamed fish,n01244,t880b9433a108c939,MISMATCH,0.0273,0.0418
uk,steel,g9u5e0622,t147dccb34da9d825,MISMATCH,0.5187,0.055
uk,stem,n01245,td7abfd994a9ae233,MISMATCH,0.1521,0.087
uk,step,kb0640,t11013979cc35d5fe,MISMATCH,0.3802,0.0556
uk,stephen,n01246,t12be90343b2a4a80,MISMATCH,0.0907,0.0769
uk,stepmother,ra-g9u33e2220,t87b29b7914578678,same,1.0,
uk,steve,n01247,t1d0d713cda1a28ae,MISMATCH,0.1838,0.0357
uk,stick,kb0641,te1f276dd97e85c33,same,0.942,
uk,stick to,n01248,tb9a77558360b9cb1,MISMATCH,0.1282,0.1349
uk,stick to sth,n01249,t96c42fbab949c02c,MISMATCH,0.087,0.1363
uk,sticky,ra-g8u21e1631,t2f5451f2f5b9f7e5,same,1.0,
uk,still,kb0642,taf24db6ee21dae4f,same,0.9733,
uk,stir,ra-g8u20e0581,td6bcc508d08fd11f,same,0.9753,
uk,stir-fry,n01250,tda2b1c8e667ef945,MISMATCH,0.1235,0.1028
uk,stockholm,n01251,tc9f84717bed5b274,MISMATCH,0.0781,0.0844
uk,stomach,kb0643,tac2b55de4975bdc4,same,0.9746,
uk,stomach ache,g8u4e5426,t7d9af76b219bedad,MISMATCH,0.1278,0.0841
uk,stomachache,g8u11e0564,tf7d281de426598a9,MISMATCH,0.3781,0.0862
uk,stone,ox-g4u6e0354,te332abfd2276af8e,same,0.9815,
uk,stonehenge,n01252,t8516d3a9e21652eb,MISMATCH,0.1266,0.1109
uk,stop,kb0644,tc97ab12a173a72d9,same,0.9443,
uk,stop ... from doing,n01253,te37b66cf79e6f45a,MISMATCH,0.2335,0.0412
uk,stop short,n01254,t1aea2da7c222435f,MISMATCH,0.0766,0.1016
uk,store,kb0645,t1449b205c39bd750,MISMATCH,0.6579,0.1069
uk,stork,ra-g8u24e1802,tc99b3ef83a98578f,same,1.0,
uk,storm,ox-g7u4e0638,t1f5281f95d99769e,same,0.9905,
uk,stormy,n01255,t3dbcc24eb873c777,MISMATCH,0.4812,0.1212
uk,story,wy-g7u12e0711,t8d12770989ebff0a,same,0.9841,
uk,storyteller,g9u17e4844,tcc331cfcf02126f7,same,1.0,
uk,stove,n01256,tae91c9eb490a8484,MISMATCH,0.2863,0.1141
uk,straight,wy-g4u1e0303,t79974be4857d7686,MISMATCH,0.6497,0.064
uk,straightforward,n01257,t1ec927433836c049,MISMATCH,0.1562,0.1168
uk,strange,kb0646,t32e5c9129ad0c554,same,0.9884,
uk,stranger,g9u2e0593,t4d4bf23310dd0bc0,same,0.9881,
uk,strategy,ra-g8u24e1803,t44e70925794b0383,same,1.0,
uk,strawberry,g7u6e0394,t2bef16911549d160,MISMATCH,0.8021,0.0973
uk,street,ox-g4u5e0342,t050bff8364730097,MISMATCH,0.5832,0.0531
uk,strength,n01258,t1c8bc1a356508033,MISMATCH,0.1345,0.0578
uk,stress,ox-g8u2e0736,t7662756b0cb3b4f2,MISMATCH,0.4456,0.0576
uk,stressed,wy-g8u2e1855,td479c23fc5fc5c26,same,1.0,
uk,strict,g5u1e0125,tb62abb038cf5bd1a,same,0.971,
uk,string,ra-g8u14e1071,t17506bcdfa1947d6,same,1.0,
uk,stroke,n01259,ta9b99764f1c11699,MISMATCH,0.1607,0.0733
uk,strong,g4u3e0025,tfdd36f380fd2842d,same,0.9912,
uk,stronger,g6u7e0308,t18ebca77195856b5,MISMATCH,0.6693,0.0667
uk,structure,n01260,tcfd86433b7387032,MISMATCH,0.1013,0.1215
uk,stuck,wy-g9u6e2518,t20c57dc7d399710a,same,1.0,
uk,student,g3u7e1006,t0d712b3899c03f7a,MISMATCH,0.5958,0.0224
uk,study,g3u12e4076,tf66525ba298d0bc5,same,1.0,
uk,style,kb0647,t04f21bf199b7526d,MISMATCH,0.5946,0.1191
uk,subject,g7u9e0421,t424a6019148f8b33,same,0.9701,
uk,submersible,n01261,t3520791844007079,MISMATCH,0.2318,0.0505
uk,subway,ra-g7u13e0160,t86caa71b6988c872,MISMATCH,0.7219,0.1235
uk,succeed,kb0648,t42e152ace7ac418f,MISMATCH,0.5982,0.0465
uk,succeed in doing sth,n01262,t3bb26a842044c929,MISMATCH,0.1297,0.0314
uk,success,ox-g9u12e0957,tc754461bab53915b,MISMATCH,0.1142,0.0465
uk,successful,ox-g7u5e0648,t9cd8f015a671163a,MISMATCH,0.6266,0.0444
uk,successfully,n01263,t65da9d1bb57474b3,MISMATCH,0.1043,0.0437
uk,such,kb0649,tf20683fc5e68d445,MISMATCH,0.1341,0.0575
uk,such as,wy-g7u11e1712,tc5957f1c9f4c3a1d,same,1.0,
uk,sudden,kb0650,t0cb752568a8af948,same,0.9668,
uk,suddenly,wy-g8u7e0790,t4e2aa1ab8c6affe9,MISMATCH,0.6976,0.1064
uk,suffer,kb0651,te6d56eee7b0647f5,MISMATCH,0.2347,0.068
uk,suffer from,n01264,tda0a0530e581ebd1,MISMATCH,0.0381,0.0783
uk,sugar,g8u8e0534,t70b85255e66a71a2,MISMATCH,0.7004,0.0524
uk,suggest,g9u3e0606,tcbd947fc00ca12e1,MISMATCH,0.4835,0.0724
uk,suggestion,wy-g9u4e0877,t5026ae1b068ac33c,MISMATCH,0.6288,0.078
uk,suit,kb0652,t27940d2e53017d6e,same,0.955,
uk,summary,ox-g9u12e0952,tfd3e4b26698c71de,MISMATCH,0.418,0.0503
uk,summer,ox-g2u7e0109,t0b37e19e01a17175,same,1.0,
uk,summer camp,wy-g5u7e1005,tc40d51388baed8b8,same,1.0,
uk,summer palace,g10u7e5661,t2fc9d55ca4dab328,MISMATCH,0.1428,0.0393
uk,summer vacation,g4u9e4005,tdd7b4f205c40ffca,same,1.0,
uk,summer.,n01265,t4598ef99261f1c34,MISMATCH,0.2857,0.0828
uk,sun,ox-g2u10e0123,t5a2f1f173d87f0e2,MISMATCH,0.3818,0.0806
uk,sunbathe,n01266,t980a17f065753505,MISMATCH,0.266,0.0619
uk,sunday,g2u12e0937,t84bfce5a45ed8c10,same,0.9822,
uk,sunflower,wy-g4u10e0842,t72fda6a126c47dc6,same,1.0,
uk,sunglasses,g4u12e0114,t2d5a2db00fc83824,same,0.974,
uk,sunless,wy-g7u7e1493,t32b534045b10415a,same,1.0,
uk,sunlight,n01267,tc1971d126cc9be8f,same,1.0,
uk,sunny,ox-g2u8e0112,t8c0acd5a3baf2c07,same,1.0,
uk,sunrise,ra-g8u16e0529,td8a87ce3cf0a2b6a,same,0.9738,
uk,sunset,n01268,t293d91ed40bb4c50,MISMATCH,0.1473,0.084
uk,sunshine,ra-g9u30e2078,t8a1af8de0be8f1a9,same,1.0,
uk,superhero,n01269,t5d873bc526d51d67,MISMATCH,0.3735,0.0626
uk,superman,wy-g8u2e1828,td858d8e072b42aa1,same,1.0,
uk,supermarket,ox-g2u7e0154,t45dc0a4ff006cabd,same,1.0,
uk,superstorm,ra-g8u21e1648,t2ffd8f848c3aa205,same,1.0,
uk,supply,n01270,tc0a2b4d50c0abff2,MISMATCH,0.2061,0.0931
uk,support,ox-g6u10e0595,t7e038954d18639c4,MISMATCH,0.7525,0.0977
uk,supporting,g9u17e4848,t2182409ba32b5895,same,1.0,
uk,suppose,g9u10e0671,t1046916de1f01a3a,MISMATCH,0.7356,0.0909
uk,sure,g1u9e0788,tea67c469a824dd02,MISMATCH,0.2854,0.0904
uk,sure. here you are.,n01271,t1fd630c2216d48f1,MISMATCH,0.0257,0.0569
uk,sure. let's go to the clothes shop.,n01272,t21aa06c1cba73675,same,1.0,
uk,sure. there’s a supermarket down the street.,n01273,tab202272ff9bc164,same,1.0,
uk,surely,n01274,t1222755d2b14bf92,MISMATCH,0.1402,0.1017
uk,surface,kb0653,t46b1076b8b567e0d,MISMATCH,0.4662,0.0707
uk,surfboard,wy-g7u8e1557,t0664ded7c11cb5e9,same,1.0,
uk,surfer,wy-g7u8e1551,tae106561e18e9e34,same,1.0,
uk,surfing,wy-g7u8e1555,t475b414afe28c0f9,same,1.0,
uk,surprise,kb0654,tf1837bbc3917d546,MISMATCH,0.7312,0.066
uk,surprised,ox-g5u9e0483,t6a48939a02f72a70,MISMATCH,0.1757,0.0463
uk,surprising,n01275,ta36e8cefacfbdfa6,MISMATCH,0.2451,0.0673
uk,surprisingly,wy-g7u12e1728,ta70cf3bae058e1ef,same,1.0,
uk,survey,kb0655,t0c82059ee43809ce,MISMATCH,0.0384,0.1162
uk,survive,kb0656,t600e945f3d232f2e,same,0.9721,
uk,survivor,wy-g8u6e2105,t411d004095b8dcdf,same,1.0,
uk,susan,n01276,t6a756c9df5c858d8,MISMATCH,0.1136,0.0434
uk,sushi,n01277,t488d9e5ac99527a5,MISMATCH,0.1478,0.0449
uk,swam,g5u11e4174,t2e7587977679ec42,same,1.0,
uk,swan,n01278,t8d241f062045d398,MISMATCH,0.0523,0.124
uk,sweat,wy-g8u7e2117,t2983327ac211499e,same,1.0,
uk,sweater,g3u5e3964,tffe4e0aca15065c1,same,1.0,
uk,sweep,ox-g4u10e0392,td1498a0cb0384dc9,same,0.9634,
uk,sweep the floor,g5u6e4104,tf9451e22ffdfe929,same,1.0,
uk,sweet,ox-g2u5e0098,t603de84ac88aeb3c,same,1.0,
uk,sweetly,wy-g8u12e2280,t1043f1c770916af7,same,1.0,
uk,sweetness,n01279,t86c102bfe5678212,MISMATCH,0.2136,0.033
uk,sweets,wy-g2u9e0216,t02ea3ea88844a79f,same,1.0,
uk,swim,ox-g2u5e0142,t6b4f5986c8ccbe2d,same,1.0,
uk,swimmer,n01280,t3a8681cbfcde069b,MISMATCH,0.4488,0.0866
uk,swimming,wy-g2u7e0200,t7d9726a170027dcc,same,1.0,
uk,swimming pool,ra-g7u11e0884,tcef28bdc6165d04e,same,1.0,
uk,swing,ra-g8u23e1753,te394c3a98cbc3cb4,same,1.0,
uk,sydney,n01281,t313f19919011d5d4,MISMATCH,0.1559,0.0479
uk,symbol,kb0657,t73ccd5335c09cf35,same,0.9715,
uk,system,n01282,ta99cf92e270b8f04,MISMATCH,0.1392,0.0439
uk,t-shirt,ox-g2u9e0118,t7ef646e0f075881e,same,1.0,
uk,table,g7u4e0371,teb91bc5ed9e0514f,same,0.9148,
uk,table manners,n01283,t99087c8740fa556d,MISMATCH,0.2766,0.0827
uk,tablespoon,n01284,tc4155c6de5e621d0,MISMATCH,0.2225,0.0534
uk,tablet,ra-g8u22e1694,t83d845772e1c0d92,same,1.0,
uk,tai,g14u1e7401,t0a1ada90e98b1987,same,1.0,
uk,tai chi,ra-g7u4e0402,t7bed5526dfcc038a,same,1.0,
uk,taikonaut,n01285,t0addd44dc20d2e8a,MISMATCH,0.4742,0.0805
uk,tail,g3u4e3952,t7fdf4f97719928d5,same,1.0,
uk,take,kb0658,t56f8b57ef1561346,MISMATCH,0.8705,0.119
uk,take a dancing class,n01286,t877d3cbc80ba7cb3,same,1.0,
uk,take a deep breath,g6u6e0298,t3079efe6d577408e,MISMATCH,0.0835,0.0254
uk,take a message,n01287,t21367b0f1d6d2411,MISMATCH,0.045,0.0758
uk,take a photo,n01288,t3b8bb8a7f5a1bda1,MISMATCH,0.0667,0.0901
uk,take a seat,n01289,tad44233d8da98390,MISMATCH,0.2429,0.037
uk,take a shower,g7u11e0447,t1cd1601a1acf34d4,same,0.9992,
uk,take a walk,n01290,t3da16b18588f7c94,MISMATCH,0.1652,0.0683
uk,take action,n01291,t0e14d629ffffeb11,MISMATCH,0.1064,0.0599
uk,take back,n01292,tfa465b8a531dfbb6,MISMATCH,0.1251,0.2216
uk,take care of,n01293,t17363e6e74a37b5c,MISMATCH,0.0339,0.068
uk,take notes,g9u1e0588,t7a21cab21d2ee0fc,MISMATCH,0.0317,0.0414
uk,take off,n01294,t5ba130a22e47ab8c,MISMATCH,0.1062,0.0941
uk,take one's breath away,n01295,t93d7a8487c2182fb,MISMATCH,0.0468,0.0902
uk,take one's time,g9u18e4867,t269d25e7b994c090,same,1.0,
uk,take out the rubbish,g5u6e4105,t070ef5f21b953aa4,same,1.0,
uk,take over,n01296,t1f318d612d2f08eb,MISMATCH,0.0382,0.0831
uk,take part in,ra-g8u3e0359,t259c30fc0938e6e5,same,0.998,
uk,take photos,n01297,t73565629855b3a93,same,1.0,
uk,take pictures,g5u5e5126,t153a1709a6bb2a6b,MISMATCH,0.251,0.0566
uk,take place,n01298,tcafc1d4fd7395bfa,MISMATCH,0.3593,0.0929
uk,take pride in,n01299,t3c53db942c6066ca,MISMATCH,0.1687,0.0572
uk,take sb's temperature,n01300,t03ec56ff99b3ba2a,MISMATCH,0.1371,0.0893
uk,take turns,g5u12e0238,tf7d2f88c7a1ca8b0,MISMATCH,0.3448,0.0661
uk,take up,n01301,tb69a5a8ea3361b3e,MISMATCH,0.1345,0.0774
uk,takeaway,n01302,td236b6ff60377df1,MISMATCH,0.1941,0.1278
uk,taklimakan,n01303,ta8ab668c95b9c49e,MISMATCH,0.1963,0.1692
uk,tale,ra-g9u34e2265,ta7d3a681c6886013,same,1.0,
uk,talent,kb0659,t1eb9efab1f7652bc,same,0.9832,
uk,talented,ra-g9u35e2288,ta2e04d1067f82b05,same,1.0,
uk,talk,kb0660,t6db46865dd0f7dd2,MISMATCH,0.1402,0.1182
uk,talk about,g6u10e4329,t8d713e11bb1ec166,same,1.0,
uk,talk back,n01304,tef457cfd07992790,MISMATCH,0.1246,0.2366
uk,talk quietly,g5u12e0237,t61ef50cc460bbda4,MISMATCH,0.0218,0.0931
uk,tall,ox-g1u6e0043,tf7b9563be87fcc83,same,1.0,
uk,taller,g6u7e0303,t751f9458ac238821,same,0.9942,
uk,tap,kb0661,te87067575be284db,MISMATCH,0.8207,0.068
uk,tape,kb0662,t3c13f0a9fe17a6db,MISMATCH,0.8621,0.1046
uk,task,ox-g8u2e0734,tcd1316de291584de,MISMATCH,0.7815,0.0573
uk,taste,ox-g6u3e0526,ta49eeed1c28bc5cd,MISMATCH,0.6356,0.0741
uk,tasty,ra-g7u12e0918,teff5c8dfe0fb86d3,same,1.0,
uk,taxi,ox-g2u9e0174,tc612d250a4511e1e,same,1.0,
uk,taxi driver,g4u6e3942,t2b1d1802c1e82070,same,1.0,
uk,tea,g5u3e0145,tba6587c1bb84c490,MISMATCH,0.804,0.1158
uk,tea party,g7u3e5311,t3b098d8076d48fe9,same,1.0,
uk,tea plants are grown on the sides of mountains.,n01305,t85e9432308e9f595,same,1.0,
uk,teach,kb0663,tc5f5d0e0c079e544,MISMATCH,0.8039,0.0263
uk,teacher,wy-g1u6e0076,t963f3a1010bbb789,same,1.0,
uk,teacher's day,g5u8e4131,t74fd1bf53d4f25c7,MISMATCH,0.088,0.0724
uk,teaching building,wy-g7u0e1202,t6c5369bbf9b0d719,same,1.0,
uk,teahouse,wy-g8u5e0762,t18b2afc3d44e129e,MISMATCH,0.8983,0.0784
uk,team,ox-g3u10e0296,tdd68ab534a96f7f9,same,0.9807,
uk,teammate,n01306,td2de0eaf6ec4ed27,MISMATCH,0.5814,0.0563
uk,teamwork,kb0664,ta399a8fe8d117968,same,0.934,
uk,tear,n01307,t5528ed82a5d1c328,MISMATCH,0.3018,0.0965
uk,teaspoon,wy-g5u1e0914,tbfc809d9b9e0745a,same,1.0,
uk,technological,ra-g9u29e2022,t87342a6beb7c528d,same,1.0,
uk,technology,wy-g9u5e0886,t24138b7f7b6da80d,MISMATCH,0.8865,0.0554
uk,teen,n01308,td003567078de836c,MISMATCH,0.3342,0.0926
uk,teenage,kb0665,t18d2153fea30feb3,MISMATCH,0.3136,0.0823
uk,teenager,g9u7e0641,t04ce62b0da69bbb8,same,0.9279,
uk,teenagers should not be allowed to have part-time jobs.,n01309,td017be1de07840e4,same,1.0,
uk,teeth,kb0666,t848cb33dd68d54f7,same,0.9798,
uk,telegraph,ra-g9u33e2213,t30cb55c69b52f665,same,1.0,
uk,telephone,g9u6e0633,te60a709ca538a90d,same,0.9355,
uk,telescope,n01310,t3203265906070fd5,MISMATCH,0.226,0.1065
uk,television,g13u6e7371,t142d03e87301d60a,same,1.0,
uk,tell,kb0667,t1b3063b738baaea3,MISMATCH,0.0324,0.1133
uk,tell the truth,n01311,taf9c0fdcf531568d,MISMATCH,0.1473,0.0767
uk,"tell us about your school, please.",n01312,t8f2fac40da034314,same,1.0,
uk,temper,n01313,t9291f5e6e676912f,MISMATCH,0.4375,0.1076
uk,temperature,ox-g7u4e0633,t536baa1232525fe8,same,0.9761,
uk,temple,n01314,t76335f479a63360c,MISMATCH,0.1272,0.0723
uk,ten,wy-g1u3e0044,t953cea8d170fcaff,same,1.0,
uk,tennis,g7u5e0384,tc393b4d52ea8936e,MISMATCH,0.6745,0.0714
uk,tense,ra-g8u23e1750,t27320763fdc53cb4,same,1.0,
uk,tent,wy-g6u9e0582,t9228fa30f56cf25f,MISMATCH,0.8397,0.0611
uk,tenth,g10u2e7049,t594ea535ad6adfdf,MISMATCH,0.0838,0.1603
uk,term,ox-g6u8e0571,tad3f659077ea9385,MISMATCH,0.8375,0.1091
uk,terrace,ra-g8u17e1348,tfb56ec27afd1f4f8,same,1.0,
uk,terracotta warriors,n01315,t323ff01b5d9f959b,MISMATCH,0.0698,0.0566
uk,terrible,g8u1e0465,t6b09a4a4f6075def,same,0.9266,
uk,terribly,n01316,t6f5d8d14d02d2ddc,MISMATCH,0.1654,0.1013
uk,test,ox-g4u1e0309,t96ad3bb4a2d666d3,MISMATCH,0.5768,0.0765
uk,text,kb0668,td7f35fa228381a1c,MISMATCH,-0.0181,0.0782
uk,text message,n01317,t35f7c2c9b8bab1ed,MISMATCH,0.1831,0.0599
uk,textbook,g9u1e0583,t3bf300c844c7ee2e,same,0.9853,
uk,thai,n01318,tac0bf430b7de0ca4,MISMATCH,0.1423,0.0984
uk,thailand,n01319,tb5e6471d22eadd80,MISMATCH,0.1635,0.1018
uk,than,kb0669,t03ddb2bf0c04e6c3,MISMATCH,0.1449,0.1221
uk,thank,wy-g1u9e0107,t733b82327180dbd1,same,1.0,
uk,thank you,wy-g1u1e0014,tee88308fb6ddc19c,same,1.0,
uk,"thank you, chen jie.",n01320,tadaa05ee97ff4571,MISMATCH,0.1009,0.0312
uk,thank you.,ox-g1u2e0017,t07955490a8910742,same,1.0,
uk,thankful,ox-g6u10e0600,t4ea09aa2ef2755de,same,0.9663,
uk,thankfully,n01321,tf5c61eca0dd530b6,MISMATCH,0.2065,0.0829
uk,thanks,g1u11e0806,t12873cba1873b31f,same,0.9743,
uk,thanks to,n01322,tbcb29e41ca69e275,MISMATCH,0.1242,0.0498
uk,"thanks, sarah.",n01323,td89703af8d35f0c9,MISMATCH,0.1084,0.0491
uk,thanksgiving,wy-g6u2e0517,t58b5140a2f8c90dc,same,0.9812,
uk,that,g3u7e4000,t1fb45d0ad08e2476,same,1.0,
uk,that's a dog / cat.,wy-g1u6e0081,t0b7f6dae51b63438,MISMATCH,0.0286,0.0731
uk,that's an important job too!,n01324,td121fec2e1486bb0,MISMATCH,0.162,0.0418
uk,that's enough,wy-g5u1e0898,t48cd48e158c613ae,MISMATCH,0.1949,0.0457
uk,"that's our new neighbour, amy.",n01325,tf9fd416d7f8e6ed3,same,1.0,
uk,"that's ten yuan, please.",n01326,t7018cbda9741936f,MISMATCH,0.0606,0.0273
uk,that's the tallest dinosaur in this hall.,n01327,tab6fb6c2e5261cfe,same,1.0,
uk,the,g1u7e0768,t5edaab6c90973a2e,same,0.9978,
uk,the adventures of tom sawyer,n01328,ta912e9955b69fbc5,MISMATCH,0.0733,0.055
uk,the air is badly polluted.,n01329,t3dd65207ceded3f1,same,1.0,
uk,the arctic ocean,n01330,t837bb3ac044b4cea,MISMATCH,0.2537,0.0883
uk,the asia-pacific area,ra-g9u29e2024,t7a0ac7999b5830c1,MISMATCH,0.2123,0.0506
uk,the british museum,g6u2e4228,t4f964d807ff2906c,MISMATCH,0.1069,0.1213
uk,the cn tower,g6u2e4229,t922322d24b9b01c2,MISMATCH,0.072,0.0599
uk,the early bird catches the worm.,n01331,tc928f53a684111ed,MISMATCH,0.079,0.0656
uk,the elderly,n01332,tba913c5410d661fa,MISMATCH,0.1619,0.0856
uk,the final problem,n01333,t38bc05451d230a66,same,1.0,
uk,the finishing line,wy-g7u8e0348,t3398ba6ad792ab7d,same,0.9979,
uk,the fruit of,wy-g9u3e2400,t7bdab570e51a3fad,same,1.0,
uk,the gala started at eight o'clock in the evening.,n01334,t16097da09971a875,same,1.0,
uk,the great wall,n01335,t8afbdf6b93518463,MISMATCH,0.1401,0.0703
uk,the little match girl,n01336,t2fe1ddd337862ace,MISMATCH,0.0857,0.0633
uk,the little prince,n01337,tfdb1922e90389ce9,MISMATCH,0.1151,0.0442
uk,the london eye,g6u2e4237,tc1783c0ebdad0479,MISMATCH,0.1111,0.0992
uk,the loud music makes me nervous.,n01338,t47c70d9071f13a57,same,1.0,
uk,the matter,g3u2e3913,ta0db1fad28e1be52,same,1.0,
uk,the more ... the more ...,n01339,t18ea2cfe8594e7c1,MISMATCH,0.3336,0.0715
uk,the movies,n01340,tf44d7605bc99ca5c,MISMATCH,0.0685,0.0318
uk,the old man and the sea,n01341,t6326dbfe4d8d99fe,same,1.0,
uk,the olympics,n01342,t3c859ae84cef5941,MISMATCH,0.0966,0.0404
uk,the opera house,g6u2e4231,t9067c9a742098aca,MISMATCH,0.095,0.1893
uk,the potala palace,g6u1e4205,t59103d866ac9b942,MISMATCH,0.0261,0.0554
uk,the red army,n01343,td11717100879d739,MISMATCH,0.1128,0.115
uk,the river used to be so clean.,n01344,t3e528cae902437a5,same,1.0,
uk,the romance of the three kingdoms,n01345,tbc4348a1e0fd7bbe,same,1.0,
uk,the secret garden,n01346,t2ac6bedbe148f39e,MISMATCH,0.0641,0.1285
uk,the silver screen,wy-g8u1e1811,td1b998fab1a90541,same,1.0,
uk,the stone forest,g5u11e4176,te1e385784e182581,MISMATCH,0.0899,0.0431
uk,the summer palace,g6u1e4206,tc2b3405cc28e41da,MISMATCH,0.1244,0.0659
uk,the taikonauts get up early in the morning.,n01347,t0bf01d8b23135b9c,same,1.0,
uk,the terracotta army,g6u1e4207,t6da0329e39bd5e08,MISMATCH,0.1015,0.1266
uk,the three-body problem,n01348,t4331ab763eded6c8,MISMATCH,0.0904,0.0303
uk,the time machine,n01349,tbc93d8007c58e736,same,1.0,
uk,the uk,g4u12e4030,t5921471602df7e73,MISMATCH,0.0733,0.1219
uk,the usa,g4u12e4031,te3f95b473e0d4b5b,MISMATCH,0.1114,0.1018
uk,the victory museum,n01350,tbbc8e4d422bfad3e,MISMATCH,0.1068,0.0604
uk,the white house,g6u2e4232,t1f5537a126e6d2dc,MISMATCH,0.0764,0.0524
uk,the wonderful wizard of oz,n01351,t62d6d6a546127245,MISMATCH,0.1214,0.0696
uk,the world cup,g8u7e4543,t08db138bb060025f,MISMATCH,0.1549,0.113
uk,the writer wrote a lot of famous stories.,n01352,t796dbaf3e25925e3,same,1.0,
uk,the yangtze river,g6u1e4218,t5b41a17a55c123c4,MISMATCH,0.0866,0.0551
uk,the yellow picture is mine.,n01353,t7840147e4ee228f4,MISMATCH,0.1169,0.0627
uk,theatre,ox-g5u2e0413,t0b2f7eb47f46823b,MISMATCH,0.0917,0.0727
uk,their,wy-g2u3e0155,tb6619388b843c449,same,1.0,
uk,their children swim in the pool.,n01354,t2e4641b592d2c0b7,MISMATCH,0.1462,0.0603
uk,theirs,g5u11e0226,t02023f4e161e538e,MISMATCH,0.8262,0.115
uk,them,kb0672,t9d06bb6b16f43e42,MISMATCH,0.1856,0.1675
uk,themselves,kb0673,t65c8d69b8166013f,same,0.9709,
uk,then,kb0674,t50b847e13c7ac372,same,0.9432,
uk,then spring comes again.,n01355,t6f23f654b8160b5e,same,1.0,
uk,theory,n01356,teda41a7b9466bf30,MISMATCH,0.4705,0.1513
uk,there,kb0675,t73001216b5a484df,same,0.9977,
uk,there are also many rivers in the nature park.,n01357,tef00b3f1b5453f8b,same,1.0,
uk,there are many people.,n01358,tc762ca8e04220567,MISMATCH,0.1837,0.08
uk,there is,wy-g6u1e0507,t2ca3f12e0ed392de,MISMATCH,0.0487,0.1028
uk,there is a gym too.,n01359,t3a0c2259009fa73c,MISMATCH,0.1235,0.0644
uk,there is a playground. we often play there.,n01360,t2883ec1b7ebd6324,same,1.0,
uk,there is a taijiquan club.,n01361,tbf6b0530a97fb981,MISMATCH,0.1785,0.0774
uk,there was no library in my old school.,n01362,t7f30e561f9eb497e,same,1.0,
uk,there were no computers or internet in my time.,n01363,t9725629b24e7ed58,same,1.0,
uk,there will be heavy rain in the afternoon too.,n01364,te0a25f92906bc16a,same,1.0,
uk,therefore,kb0676,tee835a06f463be17,same,0.9444,
uk,these,wy-g2u4e0167,t3b300b5260d801c2,same,1.0,
uk,these are my eyes.,wy-g2u4e0170,t0d6c60d241f5f05f,same,1.0,
uk,they,g3u8e4011,t145f912c05807ea2,same,1.0,
uk,they are fat.,wy-g2u5e0183,t18a7b3b4d2d20117,MISMATCH,0.1633,0.0429
uk,they both have long hair.,n01365,t30ae389a50cfe72e,same,1.0,
uk,they love each other.,n01366,t4ff5ad37ddcf47e2,MISMATCH,0.1761,0.0778
uk,they're = they are,wy-g2u5e0171,tceee96b182233425,same,1.0,
uk,they're eating lunch!,n01367,ta2b92fdc071edd80,MISMATCH,0.1606,0.055
uk,they're grapes.,n01368,t1a45c3c091c2a671,same,1.0,
uk,they're tomatoes.,n01369,t29c626e712c51d39,same,1.0,
uk,thick,kb0679,tf608ce2804f572fb,same,0.9577,
uk,thin,ox-g1u6e0042,t1ed8571503df1fcb,same,1.0,
uk,thing,ox-g2u7e0161,tc15804b5dbc86574,same,1.0,
uk,think,wy-g9u2e0860,t64378818169619da,same,0.9714,
uk,think about,n01370,t5db341499b6e9fd3,MISMATCH,0.0322,0.0758
uk,think about happy things.,n01371,te77b40842102d01e,MISMATCH,0.105,0.0783
uk,think of,g9u6e0637,tb5ed9a01e8376b16,MISMATCH,0.1584,0.1014
uk,thinker,ra-g9u14e0824,taef0d67c5337fc20,same,0.9976,
uk,thinking,n01372,t9df5f93e089ec9b4,MISMATCH,0.5783,0.0708
uk,thinner,g6u7e0307,t8ea29e3b37bbf6c5,same,0.9976,
uk,third,g3u8e4007,ta81a016489faa182,same,1.0,
uk,thirdly,n01373,tcd94af35bd1f2564,MISMATCH,0.2513,0.1242
uk,thirsty,g1u11e0805,t72d4885fbdbe44cb,same,0.9875,
uk,thirteen,g2u10e0915,t110993f688ce65e5,same,0.9216,
uk,thirteenth,ra-g7u5e0509,t6f7e10d1ce171764,same,1.0,
uk,thirtieth,n01374,t3bc4197ffdc7d432,MISMATCH,0.2983,0.0893
uk,thirty,g2u10e0919,t0656db57d6488a22,same,0.9692,
uk,this,wy-g1u6e0070,tb695f1b5be4f81a5,same,1.0,
uk,this boat is cool.,n01375,tc1d2126ddfbb6622,MISMATCH,0.1258,0.0736
uk,this is her bag.,wy-g2u3e0160,t57f64bb957e9dcfa,MISMATCH,0.096,0.0886
uk,this is my classroom.,wy-g1u6e0080,t12eec4b140e443b4,MISMATCH,0.0672,0.0435
uk,this is my father.,ox-g1u5e0038,t0229c87fa7a85859,same,1.0,
uk,this is my friend.,wy-g2u2e0149,tc0f8b506f6eff85d,MISMATCH,0.0997,0.0519
uk,this is my grandma.,n01376,t37b774bfa6bacd0a,MISMATCH,0.1645,0.0577
uk,this is my mother.,ox-g1u5e0039,t12e3425e1228a703,same,1.0,
uk,this is my ruler.,wy-g1u7e0091,t937c74d06bc35d90,same,1.0,
uk,this morning,g10u3e5622,td4bc86892a022b48,MISMATCH,0.1068,0.0484
uk,this saturday,g12u1e5800,tf10c7d367bd4dc5d,MISMATCH,0.174,0.0695
uk,this weekend,g12u8e5871,tc4c27baeec434ea8,same,1.0,
uk,thompson,n01377,t5d9b20311396f0ad,MISMATCH,0.2122,0.0779
uk,those,kb0680,t6ec093e5503a172d,MISMATCH,0.8801,0.1624
uk,though,kb0681,td895cf96698a019d,same,0.9986,
uk,thought,kb0682,t748b5abccab79b44,same,0.9968,
uk,thousand,ox-g8u4e0751,t80f46a2b16e4664e,same,0.94,
uk,thousands of,ra-g9u15e0845,t970edd90ed325174,same,0.9879,
uk,three,ox-g1u7e0050,t32b5d0aefab6439e,same,1.0,
uk,three times a week,g4u11e4027,t1d728a2acf9185be,same,1.0,
uk,throat,kb0683,t1def206b91b2ec91,MISMATCH,0.4543,0.0748
uk,through,kb0684,ta5eaa7a6e3208710,same,0.9995,
uk,throughout,ra-g9u7e0728,t1cc585c7b253b24c,same,0.9961,
uk,throw,ox-g5u5e0445,t7fcf0205c44b0546,same,0.9988,
uk,throw away,n01378,t8c485bdc6681a358,MISMATCH,0.1655,0.171
uk,thunder,ox-g4u3e0329,t7d16cac167886159,same,0.9977,
uk,thursday,g5u2e0134,td53f0d15265bf404,same,0.9923,
uk,tiananmen,g10u7e5660,t0306be819f1ac653,same,1.0,
uk,tick,ra-g9u26e1899,tf73f0d1f4c6b1c49,same,1.0,
uk,tick-tock,wy-g3u12e0556,t1cdf0c4cb1a5d44e,MISMATCH,0.0697,0.0637
uk,ticket,g8u4e0495,td2792d4aafe87990,MISMATCH,0.8578,0.1
uk,tide,wy-g7u11e1695,td74e032ba934b2e6,same,1.0,
uk,tidy,ox-g4u2e0320,t1ef4f173e0dea126,same,0.9933,
uk,tidy the desk,g5u6e4102,t48c80a9c26f25364,same,1.0,
uk,tie,kb0685,t2c632bbe9806001f,MISMATCH,0.3212,0.0779
uk,tiger,ox-g1u10e0072,tc678b09d0472f77d,same,1.0,
uk,tight,n01379,tfabae94e97b3ba60,MISMATCH,0.2756,0.0883
uk,till,kb0686,t1fd9a37fbc9075d4,MISMATCH,0.8016,0.1287
uk,tilly,n01380,t4c37e119bb577786,MISMATCH,0.2964,0.0544
uk,time,ox-g2u10e0183,t5708a78087d18860,same,1.0,
uk,"time to go home, kids.",n01381,t3a8c990aac8ee09e,MISMATCH,0.0916,0.0419
uk,timetable,ra-g7u15e0195,tdefd9555a525f09b,same,0.9239,
uk,timo,n01382,ta741a3728f9f9cde,MISMATCH,0.445,0.1034
uk,tin,wy-g9u2e2353,tbd688fdbfdc326a9,same,1.0,
uk,tina,n01383,ta71b75b1a8242646,MISMATCH,0.1991,0.0719
uk,tiny,kb0687,te8722dc7d75810cb,same,0.9485,
uk,tip,ox-g6u3e0525,t79cbfac1aa079dce,MISMATCH,0.8062,0.0609
uk,tired,wy-g2u7e0203,te110166626c5385e,same,1.0,
uk,tireless,g9u17e4840,t0963a8492f288fb7,same,1.0,
uk,tiring,n01384,t7f38b1de71253460,MISMATCH,0.2049,0.105
uk,titanic,n01385,tdcaa6c8aa288e365,MISMATCH,0.33,0.0574
uk,title,n01386,t8b340982acd28268,MISMATCH,0.1654,0.076
uk,to,wy-g1u5e0065,t410d4c0aa8da53f0,same,1.0,
uk,to one's surprise,n01387,td5b061359fbdeb41,MISMATCH,0.113,0.0944
uk,to one’s surprise,n01388,t0b786e9e0a411e63,MISMATCH,0.1134,0.0817
uk,to start with,n01389,t40252cec970cdfdd,MISMATCH,0.0621,0.0657
uk,to-do list,wy-g4u2e0648,tdd990c189e9c6396,MISMATCH,0.0553,0.0253
uk,today,ox-g2u10e0191,td1cc0c1c579e757f,same,1.0,
uk,toe,wy-g3u9e0454,t2c3db8d3b1a28eef,same,1.0,
uk,tofu,kb0688,taf8f4d9a1c45da4b,same,0.93,
uk,together,wy-g2u8e0206,tb89e85cbb10de822,same,1.0,
uk,togetherness,n01390,tec1c9be3d44b4ff6,MISMATCH,0.214,0.1985
uk,toilet,g3u8e4003,tf75aaece9f905138,same,1.0,
uk,tom,n01391,t425b2df22c59c97f,MISMATCH,0.3599,0.1438
uk,tomato,g3u3e3932,t395d5c9b2e37b74c,same,1.0,
uk,tomb,ra-g8u17e0536,tac364f5d2a7ca05b,same,0.9668,
uk,tomorrow,g3u9e4023,tfb25159f8e96eb07,same,1.0,
uk,ton,kb0690,ted055d2722ab27fd,same,0.9139,
uk,tongue,g3u2e3918,t994cf40f38a0298b,same,1.0,
uk,tonight,kb0691,t1331361807543689,same,0.9968,
uk,tony,n01393,t42ebc15865735e00,MISMATCH,0.4278,0.1165
uk,too,g2u6e0877,t6373333138d0ed9d,same,0.9919,
uk,too ... to ...,n01394,t8f75bbc310c38f97,MISMATCH,0.1542,0.0284
uk,too many,n01395,t33ba19fa627af483,MISMATCH,0.0457,0.0526
uk,too much,n01396,t6b006a4d775766fa,MISMATCH,0.5324,0.0593
uk,took,n01397,t12f44469f070439a,MISMATCH,0.1679,0.1227
uk,took pictures,g6u9e0326,t1b7411911ee4b056,same,0.9923,
uk,tool,kb0692,t86ec7ca25cf508f0,same,0.9969,
uk,toolmaker,ra-g8u20e1549,t052402a01002193d,same,1.0,
uk,tooth,kb0693,t2d03e34b77bc4a22,MISMATCH,0.8402,0.0426
uk,toothache,ox-g5u10e0499,t41cb889497b441f5,same,0.9881,
uk,toothbrush,wy-g9u6e2513,ted82c1ab1d11d7e6,same,1.0,
uk,toothpaste,n01398,t5625faf6f8546ed1,MISMATCH,0.1053,0.0349
uk,top,kb0694,te659dc1f3ff82f51,MISMATCH,0.8519,0.1349
uk,topic,n01399,tb90196a84603fe66,MISMATCH,0.2456,0.1091
uk,torch,wy-g8u6e2107,t15f3884094298fb1,same,1.0,
uk,tornado,n01400,td0f174b41780ac4d,MISMATCH,0.1239,0.0883
uk,toronto,g6u2e4225,te0d84348ae0afce5,same,1.0,
uk,total,ox-g8u4e0757,tf86ded1697907e7b,MISMATCH,0.8694,0.0841
uk,touch,g1u2e0716,tba26795df97e1143,same,0.9806,
uk,touch your ...,wy-g2u4e0169,tfec66a7012d1b7c7,MISMATCH,0.1068,0.0954
uk,touch your mouth.,ox-g1u3e0024,tcf77f571e94857bf,same,1.0,
uk,touching,wy-g7u3e1308,t8368ee4b16944ef3,same,1.0,
uk,tour,ox-g7u9e0682,tf0a2406a9e78f329,MISMATCH,0.3295,0.1024
uk,tourism,ra-g9u7e0735,te1e78c20edc2b901,same,0.995,
uk,tourist,ox-g5u8e0476,tdf94a0572fb9affe,MISMATCH,-0.2554,0.1072
uk,towards,kb0695,tfa3d53869f1492fa,MISMATCH,0.3214,0.1245
uk,towel,ra-g8u21e1661,t019810e7d6e126e1,same,1.0,
uk,tower,ox-g4u5e0347,t09b86af00644677d,MISMATCH,0.1246,0.067
uk,tower bridge,g6u2e4236,t109399daa96ab17d,MISMATCH,0.0595,0.0757
uk,town,wy-g8u2e0732,tc8e62dc3a92bd83f,same,0.9846,
uk,toy,g4u2e0015,t8d1c0a97e3f79ac9,MISMATCH,0.1344,0.1663
uk,trade,kb0696,t8c8bb8f597658934,same,0.9933,
uk,trader,ra-g8u23e1738,tbb0f95c100f94504,same,1.0,
uk,tradition,ox-g9u9e0921,tbe460a9fba051726,MISMATCH,0.8246,0.0744
uk,traditional,g9u2e0595,te009c03c1b58e5d8,MISMATCH,0.8912,0.0454
uk,traffic,ox-g2u9e0180,t34f37939e6127af2,same,1.0,
uk,tragedy,ra-g9u35e2273,te63cbccde76a30a4,same,1.0,
uk,trailer,wy-g7u3e1334,t212939abf73112bc,same,1.0,
uk,train,g1u9e0784,t4e9095f2ac5ae2b9,same,0.9215,
uk,training,wy-g9u6e0892,tbddc3975d13b0cb2,same,0.9668,
uk,trait,ra-g9u29e2030,tedb7823d4889273e,same,1.0,
uk,tram,wy-g4u5e0750,t918bad9a10d4710b,same,1.0,
uk,translate,kb0697,t122a985590aa85f1,MISMATCH,0.2676,0.0953
uk,translation,ra-g8u24e1789,t4f5a72eb4a1ba32f,same,1.0,
uk,transport,wy-g8u4e0751,tde7cbe7f1de8f46f,MISMATCH,0.2225,0.0808
uk,transportation,n01401,ta10ac236f8fbc33a,MISMATCH,0.0496,0.077
uk,travel,ox-g8u12e0831,t5570b9a32e36f97e,same,0.911,
uk,traveler,ra-g8u17e1336,t99cc5e85f40fba1a,same,1.0,
uk,traveller,n01402,td3ec23276d8042d1,MISMATCH,0.1615,0.1145
uk,treasure,ox-g9u10e0940,t2e6a45b079222fb0,same,0.9876,
uk,treasure hunt,n01403,t8cc11a574eb1bb67,MISMATCH,0.1456,0.0981
uk,treasure island,n01404,t3e3ba6f4ab6826ce,MISMATCH,0.0665,0.0945
uk,treat,kb0698,t9f991512b06f13d4,MISMATCH,0.8397,0.0682
uk,treatment,ra-g9u3e0678,t0e959308e5a79183,same,0.9877,
uk,tree,ox-g2u10e0132,t7fa28bfc1966ac2d,same,1.0,
uk,tree planting day,g5u8e4127,t6b12815bf59de2e1,MISMATCH,0.0266,0.0474
uk,trick,ra-g7u21e0269,tcd4e7161f4b95271,same,0.9786,
uk,tricycle,ra-g9u30e2081,tfe489a2b58bdba0c,same,1.0,
uk,trip,g6u3e0264,td4748e2e63167024,MISMATCH,0.3153,0.0791
uk,trouble,ox-g8u3e0741,t92031b6c0524a59f,same,0.9296,
uk,trousers,g3u5e3967,t18c3685428344a25,same,1.0,
uk,truck,kb0699,t48961f66f7529ccc,same,0.9771,
uk,true,kb0700,tf56975c80364f63f,same,0.9877,
uk,truly,wy-g8u1e1786,t62eab2c5959358a6,same,1.0,
uk,trumpet,ra-g8u14e1077,te9c57d846120bbcd,same,1.0,
uk,trunk,n01405,tc6f4157d3d512aff,MISMATCH,0.0496,0.0788
uk,trust,ox-g9u8e0912,t8fc1b791f15f6e40,same,0.9662,
uk,truth,g9u11e0684,te81f2a250e24f31b,MISMATCH,0.8078,0.078
uk,try,wy-g4u7e0370,tda6bc3470dc3beed,same,0.9941,
uk,try on,g4u12e0119,t8e3260f8b1689a1c,MISMATCH,0.0232,0.0901
uk,try one's best,n01406,t84c9affa14472f26,MISMATCH,0.0579,0.1288
uk,try your best,wy-g4u1e0636,t3f713d6a3c9d5b7a,same,1.0,
uk,tsunami,n01407,tdb34c82e7962f439,MISMATCH,0.1194,0.056
uk,tuesday,g5u2e0132,t3ffbc784dca4c778,same,0.9911,
uk,tunnel,ra-g7u12e0931,tb8c62a5ea34dca96,same,1.0,
uk,turn,wy-g4u1e0304,t73880c5c1beeface,MISMATCH,-0.0706,0.1324
uk,turn around,n01408,t86bae21a24e7964c,MISMATCH,0.0408,0.0711
uk,turn into,wy-g5u2e0929,t897b7fffd4aee553,same,1.0,
uk,turn left,g6u1e0247,t6ad4ea6518e6370e,MISMATCH,0.142,0.1013
uk,turn off,ra-g9u6e0724,tf2a38a69e6154dec,MISMATCH,0.5365,0.0813
uk,turn on,n01409,t4c0b453577042734,MISMATCH,0.17,0.0989
uk,turn right,g6u1e0248,tb732e1f81f8d975e,MISMATCH,0.2531,0.1068
uk,turning,ra-g7u9e0802,ta385a1016668966a,same,1.0,
uk,turpan,n01410,t711be8fa35637eff,MISMATCH,0.1824,0.0992
uk,turtle,g3u4e3948,ted21ffd6a4970538,same,1.0,
uk,tv,kb0701,tdfae9ee094b26c1c,MISMATCH,0.6822,0.0464
uk,twelfth,g5u10e0216,tc66382bfa5de1dd5,MISMATCH,0.8444,0.1442
uk,twelve,wy-g2u1e0127,t33c3d51358768f9d,same,1.0,
uk,twentieth,g5u10e0217,t543cd7fcae5eebc5,same,0.9067,
uk,twenty,g2u10e0918,tfe3f58c12263b62c,same,0.9916,
uk,twenty-fifth,g5u8e4138,t1e593eec212f2f02,same,1.0,
uk,twenty-first,n01412,t16af2945f6cff8b0,MISMATCH,0.1305,0.0479
uk,twenty-third,n01413,t88b1d5884a2d299c,MISMATCH,0.1283,0.0508
uk,twice,g8u2e0473,tf4b041cf8de4b893,MISMATCH,0.6783,0.0921
uk,twice a week,g4u11e4026,t268501b07ce9cb5f,same,1.0,
uk,twin,n01414,t0b41c0453c38638e,MISMATCH,0.3146,0.1762
uk,two,ox-g1u7e0049,tf5ee556c794a0703,same,1.0,
uk,two days ago,g10u3e5624,t75729cfbb2fff0eb,MISMATCH,0.209,0.0948
uk,two.,n01415,t8c427c059b45e492,MISMATCH,0.3069,0.1185
uk,type,n01416,t2ceff33faca25e2c,MISMATCH,0.3343,0.091
uk,typhoon,ra-g8u11e0457,t8031fa13161d76b7,same,0.9697,
uk,türkiye,n01417,tc37946f127a74962,MISMATCH,0.1624,0.1047
uk,ugly,kb0702,te7d8ab4f5a0ca191,same,0.9836,
uk,uk,g3u7e1004,t5f737fa59cbffe81,MISMATCH,-0.0734,0.052
uk,ukulele,wy-g5u8e1024,t1c3387509212013c,same,1.0,
uk,umbrella,g4u12e0113,t051e9fb31deadf7a,same,0.9989,
uk,un,n01418,t28b09f6a8e35a16a,MISMATCH,0.4844,0.1369
uk,unbelievable,ra-g9u28e1989,t3b87ca12c5f73c5b,same,1.0,
uk,uncle,g3u10e4033,t53de0aa2471a1129,same,1.0,
uk,uncomfortable,n01419,t81b0d1e4edd49bb3,MISMATCH,0.0963,0.0491
uk,uncommon,n01420,te48ee74aedb9033d,MISMATCH,0.3295,0.0765
uk,uncrowded,n01421,t5d9994438b3fc95d,MISMATCH,0.1116,0.0639
uk,under,g7u4e0377,t4d96611b33a84e92,same,0.9991,
uk,under + 地点,wy-g1u10e0118,tf85067eb985bec84,MISMATCH,0.166,0.0684
uk,underground,ox-g2u9e0177,t3b413fdead99b01d,same,1.0,
uk,underline,ra-g9u28e1969,ta4603acc772d3125,same,1.0,
uk,understand,kb0703,t17b23880d5a5222f,MISMATCH,0.0955,0.0654
uk,underwater,n01422,t71ae241914000955,MISMATCH,0.048,0.0508
uk,unexpected,g9u12e0691,t0be280af27902f05,same,0.9711,
uk,unexplored,wy-g7u12e1756,ted4db080bda226b3,same,1.0,
uk,unforgettable,ox-g9u10e0932,t53e2819396cfc446,same,0.9971,
uk,unfortunately,n01423,ta87f4bf0c0001467,MISMATCH,0.0694,0.1012
uk,unhappy,n01424,ta5ceeb5c5253dad8,same,1.0,
uk,unhealthy,ra-g8u15e1200,tcfbd827998b06f9d,same,1.0,
uk,uniform,ox-g6u8e0577,t600d6cb37d178365,same,0.9991,
uk,union,ra-g9u33e2229,t15326e6a706cfc56,same,1.0,
uk,unique,ra-g9u31e2136,tfb336b94af74bc85,same,1.0,
uk,unit,kb0704,t5b3ddda3c38d11fe,MISMATCH,0.1848,0.074
uk,unite,ra-g9u32e2152,t57e5e515a6edfe73,same,1.0,
uk,united,ra-g9u28e1977,tbf600480e0d80862,same,1.0,
uk,universe,kb0705,tafa43e89c92e4319,same,0.9959,
uk,university,kb0706,td3b8e7e027fdce6f,same,0.9967,
uk,unknown,ra-g9u11e0788,ta3c2aa72db54827a,same,0.9987,
uk,unless,kb0707,t2a50a31b2ffa9d5d,MISMATCH,0.585,0.0596
uk,unlike,ra-g9u36e2316,t848208b89adf1872,same,1.0,
uk,unlock,n01425,t93557ffff68db338,same,1.0,
uk,unlock the secrets of sth,wy-g8u11e2255,t00c3230f603b263f,same,1.0,
uk,unluckily,ra-g9u30e2065,t794a97162bf9c50a,same,1.0,
uk,unlucky,n01426,t289cbe525b3b3ab6,same,1.0,
uk,unnecessary,ra-g8u20e1585,tcf78261b466d6391,same,1.0,
uk,unplug,n01427,t8a292ba4ef0a8155,MISMATCH,0.1165,0.1122
uk,unsafe,n01428,t2a6f621198992b6c,MISMATCH,0.166,0.0888
uk,unsolved,n01429,t334a6b6f2ab33e8c,MISMATCH,0.0984,0.1059
uk,untidy,n01430,tf9e1df4423f62cd3,MISMATCH,0.1076,0.0802
uk,until,kb0708,t7e8baf225c4d76ee,same,0.9059,
uk,unusual,n01431,tcb04a754bcc194a9,MISMATCH,0.0614,0.0526
uk,up,wy-g1u5e0056,t9f877db822f649dd,same,1.0,
uk,up to,n01432,t4c659e87942471c9,MISMATCH,0.1841,0.1339
uk,upcycle,wy-g9u6e2533,t5029a543a9b354b8,same,1.0,
uk,upload,ox-g9u2e0858,t33744ce1afeddcc7,MISMATCH,0.0731,0.1224
uk,upon,wy-g7u12e0713,tc81f0da3a0c7d128,same,0.9972,
uk,upset,g8u10e0553,te4e5445ff147debb,same,0.9509,
uk,upside,ra-g8u14e1132,t4ee14aec0e1a656f,same,1.0,
uk,upside down,n01433,t9cd3edfb98b04ff3,MISMATCH,0.1582,0.0891
uk,upstairs,ra-g7u16e0206,t1f571f65735fdf98,same,0.9791,
uk,uranus,ra-g8u18e1414,t0b6bc3ef1ad2fd48,MISMATCH,0.2502,0.114
uk,urgent,wy-g8u6e2031,t51af465084268578,same,1.0,
uk,urgh,wy-g3u12e0567,tc58ca4736ca26e15,same,1.0,
uk,us,kb0709,t702d01c5c59f8bb2,MISMATCH,0.0789,0.2566
uk,usa,g3u7e1003,te3da8f8ed6c486c3,MISMATCH,0.098,0.0938
uk,use,kb0710,taea82e3753d0b9ed,MISMATCH,0.3429,0.0537
uk,use again!,n01434,t32539a9589eda950,MISMATCH,0.2027,0.0783
uk,used to,g9u4e0617,tb4ee965bf2b6f442,MISMATCH,0.035,0.0624
uk,useful,wy-g9u7e0908,t494c277578c503b8,same,0.9942,
uk,usual,kb0711,tc71321872e13fe3f,same,0.9986,
uk,usually,ra-g7u13e0166,tc1435d6be652d858,same,0.9818,
uk,vacation,g8u1e0461,t1d61bbb034041198,MISMATCH,0.8731,0.1183
uk,valley,ox-g7u4e0636,t6f244801d0f72c6b,same,0.9981,
uk,valuable,g9u8e0655,t95151da92465b4ae,same,0.9554,
uk,value,kb0712,t30f37451e49b6b19,same,0.9988,
uk,vancouver,n01435,td67348afdf33e826,MISMATCH,0.041,0.0746
uk,vegetable,g4u5e0045,tadd301ce57ae2002,MISMATCH,0.8581,0.0786
uk,vegetables,g3u3e3940,t9b841e79641ef34a,same,1.0,
uk,venus,ra-g8u18e1409,ta749e4461f6e9afa,MISMATCH,0.0989,0.0426
uk,very,wy-g2u6e0189,td222542cc1bf6995,MISMATCH,0.1056,0.097
uk,very much,wy-g3u10e0511,t6ac721ddbed60489,same,1.0,
uk,vet,ra-g8u13e0963,t69ffe4d61e39a2e2,same,1.0,
uk,via,wy-g8u5e1976,t0e602ad26029cc9f,same,1.0,
uk,victim,ox-g8u3e0745,t44234af61c2eae39,MISMATCH,0.0471,0.0837
uk,victoria,n01436,tcb67c7642ab805d9,MISMATCH,0.0465,0.0759
uk,victory,kb0714,tb9a2054347ddc467,same,0.9931,
uk,video,kb0715,t265f6c55a109e2fd,MISMATCH,0.1793,0.0956
uk,view,kb0716,t2c622af1d043f3af,same,0.9987,
uk,viewer,ra-g9u16e0855,t09ec29e82973e9fd,same,0.9994,
uk,village,g5u6e0179,t71825f07921612fb,MISMATCH,0.0832,0.1787
uk,villager,ra-g7u12e0917,t070fb34f6ad0cafc,same,1.0,
uk,vincent,n01437,t084ca21547c6c88a,MISMATCH,0.0336,0.0343
uk,vinegar,ra-g9u31e2142,tc90ac1d3f755e050,same,1.0,
uk,violence,ra-g9u35e2298,td61365ae110daff7,same,1.0,
uk,violent,ra-g9u35e2299,t5059fef1fe65b112,same,1.0,
uk,violin,g7u10e0433,t8c81e7766b1fc732,same,0.9984,
uk,virtual,ra-g9u29e2027,t7e159825c7d1cb40,same,1.0,
uk,virus,kb0717,t2b91120df1a5c830,same,0.9853,
uk,visible,n01438,tdb1546e86f5647be,same,1.0,
uk,vision,ra-g8u16e1236,te695b639caa5bf67,same,1.0,
uk,visit,g6u3e0262,te197e08caea97a51,MISMATCH,0.196,0.1765
uk,visit grandparents,g5u10e4159,t725d4e062c7ea3a8,same,1.0,
uk,visit one's grandparents,g4u2e3858,tf4f40046244152ec,same,1.0,
uk,visit the mogao caves,g4u9e4000,tf8aa22980894dafc,same,1.0,
uk,visitor,wy-g9u1e0850,t577f4172d5ed0546,same,0.9875,
uk,vocabulary,wy-g9u11e0947,t2c62790634e36fb0,same,0.9974,
uk,voice,kb0718,tf9cb630b1c1aa542,same,0.9759,
uk,volcanic,wy-g8u6e2078,ta6726c51e1a08ae3,same,1.0,
uk,volcano,wy-g8u6e2077,tc3248745f1c0189b,same,1.0,
uk,volleyball,g7u5e0383,tff0cab5c6dc6d4eb,same,0.9991,
uk,voluntary,kb0719,te6c3160370750670,same,0.9531,
uk,volunteer,g8u12e0571,t7d3eb30ac640330d,same,0.9416,
uk,vote,kb0720,t925f4604b92652b4,MISMATCH,0.1855,0.2139
uk,vr,n01439,t3b4e8ed2f95b8c0d,MISMATCH,0.1375,0.1072
uk,vulnerable,wy-g9u5e2504,t2c05bce6d17befb6,same,1.0,
uk,wait,kb0721,t8c079327c1f89204,same,0.9962,
uk,waiter,ox-g5u3e0427,tb25a678342952284,same,0.9586,
uk,waitress,ox-g6u3e0523,tad1e156d21c49887,same,0.9824,
uk,wake,kb0722,t31b4573696061878,same,0.9982,
uk,wake up,g3u9e4024,ta499a4a350424ce7,same,1.0,
uk,walk,ox-g2u6e0149,t2a341b653f774530,same,1.0,
uk,walker,ra-g9u33e2236,t2b48f3d0c07c887d,same,1.0,
uk,walking the dog,g3u11e4051,tcab80883958bae8a,same,1.0,
uk,wall,ox-g4u2e0318,t30c333a3132fe931,same,0.9999,
uk,wallet,wy-g7u7e0665,t653c12b04fc6bc6d,MISMATCH,0.1569,0.1912
uk,want,g1u10e0798,tddf4c218e8cda47d,same,0.9986,
uk,want to,g11u4e5733,t0c1c802f3688a134,same,1.0,
uk,war,kb0723,t00598dd20a57987f,same,0.9999,
uk,wardrobe,g6u7e4314,t4ca7c1637886a571,same,1.0,
uk,warm,ox-g2u7e0106,tb5bf4e9f0fec4b1f,same,1.0,
uk,warm up,n01441,tf50264a2f5137143,MISMATCH,0.0648,0.1106
uk,warmly,n01442,tb11925e6189fcc77,MISMATCH,0.2044,0.0718
uk,warmth,wy-g8u10e2238,t632115170f59359e,same,1.0,
uk,warn,kb0724,td701c8086d805919,MISMATCH,0.2394,0.1889
uk,warning,ra-g7u11e0892,tad84c599b2481a36,same,1.0,
uk,warring,ra-g8u20e1562,t2122ec9e444c8543,same,1.0,
uk,was,n01443,t36ec110e3c31ced5,MISMATCH,0.0509,0.14
uk,was born,g10u1e5596,t16c11f3ca85cfbdd,same,1.0,
uk,wash,ox-g4u10e0393,taf651733fa96696a,MISMATCH,0.0956,0.2137
uk,wash clothes,g5u6e4100,tc1992d8f120b69c4,same,1.0,
uk,washed,n01444,t513629e5da751db2,MISMATCH,0.2684,0.181
uk,washington d.c.,g6u2e4227,ta76c25302ac42428,same,1.0,
uk,washroom,n01445,t286f8e87fbe29a07,MISMATCH,0.1844,0.1005
uk,wasn't,g9u3e5516,tcec072714c632bf2,same,1.0,
uk,waste,kb0725,t14cdc4abeba17656,same,0.9827,
uk,waste bin,ra-g9u26e1886,t9ada1cda42eed787,same,1.0,
uk,wastepaper,ra-g8u20e1587,t6b21a445294fed18,same,1.0,
uk,wastewater,n01446,t836631f89a4ae977,MISMATCH,0.1373,0.057
uk,watch,g7u3e0365,td48a4b0f60e1ae49,MISMATCH,0.7633,0.098
uk,watch tv,g5u2e0138,t470b75117688afe4,MISMATCH,0.0903,0.047
uk,watched,n01447,t7c39ff5a18fb7f7f,MISMATCH,0.0846,0.1784
uk,watchful,ra-g8u22e1719,t381380fa97ad45fa,same,1.0,
uk,watching tv,g3u11e4055,t5bedefee68e73e4e,same,1.0,
uk,watchtower,ra-g8u17e1369,tbb9f4fe71d94bc93,same,1.0,
uk,water,ox-g2u6e0104,te243695c0ef0dea3,same,1.0,
uk,water bottle,g3u10e4039,tc30af7da36c3384c,same,1.0,
uk,water festival,n01448,t88ecfc5aaf54a215,MISMATCH,0.0881,0.0809
uk,waterfall,ox-g7u4e0637,t16c0c1989840ed86,same,0.9993,
uk,watering the plants,g3u11e4052,t177d06904be006dd,same,1.0,
uk,watermelon,g3u11e1044,ta26be93477b8ae5f,same,0.9987,
uk,waterway,ra-g8u21e1628,t761879099c8e081b,same,1.0,
uk,waterwheel,ra-g8u23e1745,t9f69c2c6144c486f,same,1.0,
uk,watery,wy-g7u7e1488,t19c8dd038281dfc1,same,1.0,
uk,wave,kb0726,tba9d0c45cadedeb3,same,0.9984,
uk,way,wy-g8u9e0801,tb3b176c751560e5a,same,0.997,
uk,we,g3u7e3999,tacbcd8b874820ddd,same,1.0,
uk,we can also use led lighting.,n01449,te10fc1aea0403b90,MISMATCH,0.0976,0.0717
uk,we can do some chores.,n01450,t42022b2d8c9518ec,MISMATCH,0.242,0.0203
uk,we can plant new trees.,n01451,t6bc282e5a3482f9a,MISMATCH,0.1986,0.0325
uk,we can see the sun and clouds.,n01452,te64ecfd8584f5e63,same,1.0,
uk,we can take quick showers.,n01453,t445e200e3e0d2af7,MISMATCH,0.1517,0.1085
uk,we can't play basketball in the park.,n01454,t191e361561d75fbb,same,1.0,
uk,we express ourselves in many ways.,n01455,ta85c51d561b94af6,MISMATCH,0.1208,0.0399
uk,we finish class at 1 o'clock.,n01456,td3fbb05365412de7,MISMATCH,0.1037,0.0312
uk,we have fifteen books.,n01457,t0e2be94f23652d9e,MISMATCH,0.1583,0.0838
uk,we need three boxes.,n01458,t17bc6c139254d0ce,MISMATCH,0.1497,0.0261
uk,we need to eat healthy food. we should exercise too.,n01459,t2c0690f9eb0dc4d1,same,1.0,
uk,we should eat healthy food.,n01460,t1d4d18dcc7567c2d,MISMATCH,0.1962,0.037
uk,we should use air conditioners less.,n01461,td77153dd7caa3263,MISMATCH,0.2162,0.0214
uk,we went there by plane.,n01462,t5813762484d862be,same,1.0,
uk,we went to see the terracotta warriors.,n01463,te54f55455ea1724a,MISMATCH,0.1099,0.0264
uk,weak,kb0728,tb353e8f61a1ab645,same,0.9905,
uk,weakness,wy-g8u8e2169,t19c8f8d4cba0899b,same,1.0,
uk,wealth,kb0729,t38a55536690130b6,same,0.9977,
uk,wealthy,wy-g9u1e2350,t7089fe06cd602721,same,1.0,
uk,wear,g3u5e3969,t429726fc44d66fa5,same,1.0,
uk,wear glasses,g5u2e4058,t6c5ebd9b02057427,same,1.0,
uk,weather,g4u9e0081,tbe2dfe726dcc2cd8,same,0.9983,
uk,web,ra-g7u3e0338,t508009649aa59674,same,1.0,
uk,website,kb0731,td187a6204b73579c,same,0.9695,
uk,wedding,ra-g8u23e1736,t7172c397dc8530a9,same,1.0,
uk,wednesday,g5u2e0133,td1441c61af3d511a,same,0.991,
uk,week,g2u12e0939,t9713f00f08b2c1d9,same,0.9905,
uk,weekday,kb0732,t760d7f0ff55bfdc1,same,0.9959,
uk,weekend,g5u2e0136,t2d5050a3d3562816,same,0.982,
uk,weigh,kb0733,tee58d2b6090d1202,same,0.997,
uk,weight,ox-g5u10e0495,t467271dc3e2ee084,same,0.9962,
uk,welcome,g3u10e4043,t2f09cb5b7c83c399,same,1.0,
uk,well,kb0734,tf4a562ceac6986ec,same,0.9976,
uk,"well, it's sunny today.",n01464,t5ce726bdbc913a81,same,1.0,
uk,well-known,ra-g8u24e1814,ta308bba300f80f35,MISMATCH,0.2255,0.0553
uk,well-used,n01465,tc33d2442a37be358,MISMATCH,0.1142,0.0823
uk,went,n01466,te0586feeda77cdda,MISMATCH,0.2301,0.0807
uk,went camping,g6u9e0323,t6317332311e11051,MISMATCH,0.0306,0.0878
uk,went fishing,g6u9e0324,t7a9e25c365a06aaf,MISMATCH,0.0659,0.0758
uk,went home,g10u9e5682,td19b7d76eb5f60fa,MISMATCH,0.1029,0.1168
uk,weren't,g9u3e5517,tf3f682affbe28669,same,1.0,
uk,west,kb0735,t03f1d45652ea8afa,same,0.9771,
uk,west lake,g4u9e4001,t32226164cb2922f7,MISMATCH,0.0913,0.1452
uk,western,ra-g9u8e0750,te8d98f27eb6cd344,MISMATCH,0.2373,0.1124
uk,wet,ox-g4u3e0324,tbcb563585ffef284,same,0.9939,
uk,we’re trying to save the earth.,n01467,t88ad29ad8c0af0b7,same,1.0,
uk,whale,ox-g5u6e0459,t4c5e5669aaf02488,same,0.997,
uk,what,wy-g1u2e0016,t81cc1630b93c739f,MISMATCH,0.1697,0.1275
uk,what about,g3u11e4062,t481f1fc808cf35e4,MISMATCH,0.0745,0.1183
uk,what about ...?,n01468,tb7760aff19baf0e6,MISMATCH,0.0945,0.1346
uk,what about this?,n01469,t828b9db2f5992ae3,MISMATCH,0.105,0.0481
uk,what about...,wy-g3u10e0498,t33aa1e034e1e022a,same,1.0,
uk,what about...?,g4u1e3849,t9f58dd0f90e070d8,same,1.0,
uk,what animals do you have on the farm?,n01470,t406550e79c79fbb6,same,1.0,
uk,what are these / those?,n01471,t75cf1793148f7f22,same,1.0,
uk,what are these?,n01472,taac0a05e5ddaae90,MISMATCH,0.1133,0.0701
uk,what are they doing?,g5u12e0239,te3851282431a4943,MISMATCH,0.0697,0.1134
uk,what are you going to do,g12u1e5801,tdb238abcf64f7471,MISMATCH,0.0988,0.0955
uk,what are you supposed to do when you meet someone for the first time?,n01473,t279811b3f2420535,same,1.0,
uk,what can we do for them?,n01474,t2c15b07cb67ae701,MISMATCH,0.0733,0.0714
uk,what can you do for the festival?,n01475,t8b6855fedd2febb7,MISMATCH,0.032,0.0241
uk,what can you do?,ox-g1u4e0032,t9c70df29ba16571f,same,1.0,
uk,what can you see in the sky?,n01476,tb2491bb7cae7140a,MISMATCH,0.0647,0.0297
uk,what colour are the rulers?,n01477,t3c5f923f14d15b08,same,1.0,
uk,what colour is it?,n01478,tec4dc7e42e82da8c,MISMATCH,0.1175,0.0885
uk,what colour is the cap?,n01479,t89846fabf4ff59f0,MISMATCH,0.1205,0.0752
uk,what colours do you like?,n01480,tdf1093dfda9c4d1e,same,1.0,
uk,what did you do last weekend?,g6u8e0320,td4513a9c26632aad,MISMATCH,0.1567,0.0363
uk,what did you do last weekend? did you see a film?,n01481,td52c4358cd217807,same,1.0,
uk,what did you do there?,n01482,td3b351132d479c5f,MISMATCH,0.0387,0.0567
uk,"what did you do, leo?",n01483,te34b96a1eb7f1569,MISMATCH,0.1251,0.0454
uk,what did you do?,n01484,tc270a7ff24a46b16,MISMATCH,0.0747,0.045
uk,what did you like about it?,n01485,tbc57e80a3dad7bfd,MISMATCH,0.0407,0.045
uk,what did you see that night?,n01486,t1a5ef873dc9a12ff,same,1.0,
uk,what do you do on the weekend?,n01487,tcadaaea4369d765d,MISMATCH,0.0327,0.0474
uk,what do you have in your schoolbag?,n01488,t24272302523c3e5e,MISMATCH,0.0546,0.0299
uk,what do you have on wednesdays?,n01489,te5167fc6fa2bbcbb,MISMATCH,0.0408,0.031
uk,what do you know about it?,n01490,t8de85b5961ac64df,MISMATCH,0.0506,0.058
uk,"what do you usually do at the weekend, children?",n01491,t5a35c1d2f3421c5b,same,1.0,
uk,what else are you going to buy?,n01492,t5d7f753ac6d8a69b,MISMATCH,0.041,0.0868
uk,what else did you do?,n01493,t0ce194095ede6d88,MISMATCH,0.1249,0.0633
uk,what else do you want to know about water?,n01494,t48d51138ee32fe0b,same,1.0,
uk,what fun the water festival is!,n01495,t73aef1bb84016659,same,1.0,
uk,what happened?,n01496,t939a88896eb9a2ea,MISMATCH,0.1101,0.111
uk,what is the hot ice-cream scoop used for?,n01497,t2f3f7f1544ef0390,same,1.0,
uk,what kind of movies do you like?,n01498,t9146dfb58706f968,MISMATCH,0.0826,0.0735
uk,what kind of music do you like?,n01499,t62044ae4247dee7c,MISMATCH,0.117,0.0183
uk,what kind of musicians does carmen like?,n01500,tc55574132c4679a2,same,1.0,
uk,what should we do?,n01501,t0303a8d4f10a9416,MISMATCH,0.0674,0.0431
uk,"what size are your shoes, mike?",n01502,t321f6c447bb3119a,same,1.0,
uk,what time is it?,g4u8e0080,tc7a5fee1e6218eb8,MISMATCH,0.0336,0.0615
uk,what would you like to eat?,g5u3e0149,t4cf0658ef13660dd,MISMATCH,0.119,0.0319
uk,what's = what is,wy-g1u2e0018,t142fb20c6fb4ccb1,same,1.0,
uk,what's he like?,g5u1e0129,tbd6ed27a78a54263,MISMATCH,0.0772,0.0374
uk,what's more,n01503,t36508afac9b942e1,MISMATCH,0.2805,0.0764
uk,what's the little monkey doing?,n01504,t78fe11506321195a,MISMATCH,0.0727,0.0521
uk,what's the matter?,g8u8e4558,tee7334ca75486770,same,1.0,
uk,what's this / that?,n01505,td444f13282abf202,same,1.0,
uk,what's this?,n01506,t1e1f1a40346d7cb3,MISMATCH,0.1093,0.0702
uk,what's your favourite ...?,wy-g2u8e0211,tf651935a493a02e3,MISMATCH,0.1615,0.0331
uk,"what's your favourite day at school, john?",n01507,t827df77fba40450f,same,1.0,
uk,what's your friend's name?,n01508,tb625837415eaf0a1,MISMATCH,0.0553,0.0735
uk,what's your mother's job?,n01509,t8921cfef90b58706,MISMATCH,0.0448,0.1012
uk,what's your name?,g7u1e0350,t0cbdb2ec64ac1901,MISMATCH,0.0875,0.0536
uk,whatever,kb0736,t6571b9085a2d7c31,MISMATCH,0.1653,0.1087
uk,what’s the model plane made of?,n01510,t394d25b023423925,same,1.0,
uk,wheat,wy-g8u12e2282,t6548401a198e239c,same,1.0,
uk,wheel,kb0737,t22cdffe7f234db25,same,0.9988,
uk,wheelchair,wy-g8u10e2219,t82db309908e61c7e,same,1.0,
uk,when,g2u11e0927,t621daddeda0b429f,same,0.9806,
uk,when do you finish class in the morning?,n01511,t341f1ba8a15bb5f7,MISMATCH,0.1422,0.0335
uk,"when i got to school, i realized that i had left my backpack at home.",n01512,t962929f9264f4729,same,1.0,
uk,when is the art show?,g5u10e0220,t60b4e89b047ae3e2,MISMATCH,0.102,0.0409
uk,when is the party?,n01513,t208f9a9734bbc2f7,same,1.0,
uk,when is the trip this year?,n01514,t495e4d49e74efd7e,MISMATCH,0.0941,0.0568
uk,when is your birthday?,g7u8e0419,td6c180f1d0a5510a,MISMATCH,0.0621,0.0949
uk,"when the leaves are ready, they are picked by hand and then are sent for processing.",n01515,t9d68c7c232e58d9a,same,1.0,
uk,when was the zipper invented?,n01516,tfadf8ac4408eb95b,same,1.0,
uk,whenever,kb0738,t72de8aad386de81b,same,0.9976,
uk,where,wy-g1u10e0114,t7243165babe6547a,same,1.0,
uk,where are you from?,ra-g7u2e0024,t76e8b057b4ad7635,MISMATCH,0.0504,0.0661
uk,"where did you go over the summer holidays, binbin?",n01517,t3570b9cd0946a369,same,1.0,
uk,where did you go?,g6u9e0330,tf2ba1d74a8f59bb1,MISMATCH,0.0722,0.0578
uk,where does water come from?,n01518,tf0139dc161172801,MISMATCH,0.0883,0.0542
uk,where does your coconut come from?,n01519,t8dd207ba4aa2e367,MISMATCH,0.1086,0.0618
uk,where's = where is,wy-g1u10e0113,ta439311abbea6722,MISMATCH,0.0906,0.0637
uk,where's the ...?,wy-g1u10e0123,t1d92566a8d2a6b7b,MISMATCH,0.151,0.0876
uk,wherever,n01520,t7165abeef738b7ec,MISMATCH,0.1351,0.1104
uk,whether,kb0739,ta9826b32b52617cb,same,0.9983,
uk,which,kb0740,ta0a90dd707b7b350,same,0.9962,
uk,"which season do you like best, miss white?",n01521,t867d7beb16fad56e,same,1.0,
uk,which season do you like?,n01522,t73591ad829736f0f,MISMATCH,0.1291,0.0233
uk,while,kb0741,t3d1c26ff99455a8e,same,0.9982,
uk,white,wy-g1u4e0052,t0376562be0d53726,same,1.0,
uk,whiteboard,n01523,tab0d4539ceab1564,MISMATCH,0.2468,0.1064
uk,who,g2u1e0827,tea420cf01db2af87,same,0.991,
uk,who was it invented by?,n01524,t0eaa9f07c110d420,same,1.0,
uk,who's on duty today?,n01525,t14727ebc22b08402,MISMATCH,0.0528,0.0542
uk,who's that girl?,n01526,tf7232aa88c76f59c,MISMATCH,0.187,0.0928
uk,who's your best friend?,n01527,ta7870b0e3436455f,MISMATCH,0.1325,0.0467
uk,whoa,wy-g5u1e0910,te923299e3b35ee98,same,1.0,
uk,whoever,n01528,t2bb2731c8afc5bff,same,1.0,
uk,whole,kb0742,tc72ed18610c3ec42,MISMATCH,0.156,0.1393
uk,whom,kb0743,tc8c788012422ceac,MISMATCH,0.2146,0.0715
uk,whoosh,wy-g4u5e0749,t9dfc29a6d6d9c94d,same,1.0,
uk,whose,kb0744,tb9893b5ee5083859,same,0.9969,
uk,whose hair band is this?,n01529,t63277e4de8266216,same,1.0,
uk,whose is it?,n01530,t51ce0f07db241185,MISMATCH,0.2155,0.0844
uk,"whose sweater is this, mum?",n01531,ta6f5534275a55ff3,MISMATCH,0.1424,0.043
uk,whose volleyball is this?,n01532,te7ddf0837065527a,MISMATCH,0.0918,0.0381
uk,why,kb0745,t6ed53f31e57e930c,same,0.9991,
uk,why not,g7u5e5327,tc2f5c05ca7cf34ed,same,1.0,
uk,why not do both?,n01533,t4cf32108808fe1eb,MISMATCH,0.1665,0.0639
uk,why?,n01534,t53d7874b7df53ae3,MISMATCH,0.2041,0.1213
uk,wide,wy-g9u1e0848,t4c0597ca092348ab,same,0.9991,
uk,widely,ra-g9u7e0727,tfd73104bdf6ae44b,same,0.9991,
uk,widespread,ra-g9u29e2035,ta7b99e06207afa7d,same,1.0,
uk,wife,kb0746,t99b3daa38a5adc1d,same,0.9989,
uk,wig,wy-g7u7e1504,t2c7478c1b6401d63,same,1.0,
uk,wild,ox-g5u6e0451,ta9947fbd72d23807,MISMATCH,0.1566,0.0912
uk,wild goose,g6u11e4341,t3d4f0bfd6af34834,same,1.0,
uk,wildaid,n01535,t65fe31a59d169ad5,MISMATCH,0.1419,0.0546
uk,wildfire,n01536,tfa43020bf0898b6b,MISMATCH,0.2035,0.0604
uk,wildlife,ox-g6u6e0556,t86fe1e2afcfbb8cc,same,0.9986,
uk,will,kb0747,t914b139902263a58,same,0.9982,
uk,william shakespeare,n01537,t06b6bd8a7718a0ee,MISMATCH,0.0576,0.0433
uk,willing,n01538,ta5d92234c61da530,MISMATCH,0.2335,0.0953
uk,win,ox-g3u10e0298,t79acc9463ade7851,same,0.9992,
uk,wind,ox-g3u6e0258,te11454bbb77ff54a,same,1.0,
uk,"wind power, solar power and water power are types of green energy.",n01539,t15ac6b35decdc32b,same,1.0,
uk,window,wy-g1u5e0058,td64a4eff039f0fcd,same,1.0,
uk,windy,ox-g2u8e0115,t3004a5bb155070af,same,1.0,
uk,wing,ox-g5u6e0452,td2fa632adad97803,same,0.9994,
uk,winner,wy-g5u4e0434,t2b4af0a34664c6e7,same,0.9697,
uk,winter,ox-g2u7e0111,t13464aa77d3215b2,same,1.0,
uk,winter. it snows a lot.,n01540,tc620e48ad5823271,same,1.0,
uk,wisdom,ra-g8u17e1370,t87c94e3a8a33f817,same,1.0,
uk,wise,kb0748,tace1450ea5b6e70f,same,0.9978,
uk,wisely,n01541,t324fbb2276757243,MISMATCH,0.2417,0.0872
uk,wish,wy-g9u12e0959,ta89e627a062e2445,same,0.9817,
uk,with,wy-g2u8e0205,t63f33e95b86bb2ab,same,1.0,
uk,within,kb0749,t4418cb899ab125cf,same,0.9807,
uk,without,kb0750,tadfae7378929dbd0,same,0.9625,
uk,wives,kb0751,t2e4ea2353376495e,same,0.9825,
uk,wizard,wy-g8u1e1801,t51abf7dfe18cf880,same,1.0,
uk,woke,n01542,t3394991cd8889f0e,MISMATCH,0.1783,0.0772
uk,wolf,kb0752,t86bcd8418fafc8da,same,0.999,
uk,wolves,kb0753,t74c3b4e5eba48c1c,same,0.9966,
uk,woman,g2u2e0833,tf3eac848967f1763,same,0.9926,
uk,women,kb0754,ta7766d283abb82a1,same,0.9995,
uk,won,g5u10e4171,t31932d43105db2f8,same,1.0,
uk,won't,g14u3e7435,t5123e261eaf70453,same,1.0,
uk,wonder,wy-g9u1e0841,t1d9af413e61208c6,same,0.9989,
uk,wonderful,g8u1e0462,t9fbfd9498c63e3ec,same,0.9991,
uk,wonderland,ra-g8u24e1778,t5ee926124b2b6d80,same,1.0,
uk,wood,kb0755,tc4672942e90176b6,same,0.9995,
uk,wooden,n01543,tb2999e930a030419,MISMATCH,0.0567,0.1504
uk,woof,wy-g4u2e0655,t06d6933e4c606748,same,1.0,
uk,woollen,ra-g9u27e1931,tc4d453775f0912b2,same,1.0,
uk,word,wy-g8u1e0724,t4aa4cf27d7c78e95,same,0.9993,
uk,work,wy-g5u6e0460,tb4c496750066f455,same,0.9983,
uk,work on,n01544,tabec49a66de12892,MISMATCH,0.1723,0.0769
uk,work out,n01545,tee0e0d22e0086006,MISMATCH,0.1339,0.0808
uk,workbook,n01546,td0510abf5ade65f8,MISMATCH,0.2152,0.1522
uk,workday,n01547,t76c700c74c37ce33,MISMATCH,0.3736,0.1019
uk,worker,g9u12e0695,t728ab1ab0ab85dd3,same,0.9995,
uk,working,n01548,t957d3fb3ed943b58,MISMATCH,0.3163,0.1072
uk,working day,n01549,tbf69b9b4bc55606b,MISMATCH,0.155,0.0591
uk,workshop,wy-g7u5e1390,t40807c0200668fcd,same,1.0,
uk,world,wy-g6u3e0525,t5831c37fa7d6930f,same,0.999,
uk,world war ii,n01550,t231626ee7bfe1d85,MISMATCH,0.007,0.0903
uk,world-class,g9u17e4860,t4e7d7f312685b88e,same,1.0,
uk,world-famous,ra-g9u31e2139,tc8a7b9d778cb0af4,same,1.0,
uk,worldwide,ra-g9u28e1984,t63060b40960a080d,same,1.0,
uk,worried,g6u6e0295,t4c9cec06fd3e9ae7,same,0.999,
uk,worry,wy-g9u4e0873,tbb437577250039ee,same,0.9991,
uk,worry about,n01551,tfea429203ae4dd31,MISMATCH,0.0641,0.0961
uk,worse,g8u3e0483,ta98a1ddaee0352b3,same,0.9841,
uk,worst,kb0756,tbb66a1ff7f7a9a62,same,0.9951,
uk,worth,kb0757,t5ed319259c206b3c,same,0.9991,
uk,would,wy-g7u9e0684,te7ed99e53823dfeb,same,0.9995,
uk,would (d) like to,n01552,t311b2156780ce856,same,1.0,
uk,would rather,ra-g9u16e0857,t73208cc2a679b571,same,0.9991,
uk,would rather ... than ...,ra-g9u35e2268,tee7c3542bd8ad528,same,0.9992,
uk,would you like some chicken soup too?,n01553,t7c2e3b9bb7571845,same,1.0,
uk,would you like some rice and meat?,n01554,t87d535dc1399be54,same,1.0,
uk,wound,kb0758,t6d606d33cf3d5e72,same,0.9997,
uk,wounded,ra-g9u30e2080,t8a71493efa6fdad4,same,1.0,
uk,wow,n01555,t47bea16e6c3bba9c,MISMATCH,0.2855,0.1032
uk,wrestler,g9u17e4861,tdf55f525ed47a880,same,1.0,
uk,write,ox-g2u1e0106,t8c0a5dfd0a161a93,MISMATCH,0.1246,0.0721
uk,write a letter,g5u9e4147,t44a7663a1d1bfeaa,same,1.0,
uk,write down,g8u6e0518,t6ab78529e68ca4db,MISMATCH,0.2924,0.0608
uk,writer,wy-g9u2e0852,tf4a0e03cd9de5a29,same,0.9953,
uk,writing,ra-g7u12e0927,tab479434afe10a8d,same,1.0,
uk,wrong,kb0759,t2cee509c3e711d04,same,0.9867,
uk,wwf,n01556,tc7201dbe24f579ab,MISMATCH,0.2035,0.0442
uk,x-ray,kb0760,t86be372c6e364888,MISMATCH,0.3034,0.0652
uk,yangtze,n01557,t86aac2987c3b0fa2,same,1.0,
uk,yard,ox-g4u2e0313,td8fc0801b98aa6e8,same,0.9982,
uk,yeah,n01558,ta5f3d025aa41f99b,MISMATCH,0.3234,0.2305
uk,year,g3u1e3899,t650a290d2740096e,same,1.0,
uk,yellow,wy-g1u4e0049,t843bb8d27b1315e5,same,1.0,
uk,yes,wy-g1u1e0011,td1b1805c6d187a92,MISMATCH,0.0765,0.1115
uk,"yes, but wear a coat too. it's cold and windy outside.",n01559,t7656869eb4c5e4a2,same,1.0,
uk,"yes, he did. / no, he didn’t.",n01560,t23db658cec1a9155,same,1.0,
uk,"yes, i cleaned my room and washed my clothes.",n01561,t4871e4a1ef89fd0a,same,1.0,
uk,"yes, i did. / no, i didn’t.",n01562,tbf4d92a72e2518aa,same,1.0,
uk,"yes, i do.",n01563,t72423c16cae7cee0,MISMATCH,0.1201,0.0457
uk,"yes, i do. and you?",n01564,td0d473963874ad36,MISMATCH,0.0542,0.0484
uk,"yes, i do. i have a cat.",n01565,taba5a5d157786715,same,1.0,
uk,"yes, i do. i have some old books.",n01566,t5ae8ae31b1e12b49,same,1.0,
uk,"yes, i do. it helps my pronunciation.",n01567,te0370cb662f7b18d,same,1.0,
uk,"yes, i think he is.",n01568,tf4ee4f315cda3f02,MISMATCH,0.1296,0.0556
uk,"yes, it is.",n01569,tcfee85f370926be3,MISMATCH,0.1378,0.0657
uk,"yes, it’s important to be on time.",n01570,t7a400ffcaf6594c4,same,1.0,
uk,"yes, miss white. i need to talk to mike.",n01571,t50ebd6519bec452c,same,1.0,
uk,"yes, please.",n01572,t398fb3cdefd251e3,MISMATCH,0.0951,0.0669
uk,"yes, she does.",n01573,t4e7a81b459145c60,MISMATCH,0.1034,0.0586
uk,"yes, there are.",n01574,t2ae938b769e48805,MISMATCH,0.0812,0.0582
uk,"yes, there is.",n01575,tb44f31f615c6dac5,MISMATCH,0.113,0.0499
uk,"yes, there is. there is soil too.",n01576,t47b5a991759d2242,same,1.0,
uk,"yes, they are. and they were made in the us.",n01577,ta28870f163971b03,same,1.0,
uk,"yes, we did.",n01578,te1df283f9e74adc0,MISMATCH,0.221,0.0446
uk,yes. i like this pink dress.,n01579,tc0225e4b3747dfde,same,1.0,
uk,yesterday,g6u8e0311,t55c9138db47f35b6,MISMATCH,0.7625,0.0962
uk,"yesterday, today and tomorrow - these are the three days of man.",n01580,t6e79e32b3aa2ff81,same,1.0,
uk,yet,kb0762,t9552107d397822c3,MISMATCH,0.6822,0.1769
uk,yo-yo,ra-g7u4e0374,t9edbbbdd915fe2bd,MISMATCH,0.1771,0.1898
uk,yoga,n01581,tabbfdc356c2f3278,same,1.0,
uk,yogurt,g8u8e0532,t54fe9b5d2578542c,MISMATCH,0.182,0.1248
uk,you,wy-g1u1e0015,t3de52485756e763f,MISMATCH,0.2472,0.0708
uk,you already have too many shorts. let's buy trousers.,n01582,tbb6f6edcc50ff447,same,1.0,
uk,you can keep it.,n01583,t14c55c3d87da21ee,same,1.0,
uk,you can read faster by reading word groups.,n01584,t664f6f00fafdd5ce,same,1.0,
uk,you can save up for it.,n01585,tc53d8ff87a4a4846,same,1.0,
uk,you should try that new ride over there.,n01586,t7d215f2be3bdc366,same,1.0,
uk,"you used to be short, didn’t you?",n01587,ta9744de34c7ae41a,same,1.0,
uk,you'll,g7u2e5300,t93b4f152b69d3731,same,1.0,
uk,you're = you are,wy-g1u9e0103,t057befc06b75e7c4,same,1.0,
uk,you're welcome.,wy-g1u9e0111,tefcbde5b0d657bb6,MISMATCH,0.098,0.0965
uk,young,g5u1e0122,tabe1b3798862b757,same,0.9972,
uk,younger,g6u7e0301,tffdbdb1dcd0ca98a,same,0.9848,
uk,youngster,wy-g8u2e0642,tea3d76d5847835b3,same,0.9978,
uk,your,wy-g1u2e0019,ta2a80a15ad93c361,same,1.0,
uk,your feet are bigger than mine. my shoes are size 37.,n01589,tc28deac301982d3e,same,1.0,
uk,yours,g5u11e0222,tc44a23076b60eafd,MISMATCH,0.1829,0.1014
uk,yourself,kb0763,t2ac88a6f6136be06,MISMATCH,0.1505,0.0646
uk,yourselves,kb0764,t6e2da47958a37599,MISMATCH,0.1222,0.0757
uk,youth,kb0765,t25edee83ad99520f,MISMATCH,0.5025,0.0194
uk,youthful,wy-g7u10e1643,tb0c0f68c44ef583d,same,1.0,
uk,you’re supposed to shake hands.,n01590,t4625ba900b0a4dcb,MISMATCH,0.1099,0.0567
uk,yuan,ox-g2u7e0160,t8a264ed5706469b0,same,1.0,
uk,yummy,n01591,t95a7078d4f1b72c4,same,1.0,
uk,zebra,wy-g3u8e0433,teae8db1b2531d310,same,1.0,
uk,zero,kb0766,tcffd00512737aadc,same,0.9839,
uk,zipper,n01592,tdb63f64ad8b1cd23,MISMATCH,0.2384,0.0802
uk,zoo,wy-g2u6e0186,t25374c046571af0d,same,1.0,
uk,zookeeper,ra-g8u13e1019,t658125a55c1b858a,same,1.0,
